file_name,segment_id,gt_type,gt_color,bbox_x1,bbox_y1,bbox_x2,bbox_y2
00M40S_1678086040_12_jpg.rf.d41881bb5616aa275b1599bf53ebadc5.jpg,1678086040,sweatshirt,black,1,326,790,720
00M40S_1678086040_13_jpg.rf.cbef39b8ff7a6a4cad348d5f934ad75b.jpg,1678086040,sweatshirt,black,0,301,792,720
00M40S_1678086040_14_jpg.rf.519c1c5061e8249f2888767ad2eceed5.jpg,1678086040,sweatshirt,black,17,284,813,720
00M40S_1678086040_16_jpg.rf.a2dab19a13a1257e27f8d69268120bae.jpg,1678086040,sweatshirt,black,15,234,808,567
00M40S_1678086040_17_jpg.rf.1cf16fb37abad76724362c901c1728d9.jpg,1678086040,sweatshirt,black,13,299,808,555
00M40S_1678086040_19_jpg.rf.b77a8a7ad5227a22ad69fabaec8b4363.jpg,1678086040,sweatshirt,black,14,302,807,555
00M40S_1678086040_1_jpg.rf.9f85fcf47569a5e1a6d41718b27ecf2a.jpg,1678086040,sweatshirt,black,20,278,811,720
00M40S_1678086040_21_jpg.rf.8c96f3a8fa9c82892f8947dd3a6d858d.jpg,1678086040,sweatshirt,black,1,304,806,556
00M40S_1678086040_22_jpg.rf.54d5f7dbb3d14a68fde4f8dfff87cc2e.jpg,1678086040,sweatshirt,black,0,297,806,557
00M40S_1678086040_23_jpg.rf.b44f1a411e61607b8d87b4373633c56f.jpg,1678086040,sweatshirt,black,0,303,791,549
00M40S_1678086040_25_jpg.rf.98a6e41f786de2b3370682435cdab9e8.jpg,1678086040,sweatshirt,black,197,1,441,391
00M40S_1678086040_27_jpg.rf.0078acd64faf9f390e42461834b2087e.jpg,1678086040,sweatshirt,black,56,199,680,348
00M40S_1678086040_29_jpg.rf.d5c37172a6092ea6d8739f3ca3e79fee.jpg,1678086040,sweatshirt,black,37,292,808,650
00M40S_1678086040_2_jpg.rf.b597faad6e346b7af70bb3d4893523b0.jpg,1678086040,sweatshirt,black,10,300,502,720
00M40S_1678086040_30_jpg.rf.82bb503c1a744623ca51c0dea16ee4f7.jpg,1678086040,sweatshirt,black,37,298,805,651
00M40S_1678086040_32_jpg.rf.933b546dac806f85d82b4db96074ba7e.jpg,1678086040,sweatshirt,black,26,277,798,651
00M40S_1678086040_33_jpg.rf.291e8aef3c531928d7b7aee102899d13.jpg,1678086040,sweatshirt,black,15,297,987,655
00M40S_1678086040_37_jpg.rf.06f2fa4a5d2dd46c51a7a6ad8d5f9423.jpg,1678086040,sweatshirt,black,734,160,1128,451
00M40S_1678086040_38_jpg.rf.ce09cb6539eab6e3d340878f8d759356.jpg,1678086040,sweatshirt,black,952,318,1268,517
00M40S_1678086040_3_jpg.rf.ceb98b4213a8d7f90350246358da2750.jpg,1678086040,sweatshirt,black,9,305,601,719
00M40S_1678086040_42_jpg.rf.b04a7929a20be728096d9650c0ddeb6f.jpg,1678086040,sweatshirt,black,0,4,625,493
00M40S_1678086040_44_jpg.rf.a3ec480da6552a1d8cdb713daad8a667.jpg,1678086040,sweatshirt,black,0,353,524,719
00M40S_1678086040_45_jpg.rf.7234a51d950f516a1113e0c08dc2fb36.jpg,1678086040,sweatshirt,black,18,316,588,720
00M40S_1678086040_46_jpg.rf.9ae2ba01e7dfefb1f6cd1c2ac3ba6bd0.jpg,1678086040,sweatshirt,black,15,306,501,720
00M40S_1678086040_47_jpg.rf.40175473ee2f0c4c106c2259f335451e.jpg,1678086040,sweatshirt,black,10,308,446,720
00M40S_1678086040_4_jpg.rf.1adead048ac73c8de3f58117fb696f4b.jpg,1678086040,sweatshirt,black,9,132,502,720
00M40S_1678086040_5_jpg.rf.0f77f224f0a15616a7f99355a6d3078b.jpg,1678086040,sweatshirt,black,63,0,619,636
00M40S_1678086040_9_jpg.rf.21b1884665c640a29cce0f6dd72a6098.jpg,1678086040,sweatshirt,black,0,312,839,720
00M40S_1678089640_10_jpg.rf.fe752c16c8d8d31e93ac24a340fcd6df.jpg,1678089640,sweatshirt,black,0,274,745,593
00M40S_1678089640_12_jpg.rf.e3187239e09f97535b564b34c759859e.jpg,1678089640,sweatshirt,black,0,285,748,569
00M40S_1678089640_13_jpg.rf.c8ee3c1d853adcb4e878d0a684043be0.jpg,1678089640,sweatshirt,black,0,249,828,720
00M40S_1678089640_14_jpg.rf.75eb760083a9000999cbda359c142ceb.jpg,1678089640,sweatshirt,black,0,330,804,720
00M40S_1678089640_15_jpg.rf.ee444614957ce9ca5f3dea3415c84a4c.jpg,1678089640,sweatshirt,black,0,295,805,720
00M40S_1678089640_16_jpg.rf.e1419348bd18e7fa010d87f51bd6cbf4.jpg,1678089640,sweatshirt,black,0,303,806,719
00M40S_1678089640_17_jpg.rf.b4f263abe3350a93801af177e019877c.jpg,1678089640,sweatshirt,black,0,282,690,717
00M40S_1678089640_18_jpg.rf.6997da7e6c2f946f8f601174173ea76f.jpg,1678089640,sweatshirt,black,2,301,805,720
00M40S_1678089640_19_jpg.rf.fa7764f5bbe7666f33744856769de8a5.jpg,1678089640,sweatshirt,black,0,303,806,719
00M40S_1678089640_1_jpg.rf.30cc83308a75571403c3602510ff6308.jpg,1678089640,sweatshirt,black,0,286,726,591
00M40S_1678089640_20_jpg.rf.0d8ffa8457b8aa64e8a94fdf470d8804.jpg,1678089640,sweatshirt,black,0,308,806,720
00M40S_1678089640_21_jpg.rf.64baa0d632ff578beda77defe2198210.jpg,1678089640,sweatshirt,black,0,286,696,642
00M40S_1678089640_22_jpg.rf.5940e02971bfd10607b9c5caffc22b29.jpg,1678089640,sweatshirt,black,0,278,812,567
00M40S_1678089640_23_jpg.rf.35f53ae69e76d1d650397af455ee1321.jpg,1678089640,sweatshirt,black,0,284,698,636
00M40S_1678089640_24_jpg.rf.172add0a84b1c96e3aeef6f48f3df150.jpg,1678089640,sweatshirt,black,0,299,811,581
00M40S_1678089640_25_jpg.rf.e2ba088894470d1eac93595bea90dcc3.jpg,1678089640,sweatshirt,black,0,299,812,577
00M40S_1678089640_30_jpg.rf.6f28752f66c119cd46f165560b491223.jpg,1678089640,sweatshirt,black,0,299,812,571
00M40S_1678089640_31_jpg.rf.65610ff789529f4f5e8c09be2e486043.jpg,1678089640,sweatshirt,black,0,134,599,537
00M40S_1678089640_33_jpg.rf.d84bc3fdd57afcda5ec291e436453efb.jpg,1678089640,sweatshirt,black,146,0,532,304
00M40S_1678089640_36_jpg.rf.8f12f67a5587053d262ea42dc74c58eb.jpg,1678089640,sweatshirt,black,0,288,852,710
00M40S_1678089640_3_jpg.rf.3ab31328cdb15526d334a0c429d922bd.jpg,1678089640,sweatshirt,black,0,298,849,680
00M40S_1678089640_5_jpg.rf.d4e2452e0d64c1265c75247e39fe8399.jpg,1678089640,sweatshirt,black,0,300,626,678
00M40S_1678089640_6_jpg.rf.211f504502b3f4d7b49ce655b562d9f1.jpg,1678089640,sweatshirt,black,0,297,649,676
00M40S_1678089640_9_jpg.rf.6d9208a4f100b6592fa60fe40b83d903.jpg,1678089640,sweatshirt,black,0,267,713,594
00M49S_1678366849_11_jpg.rf.1b6237a3798b8d12935ffbcbd1318f1b.jpg,1678366849,tshirt,white,383,178,994,390
00M49S_1678366849_12_jpg.rf.c977822cc2fd3dad191722cf2358bcab.jpg,1678366849,tshirt,white,546,217,990,468
00M49S_1678366849_13_jpg.rf.a574b2cd9ec62195738cc2c29e2c959f.jpg,1678366849,tshirt,white,482,0,1055,415
00M49S_1678366849_14_jpg.rf.4dc7f22801a201701d2a4c50eb820ef8.jpg,1678366849,tshirt,white,420,218,1056,669
00M49S_1678366849_15_jpg.rf.3d66075350f671703306581d295e94b1.jpg,1678366849,tshirt,white,418,176,1054,646
00M49S_1678366849_18_jpg.rf.c5ac5331ca2142742bac80634612e254.jpg,1678366849,tshirt,white,388,0,1019,520
00M49S_1678366849_24_jpg.rf.6a97cf8d960c7a48913db570f5fca47e.jpg,1678366849,tshirt,white,409,190,983,684
00M49S_1678366849_25_jpg.rf.82b5df896ab2b2173d80755de8c6e65d.jpg,1678366849,tshirt,white,408,191,984,684
00M49S_1678366849_26_jpg.rf.e8a6a6ab57bec0cf1012e304d4dccc15.jpg,1678366849,tshirt,white,405,193,986,685
00M49S_1678366849_27_jpg.rf.1c755fd51c9750b345419865e291c711.jpg,1678366849,tshirt,white,409,191,985,682
00M49S_1678366849_2_jpg.rf.8b4b3707301ebe2f97ab579800df5159.jpg,1678366849,tshirt,white,531,0,716,184
00M49S_1678366849_31_jpg.rf.e426c89e11c8423b79861134034a10d4.jpg,1678366849,tshirt,white,444,182,1004,400
00M49S_1678366849_33_jpg.rf.0b46a1207ff695c4a7e89d20a4d31af7.jpg,1678366849,tshirt,white,439,180,1004,401
00M49S_1678366849_34_jpg.rf.8a864eb3fc3c2b92b374f7cb80a55045.jpg,1678366849,tshirt,white,443,181,1005,402
00M49S_1678366849_37_jpg.rf.58ad2e9e9528e77ca9ea24e48475165a.jpg,1678366849,tshirt,white,437,180,1002,403
00M49S_1678366849_39_jpg.rf.c79122bc7af730f465cf48c24593c684.jpg,1678366849,tshirt,white,404,169,1003,401
00M49S_1678366849_3_jpg.rf.89498105b32ec7c582d4cb0a3a54ad02.jpg,1678366849,tshirt,white,378,180,1002,396
00M49S_1678366849_4_jpg.rf.e5c81a0a698b9bbca40dd65d9ac86622.jpg,1678366849,tshirt,white,381,174,1003,398
00M49S_1678366849_5_jpg.rf.b4560d23fd5fe0aae0954ed33cf21478.jpg,1678366849,tshirt,white,381,179,992,395
00M49S_1678366849_8_jpg.rf.b5a932fc5bdddcb1f5b848bd878ddabb.jpg,1678366849,tshirt,white,380,177,993,392
00M52S_1678168852_0_jpg.rf.ee81334b513572b3f85b494b31ebfbb2.jpg,1678168852,sweatshirt,pink,0,275,752,594
00M52S_1678168852_10_jpg.rf.997bde66713b06a9e649331764b556a5.jpg,1678168852,sweatshirt,pink,0,275,768,572
00M52S_1678168852_12_jpg.rf.c6807d5f2b365645f97c5b0a170ecb5d.jpg,1678168852,sweatshirt,pink,0,278,749,572
00M52S_1678168852_13_jpg.rf.8741a3987c7b52f05ad3df7b9627c701.jpg,1678168852,sweatshirt,pink,2,293,755,584
00M52S_1678168852_14_jpg.rf.4cd5ab2d1dbe1e6332f10191daaa3fb1.jpg,1678168852,sweatshirt,pink,0,273,770,573
00M52S_1678168852_17_jpg.rf.17be3b3554582c661a10f58c79a7733c.jpg,1678168852,sweatshirt,pink,4,271,766,581
00M52S_1678168852_19_jpg.rf.7d5feb55556250eddb0a331c37d22b85.jpg,1678168852,sweatshirt,pink,0,257,766,569
00M52S_1678168852_22_jpg.rf.1a4effb6dc4687a05df420b438a4234b.jpg,1678168852,sweatshirt,pink,0,280,813,720
00M52S_1678168852_23_jpg.rf.619eaa226c36e17010da7f6a20b8af5d.jpg,1678168852,sweatshirt,pink,0,281,818,720
00M52S_1678168852_26_jpg.rf.cd792ef8e7982e7d4f88a6abde02649e.jpg,1678168852,sweatshirt,pink,0,274,812,720
00M52S_1678168852_28_jpg.rf.fcd3aad1c28ad8f8bcb8d36524e76202.jpg,1678168852,sweatshirt,pink,0,281,810,720
00M52S_1678168852_29_jpg.rf.d3fc23457cf14589d4b95540cf28698b.jpg,1678168852,sweatshirt,pink,0,288,814,720
00M52S_1678168852_2_jpg.rf.3a4a89611059b31b5367fbc778a38f26.jpg,1678168852,sweatshirt,pink,266,287,760,575
00M52S_1678168852_30_jpg.rf.befe5adfd723da7be5a2608c4cafe2da.jpg,1678168852,sweatshirt,pink,0,285,811,720
00M52S_1678168852_31_jpg.rf.ad180b9e8bdda90132362802f57d4971.jpg,1678168852,sweatshirt,pink,0,287,811,719
00M52S_1678168852_34_jpg.rf.1c243ff78230d9a32d98f071d173b10a.jpg,1678168852,sweatshirt,pink,0,282,811,720
00M52S_1678168852_36_jpg.rf.27600eb0e12cb4fbf7e0882a27af4736.jpg,1678168852,sweatshirt,pink,0,298,833,610
00M52S_1678168852_37_jpg.rf.a7cac61d0f2b0a80d72c401b3897d00b.jpg,1678168852,sweatshirt,pink,0,304,834,608
00M52S_1678168852_38_jpg.rf.ea7345ed55a86867186cc747fbdc03db.jpg,1678168852,sweatshirt,pink,0,306,834,606
00M52S_1678168852_39_jpg.rf.e0e0c880d0e0970c10bf4e9a4b79a17a.jpg,1678168852,sweatshirt,pink,0,276,745,577
00M52S_1678168852_40_jpg.rf.54afdbebac5dcb378eeed4c9b5d3c5d1.jpg,1678168852,sweatshirt,pink,0,299,833,610
00M52S_1678168852_42_jpg.rf.77d943c20d26b56aee92fcd204c8b596.jpg,1678168852,sweatshirt,pink,0,300,833,612
00M52S_1678168852_45_jpg.rf.e4c9af000cfa77a8c72dfca698a0939d.jpg,1678168852,sweatshirt,pink,0,303,838,609
00M52S_1678168852_49_jpg.rf.7af8c319cefa0fa5034972c31e90eef9.jpg,1678168852,sweatshirt,pink,0,139,710,613
00M52S_1678168852_50_jpg.rf.b47de7a1af2bf3d16a42db4f48aae7c0.jpg,1678168852,sweatshirt,pink,100,0,455,528
00M52S_1678168852_52_jpg.rf.910f4751f3ff2186bcb638f98d1e12b0.jpg,1678168852,sweatshirt,pink,152,0,757,246
00M52S_1678168852_53_jpg.rf.eda83db0adf1628ac3438950e49ea67c.jpg,1678168852,sweatshirt,pink,15,279,787,707
00M52S_1678168852_56_jpg.rf.5166e6bc9a176f48e91c19a99a8c287c.jpg,1678168852,sweatshirt,pink,288,301,761,577
00M52S_1678168852_6_jpg.rf.7aad7fb9baa6d60951982438cd704103.jpg,1678168852,sweatshirt,pink,0,274,743,578
00M52S_1678168852_8_jpg.rf.3a2c68f478e095c35f4b005ec8656972.jpg,1678168852,sweatshirt,pink,0,269,738,590
00M52S_1678168852_9_jpg.rf.3155138db664d0bedfe1ef573e3c4b78.jpg,1678168852,sweatshirt,pink,0,275,770,570
00M52S_1678172452_12_jpg.rf.85fab332bd381ecfb51b8decb505ddc4.jpg,1678172452,sweatshirt,brown,106,251,692,678
00M52S_1678172452_14_jpg.rf.7182c18199bdb586fb85b24872637536.jpg,1678172452,sweatshirt,brown,105,252,677,680
00M52S_1678172452_17_jpg.rf.54f9bd3954a2890577695544433b1da5.jpg,1678172452,sweatshirt,brown,15,313,765,719
00M52S_1678172452_19_jpg.rf.55739dd07cca9042d1eb9d94ecfc352b.jpg,1678172452,sweatshirt,brown,15,308,715,720
00M52S_1678172452_1_jpg.rf.fcc01b66f8e59889cc4774d7dd19fe5b.jpg,1678172452,sweatshirt,brown,0,288,728,597
00M52S_1678172452_20_jpg.rf.e7239e66d7e837c764d7ffac1cd5e573.jpg,1678172452,sweatshirt,brown,15,310,718,720
00M52S_1678172452_23_jpg.rf.ab5271234f3c3765611dff1bddf4e48e.jpg,1678172452,sweatshirt,brown,15,292,725,720
00M52S_1678172452_25_jpg.rf.d471a5c2b6e20be55e7299d3823a85fd.jpg,1678172452,sweatshirt,brown,20,55,730,616
00M52S_1678172452_28_jpg.rf.741a3ff33815618d52073896168ba894.jpg,1678172452,sweatshirt,brown,0,356,650,720
00M52S_1678172452_2_jpg.rf.b0e8c2a20c89d28703e83746a1855e13.jpg,1678172452,sweatshirt,brown,0,280,742,600
00M52S_1678172452_30_jpg.rf.c2d2d8e53eca6859039db424b42ce536.jpg,1678172452,sweatshirt,brown,0,321,600,720
00M52S_1678172452_34_jpg.rf.597bbf0c35e2935326e56930c70e0d75.jpg,1678172452,sweatshirt,brown,0,321,631,720
00M52S_1678172452_38_jpg.rf.e6427ada33e057380031b2d0fcdb3124.jpg,1678172452,sweatshirt,brown,67,291,762,719
00M52S_1678172452_41_jpg.rf.3eb64cae07aa35a7209f4bace1415cfe.jpg,1678172452,sweatshirt,brown,130,290,762,720
00M52S_1678172452_42_jpg.rf.d29446ae8e7c508b429ab1f5439a644d.jpg,1678172452,sweatshirt,brown,141,285,762,720
00M52S_1678172452_44_jpg.rf.155ab4270dad53984a7e24d11fc8100e.jpg,1678172452,sweatshirt,brown,0,274,668,720
00M52S_1678176052_0_jpg.rf.16a4687e99db6356e58da37389ec1652.jpg,1678176052,tshirt,white,0,300,629,720
00M52S_1678176052_13_jpg.rf.007cd2d8833babb203789e3f08bba7b5.jpg,1678176052,tshirt,white,0,299,632,719
00M52S_1678176052_14_jpg.rf.35fd61020489ca8d8976d49fb74b9ed9.jpg,1678176052,tshirt,white,0,302,631,720
00M52S_1678176052_16_jpg.rf.e91cf032099e7ffdbe51bcbe13a87578.jpg,1678176052,tshirt,white,0,303,632,719
00M52S_1678176052_18_jpg.rf.fcfe9c094823376bbb75e6744811c569.jpg,1678176052,tshirt,white,0,301,631,720
00M52S_1678176052_1_jpg.rf.04f3e470fe9ceeca4f6756e06ef92a49.jpg,1678176052,tshirt,white,0,300,633,720
00M52S_1678176052_21_jpg.rf.1f9f3b0bc4c4a4a9402eee54ed4e87a0.jpg,1678176052,tshirt,white,0,303,629,719
00M52S_1678176052_22_jpg.rf.a70e4f491b5ddf4befd6335d5979c208.jpg,1678176052,tshirt,white,0,302,630,720
00M52S_1678176052_26_jpg.rf.75d27936f80b65c36366d817555264f7.jpg,1678176052,tshirt,white,0,304,631,719
00M52S_1678176052_27_jpg.rf.5457bf1879fc4d9013518a6476dca04a.jpg,1678176052,tshirt,white,99,303,714,547
00M52S_1678176052_28_jpg.rf.f77f0fccf842c6524e948a315a254bb0.jpg,1678176052,tshirt,white,101,305,714,543
00M52S_1678176052_2_jpg.rf.9307deabf69ea528e9a49d30310a692d.jpg,1678176052,tshirt,white,0,295,630,719
00M52S_1678176052_31_jpg.rf.3f46c88282144c025398feb109054f6d.jpg,1678176052,tshirt,white,97,307,715,538
00M52S_1678176052_35_jpg.rf.15e32b2333389fea701b10f8babc7c9c.jpg,1678176052,tshirt,white,97,302,718,542
00M52S_1678176052_36_jpg.rf.15ce0d6f8e9e896939ae4a2796b43e66.jpg,1678176052,tshirt,white,98,305,718,544
00M52S_1678176052_38_jpg.rf.13107616594f9760c8db2d7b9d0cd497.jpg,1678176052,tshirt,white,96,300,725,544
00M52S_1678176052_39_jpg.rf.b325c9bbe097df59a86d17156400c966.jpg,1678176052,tshirt,white,97,307,722,540
00M52S_1678176052_3_jpg.rf.798634c1e739f11333672a11c0dfc771.jpg,1678176052,tshirt,white,64,299,744,535
00M52S_1678176052_40_jpg.rf.daf04b2fa05e3a74880240aadb761250.jpg,1678176052,tshirt,white,63,303,724,541
00M52S_1678176052_41_jpg.rf.027fd9158e15f81d7154e8993af9fa7e.jpg,1678176052,tshirt,white,65,302,681,541
00M52S_1678176052_4_jpg.rf.7076527251721c88fa73597404bec61c.jpg,1678176052,tshirt,white,66,301,741,536
00M52S_1678176052_5_jpg.rf.3dab94be315edb074aa001f8ed1ffb88.jpg,1678176052,tshirt,white,64,302,743,536
00M52S_1678176052_6_jpg.rf.9efae89faee8c46f533d41faa6c10eb9.jpg,1678176052,tshirt,white,64,301,739,540
00M52S_1678176052_7_jpg.rf.138956335b054219a8595adadc7f4b7b.jpg,1678176052,tshirt,white,0,308,634,720
00M52S_1678176052_8_jpg.rf.c3968aabbf5bb1135ee207f884ddbbcd.jpg,1678176052,tshirt,white,64,303,738,535
00M52S_1678183252_0_jpg.rf.76a1b05cdddb5c38c8d33cd4c08b2d45.jpg,1678183252,tshirt,white,150,305,743,516
00M52S_1678183252_10_jpg.rf.2eb7fb825e832fdc3421763d6291bd94.jpg,1678183252,tshirt,white,141,290,671,448
00M52S_1678183252_11_jpg.rf.750a53cb91bae9e79bdd87babe9f545b.jpg,1678183252,tshirt,white,139,290,670,446
00M52S_1678183252_13_jpg.rf.fcf2fa25946bf0ff86e7f1f321c1e39f.jpg,1678183252,tshirt,white,177,202,702,452
00M52S_1678183252_15_jpg.rf.7bd78705f7870dccb2d83ea2ec1ac665.jpg,1678183252,tshirt,white,263,245,756,541
00M52S_1678183252_1_jpg.rf.dbe3c6bfc5063a9ddf52a99c158b236b.jpg,1678183252,tshirt,white,152,303,671,517
00M52S_1678183252_23_jpg.rf.2b93427cd9fcaa70402b667de91dcdd7.jpg,1678183252,tshirt,white,291,0,510,310
00M52S_1678183252_25_jpg.rf.0c77c243c7281e2694f3b3a45eb1972d.jpg,1678183252,tshirt,white,27,126,619,294
00M52S_1678183252_26_jpg.rf.e385c2cf88ee2900f7f76de2d916a0ed.jpg,1678183252,tshirt,white,0,125,575,720
00M52S_1678183252_27_jpg.rf.66c160fdd7f551627cc24200ed803ac5.jpg,1678183252,tshirt,white,61,320,669,720
00M52S_1678183252_28_jpg.rf.780e659d196c8192062e0351374d35c8.jpg,1678183252,tshirt,white,61,323,680,719
00M52S_1678183252_2_jpg.rf.967e1039a1bbfbec5ec80efcce2e86bf.jpg,1678183252,tshirt,white,150,300,731,514
00M52S_1678183252_31_jpg.rf.7e44dd0786382e0048c0f133667cf353.jpg,1678183252,tshirt,white,61,315,672,719
00M52S_1678183252_33_jpg.rf.538c706e5fc7b154105db5c1e5b74cee.jpg,1678183252,tshirt,white,63,314,678,719
00M52S_1678183252_34_jpg.rf.baf0b47160171268845d1f31854d1c09.jpg,1678183252,tshirt,white,152,303,732,511
00M52S_1678183252_36_jpg.rf.e70addfc28692429f74b7d58740d0007.jpg,1678183252,tshirt,white,63,315,681,720
00M52S_1678183252_37_jpg.rf.a47155869f2d5d01ecee656e5ca83cd1.jpg,1678183252,tshirt,white,62,315,678,720
00M52S_1678183252_40_jpg.rf.b6ac1a4ebfcc87b89a33c2887620f793.jpg,1678183252,tshirt,white,118,246,672,564
00M52S_1678183252_41_jpg.rf.e55be6d562af8dc6f0ffc7a145ffffd8.jpg,1678183252,tshirt,white,155,304,671,447
00M52S_1678183252_44_jpg.rf.37fffab455a4f0bc3cde007ef86781ce.jpg,1678183252,tshirt,white,150,301,672,457
00M52S_1678183252_45_jpg.rf.73b52434b7b06e9b79559694eaef7688.jpg,1678183252,tshirt,white,153,296,669,454
00M52S_1678183252_46_jpg.rf.5e9c8bdd31b3917d4267b7e2900c34ac.jpg,1678183252,tshirt,white,150,301,672,459
00M52S_1678183252_9_jpg.rf.c06119145988af4e34eeb104e26150a5.jpg,1678183252,tshirt,white,136,281,678,451
00M52S_1678186852_0_jpg.rf.13fc3e7cabf5bed15c1b301cbd44f1d5.jpg,1678186852,tshirt,nude,36,313,699,719
00M52S_1678186852_12_jpg.rf.403ea7477fea728bf0d4299ea3ee8124.jpg,1678186852,tshirt,nude,0,48,746,337
00M52S_1678186852_14_jpg.rf.c3219fe724e9b72b424c576a8e4b4295.jpg,1678186852,tshirt,nude,14,269,634,720
00M52S_1678186852_15_jpg.rf.a8a9d67fce397df0de5a8eb8d1a5754e.jpg,1678186852,tshirt,nude,10,308,636,720
00M52S_1678186852_17_jpg.rf.1b38e0198b31d61e58308b6cbbfbdb58.jpg,1678186852,tshirt,nude,31,318,705,720
00M52S_1678186852_19_jpg.rf.56058baae404ddb126919ceac3ee0653.jpg,1678186852,tshirt,nude,31,318,709,720
00M52S_1678186852_1_jpg.rf.4e143fe925ab1663aaeaf873a30effe0.jpg,1678186852,tshirt,nude,31,313,707,719
00M52S_1678186852_20_jpg.rf.de9e0bee613a8d60a0cfc831cce50a74.jpg,1678186852,tshirt,nude,26,316,707,720
00M52S_1678186852_21_jpg.rf.875ab9d0be56f447c55863ff78085494.jpg,1678186852,tshirt,nude,28,318,707,720
00M52S_1678186852_22_jpg.rf.703df5181306e2db0e1fdf1066ebbf08.jpg,1678186852,tshirt,nude,26,315,711,720
00M52S_1678186852_23_jpg.rf.fc93b4b8de745dfd626ab42f350dfd41.jpg,1678186852,tshirt,nude,29,315,711,720
00M52S_1678186852_24_jpg.rf.382626ff3379ab1f87896a869e4e25cc.jpg,1678186852,tshirt,nude,28,319,708,719
00M52S_1678186852_25_jpg.rf.7f6f4d2956022d6de7a77db566372319.jpg,1678186852,tshirt,nude,28,321,707,720
00M52S_1678186852_26_jpg.rf.c404a92a6107980878cc37fb0d2a4af7.jpg,1678186852,tshirt,nude,113,304,745,554
00M52S_1678186852_27_jpg.rf.2ae71f324adaf05ab128ed96e66e9784.jpg,1678186852,tshirt,nude,116,304,747,555
00M52S_1678186852_28_jpg.rf.b55886f3f0dc18b791a7e2829bda414c.jpg,1678186852,tshirt,nude,113,301,748,581
00M52S_1678186852_30_jpg.rf.c4ef5b1aee942aeb4e788e7d77a19706.jpg,1678186852,tshirt,nude,111,302,747,562
00M52S_1678186852_31_jpg.rf.707c1d8199ec4d94fd7a9969d0a17c7e.jpg,1678186852,tshirt,nude,109,302,749,570
00M52S_1678186852_32_jpg.rf.991f7f1db9a8b5b52996a58acecfc9a4.jpg,1678186852,tshirt,nude,110,303,750,567
00M52S_1678186852_33_jpg.rf.08720c30c16de4355593e7c2440bbe2c.jpg,1678186852,tshirt,nude,112,302,748,580
00M52S_1678186852_34_jpg.rf.0fae919a406b6195132a19873fd05da6.jpg,1678186852,tshirt,nude,107,304,745,565
00M52S_1678186852_35_jpg.rf.e3566c7f37334ed4e76a43eb18ed3379.jpg,1678186852,tshirt,nude,114,302,746,564
00M52S_1678186852_37_jpg.rf.644aafc4301d36bdb7de53d2a6ae8102.jpg,1678186852,tshirt,nude,111,305,752,565
00M52S_1678186852_38_jpg.rf.7f8d64d2a6d7e3621c2b36e4d7c877e3.jpg,1678186852,tshirt,nude,112,302,748,565
00M52S_1678186852_40_jpg.rf.4a4d53b89026ae7b29b78dfe45b4ac70.jpg,1678186852,tshirt,nude,111,306,751,562
00M52S_1678186852_41_jpg.rf.86f1b75e3e56a90e82e801214a18054f.jpg,1678186852,tshirt,nude,110,303,748,562
00M52S_1678186852_42_jpg.rf.c2f9b12a549f89758acca79a65f1cfd6.jpg,1678186852,tshirt,nude,111,301,751,564
00M52S_1678186852_43_jpg.rf.489eb3db45f73b7b662fa6dfd3e95ab2.jpg,1678186852,tshirt,nude,113,303,749,563
00M52S_1678186852_48_jpg.rf.677f664a58705a432acc5bda393b0c9f.jpg,1678186852,tshirt,nude,78,301,750,559
00M52S_1678186852_49_jpg.rf.6a247e5fa586fde97093b02f8ed49483.jpg,1678186852,tshirt,nude,28,312,712,720
00M52S_1678186852_4_jpg.rf.18303aa7a3fbfd6bd7849e88915b2e83.jpg,1678186852,tshirt,nude,1,34,120,305
00M52S_1678186852_52_jpg.rf.5b5c1b79d62ee1cb59e3f0a3e0445608.jpg,1678186852,tshirt,nude,79,302,791,554
00M52S_1678186852_53_jpg.rf.58a8c81801eea25811d5ebac417f1ebc.jpg,1678186852,tshirt,nude,79,301,789,553
00M52S_1678186852_54_jpg.rf.1b259ab7cc4952760783037f0cd9ab23.jpg,1678186852,tshirt,nude,81,298,794,556
00M52S_1678186852_56_jpg.rf.4fcff5812b246ca6263557428196f9f5.jpg,1678186852,tshirt,nude,26,217,742,627
00M52S_1678186852_57_jpg.rf.b6b42356e30a1b0881ed75c23701b400.jpg,1678186852,tshirt,nude,124,187,749,562
00M52S_1678186852_5_jpg.rf.babe789edbddd3884ac03006208aa748.jpg,1678186852,tshirt,nude,106,0,338,309
00M52S_1678186852_61_jpg.rf.861e18129950cca23c4e438533aea915.jpg,1678186852,tshirt,nude,837,144,1142,539
00M52S_1678186852_6_jpg.rf.9ec7eb36c4d49737885c71966a810097.jpg,1678186852,tshirt,nude,200,0,458,309
00M52S_1678186852_8_jpg.rf.b9cb218c18fe05d9b3d556594b8bada3.jpg,1678186852,tshirt,nude,28,315,708,720
00M52S_1678186852_9_jpg.rf.be337f892ab94d2ba101851df0cbee9d.jpg,1678186852,tshirt,nude,199,0,469,306
00M52S_1678190452_11_jpg.rf.05858b4eb0255d3c2e531d0d8f2d73f9.jpg,1678190452,tshirt,nude,62,302,593,720
00M52S_1678190452_12_jpg.rf.e2e2ba4a9ca8850bde8e647f7053e61b.jpg,1678190452,tshirt,nude,61,300,594,720
00M52S_1678190452_13_jpg.rf.aa9ff228d4b84a72e56055b9210ca6cb.jpg,1678190452,tshirt,nude,57,308,596,720
00M52S_1678190452_15_jpg.rf.15ec3e4cfd3669ffc2a4b63dbd205663.jpg,1678190452,tshirt,nude,62,301,597,720
00M52S_1678190452_18_jpg.rf.31ec86225fb59d3812070a23a667bd07.jpg,1678190452,tshirt,nude,36,336,584,720
00M52S_1678190452_1_jpg.rf.d1a10d3c242f79be7a0fedef51a5020f.jpg,1678190452,tshirt,nude,35,333,595,719
00M52S_1678190452_20_jpg.rf.eed6f03cf0df079f67be20f0d02a420c.jpg,1678190452,tshirt,nude,44,306,593,720
00M52S_1678190452_21_jpg.rf.09f0a1c6ac6aaee2f5dd72af1b78a5fe.jpg,1678190452,tshirt,nude,46,303,594,719
00M52S_1678190452_22_jpg.rf.dc0f4d5954f1f6c64ad19e3e7322ae75.jpg,1678190452,tshirt,nude,46,301,596,720
00M52S_1678190452_24_jpg.rf.4f4797faa3e69be2878b2fed1ca032a6.jpg,1678190452,tshirt,nude,44,299,594,720
00M52S_1678190452_26_jpg.rf.a070d897ad2d9661c9acea69ca22ae60.jpg,1678190452,tshirt,nude,46,299,598,719
00M52S_1678190452_27_jpg.rf.e4f3ff83ce9abd1438e7d3dffa396c21.jpg,1678190452,tshirt,nude,46,309,600,720
00M52S_1678190452_28_jpg.rf.797c4ce15c6299fcdb718c3e52581e71.jpg,1678190452,tshirt,nude,45,306,600,720
00M52S_1678190452_29_jpg.rf.67e037b5ff77586bfe0e476774abc1ca.jpg,1678190452,tshirt,nude,46,313,596,719
00M52S_1678190452_2_jpg.rf.3119c25a1cdbc3e45d8667b7daf54b78.jpg,1678190452,tshirt,nude,701,286,897,720
00M52S_1678190452_31_jpg.rf.0ddbb8e01ca3360d10bfad965d186b3e.jpg,1678190452,tshirt,nude,44,304,597,719
00M52S_1678190452_34_jpg.rf.4cf8313ec0ffc96c8cadb63900e41f4f.jpg,1678190452,tshirt,nude,43,303,597,719
00M52S_1678190452_35_jpg.rf.5855727c5eecd4efd0b7b79e66aac593.jpg,1678190452,tshirt,nude,43,305,595,720
00M52S_1678190452_36_jpg.rf.37acee6e97b9b6a49941e1255bad824b.jpg,1678190452,tshirt,nude,146,303,651,566
00M52S_1678190452_37_jpg.rf.613abea0eac601e1ce0914dd60e5479f.jpg,1678190452,tshirt,nude,148,303,610,564
00M52S_1678190452_38_jpg.rf.7454d4d59175f1e01f5059d19fbb64db.jpg,1678190452,tshirt,nude,312,0,647,310
00M52S_1678190452_39_jpg.rf.3a94cc2deee0c7b8255c939aae43ea66.jpg,1678190452,tshirt,nude,169,303,650,570
00M52S_1678190452_40_jpg.rf.e2285ec7e68b3016152cbedaf85fc7d8.jpg,1678190452,tshirt,nude,157,306,651,571
00M52S_1678190452_42_jpg.rf.c13d40f01114b7d9a182db8d00ee20f9.jpg,1678190452,tshirt,nude,147,306,651,570
00M52S_1678190452_43_jpg.rf.684df6b44516cacdc18c7cbc62a7aceb.jpg,1678190452,tshirt,nude,147,305,652,573
00M52S_1678190452_44_jpg.rf.d9d5da6dd73ae32e2e93309890d5c670.jpg,1678190452,tshirt,nude,152,304,651,583
00M52S_1678190452_45_jpg.rf.6658669a0cacff5073b5c037120b98af.jpg,1678190452,tshirt,nude,147,305,650,575
00M52S_1678190452_46_jpg.rf.d5a3315e3c33f3f58c03c68626215f31.jpg,1678190452,tshirt,nude,147,305,639,574
00M52S_1678190452_47_jpg.rf.2687edb8648b404788b56e365cc2c223.jpg,1678190452,tshirt,nude,143,300,646,574
00M52S_1678190452_48_jpg.rf.01dd33333904ad9102c29265956cd77d.jpg,1678190452,tshirt,nude,0,0,638,578
00M52S_1678190452_49_jpg.rf.64fd40c90153de093e098ad279de8d54.jpg,1678190452,tshirt,nude,122,305,650,568
00M52S_1678190452_50_jpg.rf.6b355839190ab00ce0478ba00d67f84c.jpg,1678190452,tshirt,nude,126,303,650,569
00M52S_1678190452_51_jpg.rf.41d5f0b7cb8fb7aca19c813f30f50d6e.jpg,1678190452,tshirt,nude,126,303,640,569
00M52S_1678190452_52_jpg.rf.1b28820058b83e8887b800e9e6f18d53.jpg,1678190452,tshirt,nude,122,302,666,571
00M52S_1678190452_53_jpg.rf.80cb67671e8062d800fd2835cea9be27.jpg,1678190452,tshirt,nude,124,303,686,549
00M52S_1678190452_54_jpg.rf.5131fb5bad58625ffe9b6a10bff6f6f5.jpg,1678190452,tshirt,nude,19,238,543,720
00M52S_1678190452_55_jpg.rf.0797a0be371246981ac2975cad733aa9.jpg,1678190452,tshirt,nude,125,297,687,553
00M52S_1678190452_56_jpg.rf.1a9dd133fa645a56b07c58a6fc357483.jpg,1678190452,tshirt,nude,124,305,688,553
00M52S_1678190452_60_jpg.rf.d50fc7d3c4fb8d4b2f68702dabd64821.jpg,1678190452,tshirt,nude,121,301,690,557
00M52S_1678190452_63_jpg.rf.6d83b87c9608bf8ce398dd76a9b8a6f4.jpg,1678190452,tshirt,nude,719,253,874,719
00M52S_1678190452_8_jpg.rf.56b980d4e85dd95869cfad2ce8198ace.jpg,1678190452,tshirt,nude,0,3,550,719
01M40S_1678082500_0_jpg.rf.38d31c364c20fb20caa8be272aba7843.jpg,1678082500,sweatshirt,brown,0,268,749,596
01M40S_1678082500_10_jpg.rf.0dc1eba05c0066a67cb2104b89adefa2.jpg,1678082500,sweatshirt,brown,30,260,551,621
01M40S_1678082500_11_jpg.rf.70cd9df69ec206dd85d938bc97966a9c.jpg,1678082500,sweatshirt,brown,3,213,785,618
01M40S_1678082500_12_jpg.rf.96358e13b4d1a58f718b4c381270013b.jpg,1678082500,sweatshirt,brown,1,269,432,621
01M40S_1678082500_13_jpg.rf.04251014d7fdd4311451990161d9fb3b.jpg,1678082500,sweatshirt,brown,0,249,516,572
01M40S_1678082500_14_jpg.rf.b7604768a5bb1dd4806f66092298afaf.jpg,1678082500,sweatshirt,brown,0,274,526,536
01M40S_1678082500_15_jpg.rf.2950b090bce3b61ca448dbfc94aed652.jpg,1678082500,sweatshirt,brown,0,276,536,538
01M40S_1678082500_16_jpg.rf.72dade4177e55914f5789a6da4c1e5b9.jpg,1678082500,sweatshirt,brown,84,181,536,537
01M40S_1678082500_17_jpg.rf.d3deb5fbb7f2a83938e18d6d2abe1057.jpg,1678082500,sweatshirt,brown,92,271,534,539
01M40S_1678082500_18_jpg.rf.409136fffb7f8b958a6a6e2a86beec6f.jpg,1678082500,sweatshirt,brown,71,230,536,539
01M40S_1678082500_19_jpg.rf.ec20d077bd07d0754e53cc1687d9f4da.jpg,1678082500,sweatshirt,brown,84,287,529,539
01M40S_1678082500_20_jpg.rf.e1387ae1145cb494d0fa04717b3bee6b.jpg,1678082500,sweatshirt,brown,289,131,711,471
01M40S_1678082500_26_jpg.rf.5e867b07bf5c1b911aed745e56a6132a.jpg,1678082500,sweatshirt,brown,0,308,756,720
01M40S_1678082500_27_jpg.rf.16a09a0e63921f559e2b86bcd6e91a06.jpg,1678082500,sweatshirt,brown,0,336,796,720
01M40S_1678082500_2_jpg.rf.458271b9800f889d453092c08ab75b67.jpg,1678082500,sweatshirt,brown,111,284,701,719
01M40S_1678082500_30_jpg.rf.efd7211ebf678cf698e8cdef30cc63a1.jpg,1678082500,sweatshirt,brown,0,291,750,719
01M40S_1678082500_31_jpg.rf.e798b9c069d866481ccc1c6c21067e2c.jpg,1678082500,sweatshirt,brown,0,287,750,719
01M40S_1678082500_32_jpg.rf.b6b70d15a1ca2795267d1654ab82021c.jpg,1678082500,sweatshirt,brown,0,294,758,719
01M40S_1678082500_34_jpg.rf.7a4701e8b601312047b64054cc92de48.jpg,1678082500,sweatshirt,brown,0,92,755,720
01M40S_1678082500_35_jpg.rf.45f9de74aafe10cd3fce5ec28982d3e2.jpg,1678082500,sweatshirt,brown,74,2,674,455
01M40S_1678082500_36_jpg.rf.ca1786ea9c62fe48f9a961aff1e8e9d5.jpg,1678082500,sweatshirt,brown,362,4,766,214
01M40S_1678082500_40_jpg.rf.33d5614d28e5b9e428cc16eeeac192ec.jpg,1678082500,sweatshirt,brown,0,278,458,720
01M40S_1678082500_42_jpg.rf.76edd010c725b1fb6fd4b3282a879d71.jpg,1678082500,sweatshirt,brown,0,278,436,720
01M40S_1678082500_43_jpg.rf.f73b8303e9bc79ab084b870b15a09d44.jpg,1678082500,sweatshirt,brown,0,284,489,719
01M40S_1678082500_45_jpg.rf.7ba3a610355f5cea2789be25b7495eb7.jpg,1678082500,sweatshirt,brown,0,278,700,720
01M40S_1678082500_4_jpg.rf.d5e334ded8fb2fd957b2f5bcd70859a7.jpg,1678082500,sweatshirt,brown,0,271,746,592
01M40S_1678082500_5_jpg.rf.b90e44620c0d0eed2145a02e2155f9dc.jpg,1678082500,sweatshirt,brown,94,262,699,720
01M40S_1678082500_6_jpg.rf.df08aa0beb974b6b4db82ebbefa38a63.jpg,1678082500,sweatshirt,brown,0,108,505,504
01M40S_1678082500_7_jpg.rf.51d4edc82252a0f985997f45784d5757.jpg,1678082500,sweatshirt,brown,2,0,318,450
01M40S_1678086100_10_jpg.rf.96c3717c88c30067aa22a1f6b1230ace.jpg,1678086100,sweatshirt,black,148,2,731,268
01M40S_1678086100_11_jpg.rf.7dc8d62a2740e4a26459fcd71de60a87.jpg,1678086100,sweatshirt,black,74,290,663,634
01M40S_1678086100_12_jpg.rf.31d15f035f09788499b4dcdd41c5e176.jpg,1678086100,sweatshirt,black,0,257,672,635
01M40S_1678086100_13_jpg.rf.8bfa0d7e1b9ba83c1124ce1c294a8100.jpg,1678086100,sweatshirt,black,0,202,586,637
01M40S_1678086100_15_jpg.rf.e50e8e6f2c4dc97bcd3336a34a7552cc.jpg,1678086100,sweatshirt,black,181,293,796,719
01M40S_1678086100_16_jpg.rf.3ee56c794515a261161c70bb18d9940b.jpg,1678086100,sweatshirt,black,187,293,798,719
01M40S_1678086100_17_jpg.rf.68fc2d56df937529da171d5e35ba5b4f.jpg,1678086100,sweatshirt,black,0,281,799,706
01M40S_1678086100_18_jpg.rf.59c157a664ea08c5dc3fe0dab847c920.jpg,1678086100,sweatshirt,black,0,278,675,638
01M40S_1678086100_19_jpg.rf.a1de50a479e57dd485585f0972241b76.jpg,1678086100,sweatshirt,black,0,263,716,556
01M40S_1678086100_20_jpg.rf.5b582b0eee814fbf595da2def6ab7472.jpg,1678086100,sweatshirt,black,0,281,749,560
01M40S_1678086100_21_jpg.rf.eee982d6ec7211f1b2f4638087d762f4.jpg,1678086100,sweatshirt,black,0,265,748,574
01M40S_1678086100_23_jpg.rf.714cbdfaf189d7fe655dc94aa80e60da.jpg,1678086100,sweatshirt,black,0,323,796,719
01M40S_1678086100_27_jpg.rf.ef50155a86e6be70e09f05bf9e72938b.jpg,1678086100,sweatshirt,black,0,309,795,720
01M40S_1678086100_28_jpg.rf.93da5226cb9b7ea4ad9c2027270c4928.jpg,1678086100,sweatshirt,black,0,277,746,526
01M40S_1678086100_29_jpg.rf.b31377c50a1911ce48b0d038bf77fa84.jpg,1678086100,sweatshirt,black,2,348,757,720
01M40S_1678086100_2_jpg.rf.ebeba26b48d32f3c2836cbfa6d1bf05e.jpg,1678086100,sweatshirt,black,0,297,779,580
01M40S_1678086100_31_jpg.rf.25ef46f36651f915cf72f272e74a08ac.jpg,1678086100,sweatshirt,black,63,306,795,712
01M40S_1678086100_33_jpg.rf.187f83c0ff970ad85ad19fc47c2d3ee2.jpg,1678086100,sweatshirt,black,0,235,760,644
01M40S_1678086100_36_jpg.rf.dde3a544c9b6bd2c6ce4cae763ccb0ea.jpg,1678086100,sweatshirt,black,0,300,782,574
01M40S_1678086100_5_jpg.rf.468a709aeacf0b92a44408d8e9a6f667.jpg,1678086100,sweatshirt,black,0,300,778,575
01M40S_1678086100_6_jpg.rf.1c6680357040433bde4fe939270fc2db.jpg,1678086100,sweatshirt,black,0,151,586,545
01M40S_1678086100_7_jpg.rf.0be1f3fbc45ac9ff7a44fcc804adfc9b.jpg,1678086100,sweatshirt,black,198,310,798,720
01M40S_1678089700_0_jpg.rf.97e78175dcdf02179baf7c4e17cfc40e.jpg,1678089700,sweatshirt,black,157,160,617,550
01M40S_1678089700_10_jpg.rf.bbe57b30c3d6413e0b55e93fd26c36e2.jpg,1678089700,sweatshirt,black,0,0,628,356
01M40S_1678089700_11_jpg.rf.0c4474ed59ce2105d60c105450c8577f.jpg,1678089700,sweatshirt,black,0,69,481,720
01M40S_1678089700_12_jpg.rf.f000e3b30784cd3d392495267eb9b8c2.jpg,1678089700,sweatshirt,black,0,361,580,720
01M40S_1678089700_13_jpg.rf.da679ed05f868e7a38bcd663103a06cd.jpg,1678089700,sweatshirt,black,11,309,619,720
01M40S_1678089700_15_jpg.rf.23cb0dda8910b141da91abcb89b93c63.jpg,1678089700,sweatshirt,black,14,320,555,720
01M40S_1678089700_18_jpg.rf.feba140bf52ba2aeaf96a8295de33265.jpg,1678089700,sweatshirt,black,10,306,568,720
01M40S_1678089700_19_jpg.rf.0a963af841801d88cf9b951f31ac467d.jpg,1678089700,sweatshirt,black,14,121,546,720
01M40S_1678089700_1_jpg.rf.70b938d81fa96ab2c420b04573c40fd3.jpg,1678089700,sweatshirt,black,178,307,620,552
01M40S_1678089700_21_jpg.rf.33329dd36cb5b6f220626ff9f9e9c88e.jpg,1678089700,sweatshirt,black,0,0,842,362
01M40S_1678089700_26_jpg.rf.3ff43cf50e6d4001ac38508f0e8e830e.jpg,1678089700,sweatshirt,black,0,309,763,720
01M40S_1678089700_27_jpg.rf.6e1e6f44c9213abd963a5f886baee8c1.jpg,1678089700,sweatshirt,black,0,322,770,720
01M40S_1678089700_28_jpg.rf.cb5a731cb903a06b406efc80a187b524.jpg,1678089700,sweatshirt,black,1049,124,1280,375
01M40S_1678089700_29_jpg.rf.a447cccd5d029088c8a24837b78cad86.jpg,1678089700,sweatshirt,black,0,321,779,720
01M40S_1678089700_30_jpg.rf.d20e36ede5634dc21c5c4c61e7cb0099.jpg,1678089700,sweatshirt,black,0,319,775,720
01M40S_1678089700_31_jpg.rf.c5bec379701e0e33b7849e1c3cfdf238.jpg,1678089700,sweatshirt,black,0,266,784,720
01M40S_1678089700_32_jpg.rf.1d8a0340bb0ed44dcd138a32286445b4.jpg,1678089700,sweatshirt,black,0,294,788,719
01M40S_1678089700_33_jpg.rf.06164af0c83794fe02e8b93d755ab9e0.jpg,1678089700,sweatshirt,black,72,308,785,720
01M40S_1678089700_34_jpg.rf.f76d5e093f60bd4679b7d4f059872e86.jpg,1678089700,sweatshirt,black,104,276,784,720
01M40S_1678089700_35_jpg.rf.8fd8835934f434e722348ba27455224a.jpg,1678089700,sweatshirt,black,190,292,790,720
01M40S_1678089700_37_jpg.rf.280352e8f19a7fb91a147608e23f34df.jpg,1678089700,sweatshirt,black,148,286,784,720
01M40S_1678089700_39_jpg.rf.f44dd3bb8dd4de9875e6cf4e3a9dc02a.jpg,1678089700,sweatshirt,black,129,283,785,719
01M40S_1678089700_40_jpg.rf.1a54e5864e13d639b742ef67dcb9ea6b.jpg,1678089700,sweatshirt,black,0,271,693,669
01M40S_1678089700_41_jpg.rf.e348781cd10634799321ed540287f97d.jpg,1678089700,sweatshirt,black,0,273,705,675
01M40S_1678089700_44_jpg.rf.f4edf330e8f1f314866f8d35603ca1e1.jpg,1678089700,sweatshirt,black,0,258,691,580
01M40S_1678089700_6_jpg.rf.35a76ea8b1f5cd6f81a254dce702b9c9.jpg,1678089700,sweatshirt,black,0,285,778,537
01M40S_1678089700_8_jpg.rf.85e3912e82e497291e7cccc22f4c2ca2.jpg,1678089700,sweatshirt,black,142,0,305,234
01M49S_1678366909_10_jpg.rf.7bc2dac82a3a124124d137106511de50.jpg,1678366909,tshirt,white,392,114,962,378
01M49S_1678366909_1_jpg.rf.3f2ab2be4ad2192d169bcf080ef01cc4.jpg,1678366909,tshirt,white,417,66,930,255
01M52S_1678172512_0_jpg.rf.f891d2342b0f992b6f0dd2961524c500.jpg,1678172512,sweatshirt,brown,0,276,773,590
01M52S_1678172512_10_jpg.rf.0227d21c6a5dc83eed4a0052bddda63a.jpg,1678172512,sweatshirt,brown,0,292,739,720
01M52S_1678172512_14_jpg.rf.9827f1981dab10d385046e0a150a9ddc.jpg,1678172512,sweatshirt,brown,0,0,816,542
01M52S_1678172512_15_jpg.rf.4233b4cbae953a548415bc73578a00d0.jpg,1678172512,sweatshirt,brown,18,363,799,719
01M52S_1678172512_18_jpg.rf.56967b79b5340eff851521f702a655df.jpg,1678172512,sweatshirt,brown,23,286,798,720
01M52S_1678172512_19_jpg.rf.6bd1e271366a324478636caba3604cce.jpg,1678172512,sweatshirt,brown,22,285,798,720
01M52S_1678172512_1_jpg.rf.4a1442df1ba7991ef55598e3e96e65f3.jpg,1678172512,sweatshirt,brown,0,285,729,586
01M52S_1678172512_20_jpg.rf.20298280ed77a7a75658328c0bf7765f.jpg,1678172512,sweatshirt,brown,19,286,797,720
01M52S_1678172512_23_jpg.rf.7b9c7d839af21fb1ecc3b4888bd2a7c3.jpg,1678172512,sweatshirt,brown,0,291,801,720
01M52S_1678172512_24_jpg.rf.72cdca56181e7c15e80083f7e498aaa9.jpg,1678172512,sweatshirt,brown,0,294,796,719
01M52S_1678172512_25_jpg.rf.97e26b13194c01eacb5e4ae30a6a0f77.jpg,1678172512,sweatshirt,brown,0,292,799,720
01M52S_1678172512_26_jpg.rf.7e606e4391a9d34931969a9c0582eed2.jpg,1678172512,sweatshirt,brown,0,298,799,720
01M52S_1678172512_30_jpg.rf.da492e35dff1ed888104b8c5dc9b619f.jpg,1678172512,sweatshirt,brown,0,299,798,567
01M52S_1678172512_31_jpg.rf.d4a2302c1b6dc842cb77f271a7a5ba19.jpg,1678172512,sweatshirt,brown,0,297,798,567
01M52S_1678172512_32_jpg.rf.32ac1b70744f3c7c994ba914ad182d19.jpg,1678172512,sweatshirt,brown,0,300,802,570
01M52S_1678172512_33_jpg.rf.cbeaa64e0d6e2b73b2b5571c7fa1b0b5.jpg,1678172512,sweatshirt,brown,0,302,802,565
01M52S_1678172512_35_jpg.rf.3d674ec6b2d5601e9903f03ce43d7d7d.jpg,1678172512,sweatshirt,brown,0,302,801,577
01M52S_1678172512_37_jpg.rf.2b17ed9f52b11826be896e75e869085e.jpg,1678172512,sweatshirt,brown,0,280,791,585
01M52S_1678172512_38_jpg.rf.e3a477c67a81dacd95ac66f3dc765c9a.jpg,1678172512,sweatshirt,brown,0,301,800,570
01M52S_1678172512_39_jpg.rf.ede72cad0af4f7aa3c7590a05908035d.jpg,1678172512,sweatshirt,brown,0,248,798,564
01M52S_1678172512_40_jpg.rf.151ef1621030a52313d5612aad7ad351.jpg,1678172512,sweatshirt,brown,0,87,512,567
01M52S_1678172512_42_jpg.rf.5ee29007b3f8b8421a63a4aab96e1c12.jpg,1678172512,sweatshirt,brown,242,0,685,198
01M52S_1678172512_43_jpg.rf.d349b4be4344a18de3e9c77865f2c1bb.jpg,1678172512,sweatshirt,brown,63,70,761,268
01M52S_1678172512_45_jpg.rf.48c09860d204a71337bc0ea2fcd550a5.jpg,1678172512,sweatshirt,brown,11,296,665,682
01M52S_1678172512_46_jpg.rf.d2f3555e63aff2215e10a18c1fc7f87b.jpg,1678172512,sweatshirt,brown,86,303,795,571
01M52S_1678172512_47_jpg.rf.03f910f6176ffa498b606aa25d3f20d9.jpg,1678172512,sweatshirt,brown,324,301,797,573
01M52S_1678172512_49_jpg.rf.99413f3d48ae062af25e6a5c1fa6a3b5.jpg,1678172512,sweatshirt,brown,321,304,795,576
01M52S_1678172512_50_jpg.rf.a065b29d72ce6678731a1f64bdd13b7e.jpg,1678172512,sweatshirt,brown,322,150,796,573
01M52S_1678172512_51_jpg.rf.6eaaae6913559b998ce149809b1bd53b.jpg,1678172512,sweatshirt,brown,336,211,934,556
01M52S_1678172512_55_jpg.rf.1746e123a960d24c89b59c6e721282ae.jpg,1678172512,sweatshirt,brown,361,277,719,697
01M52S_1678172512_56_jpg.rf.c142ad99317d966de3bc4491cfeebbac.jpg,1678172512,sweatshirt,brown,461,174,1110,578
01M52S_1678172512_58_jpg.rf.2113f4fff64dd90445da0216d3f5aa5e.jpg,1678172512,sweatshirt,brown,840,390,1175,586
01M52S_1678172512_62_jpg.rf.63440df96709c727408e48dcacdfb80f.jpg,1678172512,sweatshirt,brown,0,198,753,720
01M52S_1678176112_0_jpg.rf.3c4bc88d99f6c216a3a3078cb6907583.jpg,1678176112,tshirt,white,391,1,775,392
01M52S_1678176112_10_jpg.rf.b8bd95debf89643a1221dbf6dc58d95d.jpg,1678176112,tshirt,white,73,306,716,564
01M52S_1678176112_11_jpg.rf.dab0b2813ec50f32e00edc367db872e7.jpg,1678176112,tshirt,white,77,298,752,559
01M52S_1678176112_15_jpg.rf.e24bdcdfb7569e21ea136daeb97eca5b.jpg,1678176112,tshirt,white,194,0,645,309
01M52S_1678176112_16_jpg.rf.70633dd2a18a381c263a09729b2936f8.jpg,1678176112,tshirt,white,0,36,683,280
01M52S_1678176112_17_jpg.rf.57d7dc5953808cf4c78850e73f1481e0.jpg,1678176112,tshirt,white,0,15,554,720
01M52S_1678176112_19_jpg.rf.da5e5355cb6c205032df609f834a2c65.jpg,1678176112,tshirt,white,864,57,1147,385
01M52S_1678176112_20_jpg.rf.62cd58e7b2d59b53f782bebb07fc6bb2.jpg,1678176112,tshirt,white,0,302,586,720
01M52S_1678176112_25_jpg.rf.e1cf9fcafa9a22b6f668ec7fb1dcda0d.jpg,1678176112,tshirt,white,0,301,593,720
01M52S_1678176112_28_jpg.rf.620bc07864ba531863181aa70be080e6.jpg,1678176112,tshirt,white,0,300,596,720
01M52S_1678176112_31_jpg.rf.c5f43b680855b7f97a057f900f01d7a2.jpg,1678176112,tshirt,white,0,298,595,720
01M52S_1678176112_39_jpg.rf.88481ac1534caab162a0f897c02b1e45.jpg,1678176112,tshirt,white,0,300,595,720
01M52S_1678176112_40_jpg.rf.0b13b7dbb291324efa51aafe8faec8dd.jpg,1678176112,tshirt,white,0,302,592,720
01M52S_1678176112_42_jpg.rf.b0a7a61f8f8d0865c6f7591fd242820f.jpg,1678176112,tshirt,white,0,314,601,719
01M52S_1678176112_44_jpg.rf.6646f36601ea23e63f905fea843365c1.jpg,1678176112,tshirt,white,77,211,690,579
01M52S_1678176112_48_jpg.rf.1120be0905c39d7fa94217768db1e2a0.jpg,1678176112,tshirt,white,83,304,701,562
01M52S_1678176112_52_jpg.rf.1d506b719e94acec60737e14a93e69fb.jpg,1678176112,tshirt,white,81,301,703,570
01M52S_1678176112_54_jpg.rf.d6c958e224e5a30f272868aadc38f071.jpg,1678176112,tshirt,white,82,306,705,571
01M52S_1678176112_55_jpg.rf.38bff21fcf3afc30840ba6dc16330e42.jpg,1678176112,tshirt,white,83,306,704,567
01M52S_1678176112_8_jpg.rf.a187db76a596662e9de55ccc06348038.jpg,1678176112,tshirt,white,75,303,702,563
01M52S_1678176112_9_jpg.rf.dea2051dc3969a98b87060c62c2b8a02.jpg,1678176112,tshirt,white,75,304,688,564
01M52S_1678183312_0_jpg.rf.fedd34b306ee21af143e4f1c8be95ec8.jpg,1678183312,tshirt,white,135,288,681,454
01M52S_1678183312_11_jpg.rf.a58ac801d2c5a3dedcac4ff0d2c9a5bd.jpg,1678183312,tshirt,white,161,306,659,515
01M52S_1678183312_14_jpg.rf.8ebd482eb1b5b6242e32275013e7c862.jpg,1678183312,tshirt,white,141,307,705,513
01M52S_1678183312_15_jpg.rf.c8840f20c356e4b2e41e400c3819b6a5.jpg,1678183312,tshirt,white,148,303,708,511
01M52S_1678183312_17_jpg.rf.7474b39ebd6b735e23e1444df5a14a69.jpg,1678183312,tshirt,white,127,305,690,506
01M52S_1678183312_21_jpg.rf.fc1f0f87cd3249b8667e320d093526f7.jpg,1678183312,tshirt,white,138,290,687,451
01M52S_1678183312_35_jpg.rf.1823683928df2c09943dc581c85cb911.jpg,1678183312,tshirt,white,58,299,620,720
01M52S_1678183312_39_jpg.rf.892477f48d4e24b51c6b011135707f3b.jpg,1678183312,tshirt,white,77,313,669,719
01M52S_1678183312_3_jpg.rf.e6bfc07744a2c10671a19c062eabb7ab.jpg,1678183312,tshirt,white,161,306,706,518
01M52S_1678183312_40_jpg.rf.de57e802c7973b18a9a0d064731a6512.jpg,1678183312,tshirt,white,77,323,659,719
01M52S_1678183312_44_jpg.rf.759f5627beb5a385afdffead189647ba.jpg,1678183312,tshirt,white,76,319,664,719
01M52S_1678183312_47_jpg.rf.2b8be290fdea355d05bea40991ecea73.jpg,1678183312,tshirt,white,74,316,663,720
01M52S_1678183312_49_jpg.rf.dbb68e567d3055946e2e7b78656806c9.jpg,1678183312,tshirt,white,78,322,664,720
01M52S_1678183312_4_jpg.rf.cf57b05e795cc5db46349c1b41374963.jpg,1678183312,tshirt,white,161,303,704,511
01M52S_1678183312_58_jpg.rf.f0a57884abb907b1350610a461ca5e7f.jpg,1678183312,tshirt,white,162,303,700,506
01M52S_1678183312_59_jpg.rf.1f4241e2cf49891d090fec88fa3aa433.jpg,1678183312,tshirt,white,161,303,709,515
01M52S_1678183312_5_jpg.rf.c326e6a525f8c18d5b0cb2b6c109d963.jpg,1678183312,tshirt,white,161,303,707,509
01M52S_1678183312_6_jpg.rf.ea4d2790750182857254f63ad8d44fd2.jpg,1678183312,tshirt,white,160,304,708,518
01M52S_1678186912_0_jpg.rf.e733b38b06adb4b32eefef0a0b51ddbe.jpg,1678186912,tshirt,nude,5,312,643,720
01M52S_1678186912_12_jpg.rf.d0b82c5011ff393b036c40125a20af42.jpg,1678186912,tshirt,nude,0,302,646,720
01M52S_1678186912_16_jpg.rf.9fd9158593b4d6f95dc954558860e38e.jpg,1678186912,tshirt,nude,5,305,644,720
01M52S_1678186912_18_jpg.rf.d1a7062775c55c48111d7d9939c9c475.jpg,1678186912,tshirt,nude,4,306,644,720
01M52S_1678186912_19_jpg.rf.ef9e7c7c233c046e617894616f212892.jpg,1678186912,tshirt,nude,5,300,644,720
01M52S_1678186912_22_jpg.rf.f9213ab2290660a19649d7016972f19d.jpg,1678186912,tshirt,nude,4,310,646,720
01M52S_1678186912_24_jpg.rf.0d1bbcd249cb397899b7d5d3764a580d.jpg,1678186912,tshirt,nude,5,311,648,720
01M52S_1678186912_25_jpg.rf.217c6a99aca43024b25cf11ba1f8808e.jpg,1678186912,tshirt,nude,5,309,646,720
01M52S_1678186912_26_jpg.rf.412f7c9fbf30c457c7df4b8dfca85c90.jpg,1678186912,tshirt,nude,3,311,649,720
01M52S_1678186912_2_jpg.rf.c14b470f35aab41936474eb3a88911b7.jpg,1678186912,tshirt,nude,5,305,643,720
01M52S_1678186912_34_jpg.rf.dd80d2e771e6cdf5aec8c15aa438a741.jpg,1678186912,tshirt,nude,69,303,739,586
01M52S_1678186912_35_jpg.rf.1bf3df90676621ebb8f1b45965789808.jpg,1678186912,tshirt,nude,76,304,737,586
01M52S_1678186912_39_jpg.rf.d8eadac0fcfa5e47bd92d35d72ffd717.jpg,1678186912,tshirt,nude,75,302,741,590
01M52S_1678186912_43_jpg.rf.18476497b6f4263e915058ac908297bd.jpg,1678186912,tshirt,nude,73,303,748,595
01M52S_1678186912_44_jpg.rf.d9ed5b18492e5d16fb58135163360d9a.jpg,1678186912,tshirt,nude,73,301,748,593
01M52S_1678186912_45_jpg.rf.46e7e4b0eda91dbfa518f0fb5c915c9b.jpg,1678186912,tshirt,nude,91,305,745,593
01M52S_1678186912_50_jpg.rf.2ad8f98380d56e324352fcbeb3aedb37.jpg,1678186912,tshirt,nude,67,306,750,594
01M52S_1678186912_51_jpg.rf.69b58c470f808acb3b18f1d6d2e44ce0.jpg,1678186912,tshirt,nude,67,304,761,596
01M52S_1678186912_52_jpg.rf.bcdf894d1dccdfe8e19d3b484c942a6a.jpg,1678186912,tshirt,nude,69,303,803,591
01M52S_1678186912_54_jpg.rf.019a2c9ecd559c367fcdb05aed27ecc6.jpg,1678186912,tshirt,nude,2,308,644,720
01M52S_1678186912_55_jpg.rf.ffe557e59c8e8e17717fa5a5e54211b7.jpg,1678186912,tshirt,nude,66,301,764,592
01M52S_1678186912_59_jpg.rf.08e210ef22c6c7c5f4aa401bed414ae8.jpg,1678186912,tshirt,nude,67,299,787,589
01M52S_1678186912_61_jpg.rf.7ce7acbc109092018db3c0b85c6aee52.jpg,1678186912,tshirt,nude,70,301,785,589
01M52S_1678186912_62_jpg.rf.c047acc0b0a085e233e15a5d05790291.jpg,1678186912,tshirt,nude,6,302,647,720
01M52S_1678186912_63_jpg.rf.37341b9ce7ce04467b2a707ef9267a94.jpg,1678186912,tshirt,nude,26,220,686,402
01M52S_1678186912_67_jpg.rf.37529218d986b73f9951fbb31ee9a3ee.jpg,1678186912,tshirt,nude,749,0,984,356
01M52S_1678190512_0_jpg.rf.4bef259e5445405a5fd8540afd824c6c.jpg,1678190512,tshirt,nude,62,302,595,720
01M52S_1678190512_13_jpg.rf.71d642f3f5b88f06ccefa52f08ef2743.jpg,1678190512,tshirt,nude,203,182,751,595
01M52S_1678190512_19_jpg.rf.73e92aa006b8de3cf0c2f55141d46882.jpg,1678190512,tshirt,nude,151,303,633,539
01M52S_1678190512_21_jpg.rf.d9ac752e4861b622e19687d800dccef0.jpg,1678190512,tshirt,nude,61,310,599,720
01M52S_1678190512_24_jpg.rf.66f466e35354902e8a3afcbffe18c747.jpg,1678190512,tshirt,nude,145,303,637,541
01M52S_1678190512_25_jpg.rf.c8384d4a13b2e7320bfba1ddfe205fcb.jpg,1678190512,tshirt,nude,141,304,632,555
01M52S_1678190512_27_jpg.rf.92030d73a6b0deed30f569329320b523.jpg,1678190512,tshirt,nude,138,303,605,545
01M52S_1678190512_28_jpg.rf.9b6ea905a4b6b15e294cadc41e4d08a0.jpg,1678190512,tshirt,nude,141,302,633,545
01M52S_1678190512_30_jpg.rf.9f836adab039b356fe73003f45e66d8f.jpg,1678190512,tshirt,nude,61,303,596,719
01M52S_1678190512_31_jpg.rf.4f6bd53c4488263ae81cae8e049f5a9e.jpg,1678190512,tshirt,nude,113,304,634,545
01M52S_1678190512_32_jpg.rf.c2ce7a46081c37183add5f794288dcc5.jpg,1678190512,tshirt,nude,109,302,633,542
01M52S_1678190512_34_jpg.rf.30c70d39c73600d4876305321d292426.jpg,1678190512,tshirt,nude,113,304,657,534
01M52S_1678190512_35_jpg.rf.23c3a60c90cfa94a541bf22edf606406.jpg,1678190512,tshirt,nude,112,306,650,525
01M52S_1678190512_36_jpg.rf.ad00576157413c765480f4469e084333.jpg,1678190512,tshirt,nude,111,304,667,524
01M52S_1678190512_38_jpg.rf.c147c602b42f00ead8219ff259dbba12.jpg,1678190512,tshirt,nude,110,305,665,527
01M52S_1678190512_39_jpg.rf.3e2627aa0a2a3a746c21fbefb4c9faef.jpg,1678190512,tshirt,nude,113,300,666,522
01M52S_1678190512_3_jpg.rf.28bcd43c5a426237541bd58403eaca8c.jpg,1678190512,tshirt,nude,71,301,654,720
01M52S_1678190512_40_jpg.rf.dfd41fbda55255c3a62a0ca9bb156260.jpg,1678190512,tshirt,nude,102,148,628,386
01M52S_1678190512_41_jpg.rf.17ae10018cd829dec529b9487e267aa3.jpg,1678190512,tshirt,nude,17,190,635,609
01M52S_1678190512_42_jpg.rf.69fc9e4283843f43be8aedf34db8c7a2.jpg,1678190512,tshirt,nude,173,198,661,493
01M52S_1678190512_46_jpg.rf.5f55ebc377616d857019bb1df26aef70.jpg,1678190512,tshirt,nude,828,0,1063,324
01M52S_1678190512_58_jpg.rf.9f04b9c2cda40eb96a55e2a2630f683d.jpg,1678190512,tshirt,nude,71,308,656,720
01M52S_1678190512_59_jpg.rf.df23a5d3dd99eaba2036057838cd97e0.jpg,1678190512,tshirt,nude,77,306,651,720
01M52S_1678190512_5_jpg.rf.d0538f6c205a3df39b08965a37c3aaf6.jpg,1678190512,tshirt,nude,72,299,652,719
01M52S_1678190512_60_jpg.rf.1b1198d0ef997ba4e0e011e7f06fc537.jpg,1678190512,tshirt,nude,66,311,656,720
01M52S_1678190512_63_jpg.rf.6b1b90ff79e77ec60e8d6e42bdee7c08.jpg,1678190512,tshirt,nude,74,304,652,720
01M52S_1678190512_6_jpg.rf.465990f804721e4e318034061ac24b14.jpg,1678190512,tshirt,nude,73,300,655,720
01M52S_1678190512_7_jpg.rf.a05020e6bdb76bb68e49f7388da5d781.jpg,1678190512,tshirt,nude,68,303,656,719
01M52S_1678190512_8_jpg.rf.fc338b20b145eae41975d501ab14624e.jpg,1678190512,tshirt,nude,71,296,654,720
02M40S_1678082560_12_jpg.rf.0b0484bb4f001cdad9c938ccc792151b.jpg,1678082560,sweatshirt,brown,0,244,674,532
02M40S_1678082560_15_jpg.rf.90d5fe5e40e4d5434594b0d089f26a0e.jpg,1678082560,sweatshirt,brown,0,247,676,533
02M40S_1678082560_16_jpg.rf.1491b031b3de6621f07fd59fe5472e2e.jpg,1678082560,sweatshirt,brown,0,232,686,528
02M40S_1678082560_17_jpg.rf.826b1923fc60e97e0a0a47acc910f96f.jpg,1678082560,sweatshirt,brown,0,244,699,528
02M40S_1678082560_1_jpg.rf.a0fb869a349e67064354766d5ed47991.jpg,1678082560,sweatshirt,brown,0,261,658,539
02M40S_1678082560_20_jpg.rf.3901b646b07277594ef0e4ab2838ca55.jpg,1678082560,sweatshirt,brown,0,248,681,487
02M40S_1678082560_21_jpg.rf.0895d828aae392497e4ad762fbb2ca8c.jpg,1678082560,sweatshirt,brown,0,322,711,720
02M40S_1678082560_22_jpg.rf.eff8fe8279043749392bca9a44da52f3.jpg,1678082560,sweatshirt,brown,0,285,708,720
02M40S_1678082560_23_jpg.rf.35ec8f96a739c1fa04cd41c2cde17cf1.jpg,1678082560,sweatshirt,brown,0,275,705,720
02M40S_1678082560_24_jpg.rf.cd76ae7dd449570a170a0263f8173a07.jpg,1678082560,sweatshirt,brown,0,277,624,719
02M40S_1678082560_25_jpg.rf.2784896d51164c44f3fa0b4f0ed50816.jpg,1678082560,sweatshirt,brown,0,274,708,719
02M40S_1678082560_26_jpg.rf.8d3bf9b2ff82780e5835799371342032.jpg,1678082560,sweatshirt,brown,0,275,708,720
02M40S_1678082560_27_jpg.rf.de05708ca2d9ba734d17719c6cfd3c7e.jpg,1678082560,sweatshirt,brown,0,276,706,720
02M40S_1678082560_28_jpg.rf.14e5ca191c5bd194e5684e82bdc28069.jpg,1678082560,sweatshirt,brown,0,266,518,720
02M40S_1678082560_29_jpg.rf.3b1279a0ebfed83f0370ac4167d7e098.jpg,1678082560,sweatshirt,brown,0,276,706,720
02M40S_1678082560_30_jpg.rf.954f1f43612742c18d34a52dcfcde624.jpg,1678082560,sweatshirt,brown,0,272,704,720
02M40S_1678082560_31_jpg.rf.628a743273daaef78049d8da2906f919.jpg,1678082560,sweatshirt,brown,0,273,705,719
02M40S_1678082560_32_jpg.rf.9b9881cd96279bfc6bcb9aad4c30fbd4.jpg,1678082560,sweatshirt,brown,0,270,703,720
02M40S_1678082560_33_jpg.rf.f318c004ef43e1b16ed3815579aa7459.jpg,1678082560,sweatshirt,brown,0,263,516,719
02M40S_1678082560_34_jpg.rf.1da2c334fb5c478777cc7ae318d292c9.jpg,1678082560,sweatshirt,brown,0,276,710,720
02M40S_1678082560_35_jpg.rf.4c90b5e8af581da89b470ea4387438ac.jpg,1678082560,sweatshirt,brown,0,272,704,720
02M40S_1678082560_38_jpg.rf.e121e281e79c93a5fa1cc08a41d03b99.jpg,1678082560,sweatshirt,brown,0,274,696,600
02M40S_1678082560_39_jpg.rf.ef4ede66e54ceca05f3cfeaaa4732a97.jpg,1678082560,sweatshirt,brown,0,276,698,602
02M40S_1678082560_3_jpg.rf.010444188a0cc794abc7c5bd30fe6e12.jpg,1678082560,sweatshirt,brown,102,239,547,543
02M40S_1678082560_40_jpg.rf.b59af40311f1d95df9d20989be441575.jpg,1678082560,sweatshirt,brown,0,277,696,602
02M40S_1678082560_41_jpg.rf.86c3c181f89edc9d85c8ffad6646c928.jpg,1678082560,sweatshirt,brown,0,273,700,605
02M40S_1678082560_42_jpg.rf.2b1ee1c225839fcd93138e8e96d510e4.jpg,1678082560,sweatshirt,brown,0,277,698,602
02M40S_1678082560_47_jpg.rf.cd0dfeba9125c456e9d599391e013b31.jpg,1678082560,sweatshirt,brown,0,274,662,629
02M40S_1678082560_48_jpg.rf.847a787b6be5849efa65f5fc0348c705.jpg,1678082560,sweatshirt,brown,0,275,661,633
02M40S_1678082560_49_jpg.rf.43ebf70d88de1f502f28da5ef7919735.jpg,1678082560,sweatshirt,brown,0,227,662,628
02M40S_1678082560_4_jpg.rf.088b4251517a41d91522b29efe4c820d.jpg,1678082560,sweatshirt,brown,0,278,551,547
02M40S_1678082560_50_jpg.rf.db99e09a69b9df18e670320b35ca4029.jpg,1678082560,sweatshirt,brown,0,275,500,636
02M40S_1678082560_51_jpg.rf.a49db78c8de2be29e03807f83f671667.jpg,1678082560,sweatshirt,brown,0,273,494,623
02M40S_1678082560_5_jpg.rf.68e2faedb4c98e2dc8234941da0f1f58.jpg,1678082560,sweatshirt,brown,0,276,550,548
02M40S_1678082560_6_jpg.rf.03e2248c0106a9022ef833d142ae4259.jpg,1678082560,sweatshirt,brown,0,278,552,544
02M40S_1678082560_9_jpg.rf.847469567c1a5ab6920e7ef35ff1647b.jpg,1678082560,sweatshirt,brown,89,287,547,539
02M40S_1678086160_10_jpg.rf.7c34ee201710b9196c5027d7ee2f52fd.jpg,1678086160,sweatshirt,black,241,195,724,466
02M40S_1678086160_11_jpg.rf.5e41f55b4e906f7ab3a0b912851907d1.jpg,1678086160,sweatshirt,black,870,166,1248,401
02M40S_1678086160_13_jpg.rf.9f066a0d28c40c49c81e5fb0a6baa143.jpg,1678086160,sweatshirt,black,0,180,262,309
02M40S_1678086160_17_jpg.rf.8765a9d594869f5b9d08e9ce570c1328.jpg,1678086160,sweatshirt,black,0,153,604,719
02M40S_1678086160_1_jpg.rf.8056deadb471754602dd773532192135.jpg,1678086160,sweatshirt,black,0,300,587,635
02M40S_1678086160_21_jpg.rf.942c1baaa2e42739a5dc41c47ee4c1b2.jpg,1678086160,sweatshirt,black,20,320,491,720
02M40S_1678086160_25_jpg.rf.fb0e4b636b9e4a4144c3c3e13561b8e7.jpg,1678086160,sweatshirt,black,354,0,769,356
02M40S_1678086160_26_jpg.rf.33be563847b8ce20a750975062b13f38.jpg,1678086160,sweatshirt,black,87,0,781,551
02M40S_1678086160_30_jpg.rf.6f5825627b82d400b14b94b8b6e4577d.jpg,1678086160,sweatshirt,black,0,313,644,719
02M40S_1678086160_31_jpg.rf.68b3b2ca437c90273571fe726cf81b98.jpg,1678086160,sweatshirt,black,0,289,639,719
02M40S_1678086160_32_jpg.rf.a7e6dbc13100820752a9895d2f2c812a.jpg,1678086160,sweatshirt,black,26,298,800,720
02M40S_1678086160_33_jpg.rf.466409b93d59952df4a0e159040c8bf3.jpg,1678086160,sweatshirt,black,0,302,800,720
02M40S_1678086160_34_jpg.rf.d2d9297744375401a77564f7795cae3e.jpg,1678086160,sweatshirt,black,87,280,797,720
02M40S_1678086160_35_jpg.rf.003dbc6ea4cd3e2c269744d3a44945f9.jpg,1678086160,sweatshirt,black,132,280,798,720
02M40S_1678086160_36_jpg.rf.f93771cbc0a3ef42837497e40fa2b233.jpg,1678086160,sweatshirt,black,241,293,804,719
02M40S_1678086160_37_jpg.rf.464f05ea6d12e0b4654f585c00a2ef01.jpg,1678086160,sweatshirt,black,186,285,803,720
02M40S_1678086160_38_jpg.rf.267da007f734c1429684b0ba1cdce182.jpg,1678086160,sweatshirt,black,187,286,802,720
02M40S_1678086160_39_jpg.rf.de4960c7a368890e8f83c34f9b61a5dc.jpg,1678086160,sweatshirt,black,185,284,805,719
02M40S_1678086160_41_jpg.rf.087163e1a9952419ea9fe8e36a731844.jpg,1678086160,sweatshirt,black,0,279,603,645
02M40S_1678086160_7_jpg.rf.78a65d97ca3b4da5c3595f9b5ea40e2e.jpg,1678086160,sweatshirt,black,155,138,599,576
02M40S_1678089760_11_jpg.rf.a8378caad9695c24ffbfe60363b3b2de.jpg,1678089760,sweatshirt,black,0,321,842,720
02M40S_1678089760_13_jpg.rf.e99938c7ffcf4130223c1f9d755eb6a2.jpg,1678089760,sweatshirt,black,0,320,849,720
02M40S_1678089760_15_jpg.rf.cbc7f9d2955bf1ab02b117f0211a854f.jpg,1678089760,sweatshirt,black,0,296,802,720
02M40S_1678089760_16_jpg.rf.2f508fcccfbe6c3b09d56d135d281646.jpg,1678089760,sweatshirt,black,0,303,801,719
02M40S_1678089760_21_jpg.rf.96c6bbfd498c27010d0a3a8402cc90ed.jpg,1678089760,sweatshirt,black,0,303,804,564
02M40S_1678089760_22_jpg.rf.01b79dfacf0e077d09bb343fb8eab98f.jpg,1678089760,sweatshirt,black,0,300,803,558
02M40S_1678089760_26_jpg.rf.6f4733a9e165030f4a6810945f0306d1.jpg,1678089760,sweatshirt,black,0,300,804,570
02M40S_1678089760_27_jpg.rf.659c7cfab65017d89bd9c7ed413049a3.jpg,1678089760,sweatshirt,black,0,301,803,555
02M40S_1678089760_29_jpg.rf.0c6c17936a94697b32a44a86af775c2c.jpg,1678089760,sweatshirt,black,64,2,435,542
02M40S_1678089760_32_jpg.rf.0d44c3508496ba929b1b93bd7bcbec98.jpg,1678089760,sweatshirt,black,97,281,707,703
02M40S_1678089760_33_jpg.rf.7f7250f77d9ba4c93edce6f2f9e0a83d.jpg,1678089760,sweatshirt,black,0,267,876,703
02M40S_1678089760_34_jpg.rf.46532473fe374a2736a901ec03d63270.jpg,1678089760,sweatshirt,black,0,280,631,704
02M40S_1678089760_36_jpg.rf.af9e65699e56aa12083d9bd8f88f77f0.jpg,1678089760,sweatshirt,black,0,278,755,595
02M40S_1678089760_38_jpg.rf.111f5d341c5f8cce643522306bf888d0.jpg,1678089760,sweatshirt,black,291,299,765,564
02M40S_1678089760_39_jpg.rf.bb6c6d4faebe11421ea1663007da10dd.jpg,1678089760,sweatshirt,black,279,152,764,564
02M40S_1678089760_41_jpg.rf.781c8d153543fe90fec1fe9da0f3f1bb.jpg,1678089760,sweatshirt,black,420,51,983,344
02M40S_1678089760_42_jpg.rf.292a7fab8e46a7ad1663e8e6cac0b6d8.jpg,1678089760,sweatshirt,black,1019,6,1280,205
02M40S_1678089760_44_jpg.rf.3df2db965f560df20eeeba284bf04c9e.jpg,1678089760,sweatshirt,black,1070,123,1280,345
02M40S_1678089760_4_jpg.rf.7150afbb32acb27733a9da318beb6c2f.jpg,1678089760,sweatshirt,black,63,334,638,719
02M40S_1678089760_51_jpg.rf.e4de46910adbbf98ea88dad19f71edf8.jpg,1678089760,sweatshirt,black,85,0,387,306
02M40S_1678089760_5_jpg.rf.5429eaf7ac1071fc911f3bd1b48a144f.jpg,1678089760,sweatshirt,black,63,178,644,720
02M40S_1678089760_6_jpg.rf.f4213638d8e34695e4dcd5296f7a0472.jpg,1678089760,sweatshirt,black,64,41,639,720
02M40S_1678089760_9_jpg.rf.b3d51c3144dbc8bebe7c78ceaec28e2e.jpg,1678089760,sweatshirt,black,0,320,783,720
02M52S_1678172572_11_jpg.rf.0eb6e9f617154393ad02f4ca9f1b7e48.jpg,1678172572,sweatshirt,brown,288,297,753,528
02M52S_1678172572_18_jpg.rf.1e9e06b1baf80cf09e4c2b31cb9c4abc.jpg,1678172572,sweatshirt,brown,5,274,777,720
02M52S_1678172572_19_jpg.rf.9516388b514a1d8e452b9c34c388dda7.jpg,1678172572,sweatshirt,brown,24,272,776,720
02M52S_1678172572_20_jpg.rf.e5586875b1bb46a84693f891adb50bb2.jpg,1678172572,sweatshirt,brown,60,275,776,719
02M52S_1678172572_23_jpg.rf.02abeb5b1dd55b3d84f7e977e2fe7c3a.jpg,1678172572,sweatshirt,brown,144,278,778,720
02M52S_1678172572_24_jpg.rf.c7e01031705beae338e9f65b6921a4a3.jpg,1678172572,sweatshirt,brown,0,312,782,720
02M52S_1678172572_25_jpg.rf.46d109cebcfe7d7cb03c3b7e2a510b81.jpg,1678172572,sweatshirt,brown,125,279,775,719
02M52S_1678172572_26_jpg.rf.ad0c9405902423a2f58b1e07e1c6a194.jpg,1678172572,sweatshirt,brown,0,273,779,719
02M52S_1678172572_27_jpg.rf.5dec4cceabb28808b8c31bea5fb56624.jpg,1678172572,sweatshirt,brown,0,279,740,719
02M52S_1678172572_28_jpg.rf.7a5b2bda88c7547f9e20dcd0dd1077a8.jpg,1678172572,sweatshirt,brown,0,281,762,669
02M52S_1678172572_29_jpg.rf.609e39df77362070bc1303bed15b08bf.jpg,1678172572,sweatshirt,brown,0,303,726,665
02M52S_1678172572_30_jpg.rf.a7c910764163fc29ca76612ed7ddb961.jpg,1678172572,sweatshirt,brown,0,263,775,576
02M52S_1678172572_31_jpg.rf.57a6678ea027e3987b2483b9723447f5.jpg,1678172572,sweatshirt,brown,0,288,731,579
02M52S_1678172572_32_jpg.rf.7b9deea7532701faacb2d38ca9df5061.jpg,1678172572,sweatshirt,brown,0,283,770,581
02M52S_1678172572_35_jpg.rf.7e0d1722c8bea8864c58d071ab9ef4b3.jpg,1678172572,sweatshirt,brown,0,280,773,586
02M52S_1678172572_37_jpg.rf.9110519a29702513977e9e9553ad8733.jpg,1678172572,sweatshirt,brown,0,278,779,591
02M52S_1678172572_38_jpg.rf.3d175a6451c950955ba71410dfc5e159.jpg,1678172572,sweatshirt,brown,0,276,777,586
02M52S_1678172572_41_jpg.rf.afe78affe90b03d07b729cd43197cb26.jpg,1678172572,sweatshirt,brown,0,275,779,587
02M52S_1678172572_42_jpg.rf.aecdebd4e84d6cd024880f0eb43785a2.jpg,1678172572,sweatshirt,brown,0,280,776,582
02M52S_1678172572_43_jpg.rf.c36fd947cb3a6041b50c61cdc7340ce9.jpg,1678172572,sweatshirt,brown,0,274,775,582
02M52S_1678172572_44_jpg.rf.2e96117743a8854969d534b9a60dae6e.jpg,1678172572,sweatshirt,brown,0,316,772,720
02M52S_1678172572_46_jpg.rf.0addf08a8399194267891d04f479b562.jpg,1678172572,sweatshirt,brown,0,271,779,584
02M52S_1678172572_47_jpg.rf.f4a306bb88df2ef2512fac5014188074.jpg,1678172572,sweatshirt,brown,0,362,703,720
02M52S_1678172572_48_jpg.rf.37109d87f3e4d09bb6dfd3004041ae8b.jpg,1678172572,sweatshirt,brown,18,346,705,720
02M52S_1678172572_49_jpg.rf.10d8e3037167689fe4aceaa27892f2d9.jpg,1678172572,sweatshirt,brown,16,301,725,720
02M52S_1678172572_4_jpg.rf.1a9b7a4da8c2be16814b85169bc65883.jpg,1678172572,sweatshirt,brown,79,273,639,579
02M52S_1678172572_51_jpg.rf.769582634ee0b117a97e34797eedcd2d.jpg,1678172572,sweatshirt,brown,18,303,726,719
02M52S_1678172572_53_jpg.rf.770693f77d9fcff7ef95a856fbbf950e.jpg,1678172572,sweatshirt,brown,5,306,726,720
02M52S_1678172572_54_jpg.rf.5b2f7decd24a1e96ada4f5838d85f8a1.jpg,1678172572,sweatshirt,brown,0,223,724,576
02M52S_1678172572_55_jpg.rf.f006f89a929c36f851d1b522c9507e5e.jpg,1678172572,sweatshirt,brown,0,302,738,572
02M52S_1678172572_56_jpg.rf.2d7594f888d50f082fb5b0970aa07db8.jpg,1678172572,sweatshirt,brown,0,306,740,578
02M52S_1678172572_57_jpg.rf.0bd4d2e1a6adb85569970c0d3887fe0c.jpg,1678172572,sweatshirt,brown,0,300,739,587
02M52S_1678172572_58_jpg.rf.9c3eca05be457011b258f9c8bc99b21f.jpg,1678172572,sweatshirt,brown,0,306,740,586
02M52S_1678172572_62_jpg.rf.dac77340772f5ff528a1a12f4732dfa0.jpg,1678172572,sweatshirt,brown,0,302,743,595
02M52S_1678172572_66_jpg.rf.f665fc751834bce71654d1a4ff0470a0.jpg,1678172572,sweatshirt,brown,253,0,476,421
02M52S_1678172572_7_jpg.rf.264bbe6b50e6e6bed9e44530fedef89d.jpg,1678172572,sweatshirt,brown,250,288,700,541
02M52S_1678172572_9_jpg.rf.0adda498409973548e7981d8603f05e7.jpg,1678172572,sweatshirt,brown,622,27,766,476
02M52S_1678176172_10_jpg.rf.5ab712e17c81d5f9351ddc43355bbc13.jpg,1678176172,tshirt,white,89,303,699,582
02M52S_1678176172_18_jpg.rf.f6dd555d960f881410a63c624dd6eb7d.jpg,1678176172,tshirt,white,116,241,717,561
02M52S_1678176172_21_jpg.rf.734a391b0a03198399fc0becbda0503e.jpg,1678176172,tshirt,white,77,304,748,555
02M52S_1678176172_25_jpg.rf.8d45180b8f1aca83c00667e6e7f7c843.jpg,1678176172,tshirt,white,264,0,475,308
02M52S_1678176172_31_jpg.rf.427c0d4ef39ae0607011ec386d9e5142.jpg,1678176172,tshirt,white,7,309,663,720
02M52S_1678176172_32_jpg.rf.8e3f19dd6acb7734dde0cb6dc5054f5f.jpg,1678176172,tshirt,white,8,310,663,720
02M52S_1678176172_35_jpg.rf.b5d9760f6ee17aac7f53203dc0e75f1f.jpg,1678176172,tshirt,white,8,307,660,719
02M52S_1678176172_39_jpg.rf.0981f34da8e7d87b9b87bc94fc7b2935.jpg,1678176172,tshirt,white,77,305,743,555
02M52S_1678176172_45_jpg.rf.f4d5edd77f57311107d9feb824faba26.jpg,1678176172,tshirt,white,9,308,661,720
02M52S_1678176172_47_jpg.rf.c7ecb7e8d18c41dfe8bb5108ef0d590f.jpg,1678176172,tshirt,white,9,313,660,719
02M52S_1678176172_50_jpg.rf.44f4564c028f37014260485280c98bdf.jpg,1678176172,tshirt,white,99,307,689,566
02M52S_1678176172_52_jpg.rf.06b45c576fcfe5dde2c11b8ff632960c.jpg,1678176172,tshirt,white,101,303,702,582
02M52S_1678176172_6_jpg.rf.dfcb855ba1cb39f9549ee1edc6abc5c6.jpg,1678176172,tshirt,white,83,305,701,581
02M52S_1678176172_7_jpg.rf.a2b837a6d78a5b71ebbf0e4597a8c67c.jpg,1678176172,tshirt,white,86,304,698,580
02M52S_1678176172_9_jpg.rf.cce99cecc8a1ce75d5809999206a386a.jpg,1678176172,tshirt,white,88,303,699,583
02M52S_1678183372_16_jpg.rf.a6f250906fdbedd73d536dc7d5c6b3d7.jpg,1678183372,tshirt,white,357,8,699,308
02M52S_1678183372_18_jpg.rf.f46bccdf7d3d123d49447d88636e8ead.jpg,1678183372,tshirt,white,0,2,740,547
02M52S_1678183372_1_jpg.rf.0cc24f842d2143d568d6dea1c664d355.jpg,1678183372,tshirt,white,148,304,697,509
02M52S_1678183372_21_jpg.rf.2705b7eab1f4ffc3102916d4e01adbf6.jpg,1678183372,tshirt,white,105,317,738,719
02M52S_1678183372_26_jpg.rf.6ad9b71db6b62a74581baa6c5d97d6e2.jpg,1678183372,tshirt,white,104,315,741,720
02M52S_1678183372_34_jpg.rf.d9c2de83136c695b357c510d1b7ce620.jpg,1678183372,tshirt,white,104,323,744,719
02M52S_1678183372_36_jpg.rf.f4e10366a36f92fd3e199847191fcdf0.jpg,1678183372,tshirt,white,186,231,744,533
02M52S_1678183372_7_jpg.rf.efb342a8a2077af6f9402d105025d928.jpg,1678183372,tshirt,white,703,21,879,337
02M52S_1678186972_11_jpg.rf.1a4841e447c67953a685bb4fb2811bc0.jpg,1678186972,tshirt,nude,0,302,644,720
02M52S_1678186972_17_jpg.rf.2ded02b8ef46f72d2f27eccdf9789a78.jpg,1678186972,tshirt,nude,0,303,645,719
02M52S_1678186972_19_jpg.rf.f93d507ae12c086b3f985637f748341b.jpg,1678186972,tshirt,nude,0,303,644,719
02M52S_1678186972_21_jpg.rf.50284a0d7023565c2f559e343278d667.jpg,1678186972,tshirt,nude,0,303,649,719
02M52S_1678186972_22_jpg.rf.c25a0fc01cd6abc7282013e40f890947.jpg,1678186972,tshirt,nude,0,315,649,720
02M52S_1678186972_24_jpg.rf.9ce5eb6c0b90a6b53023e4f194ee1edc.jpg,1678186972,tshirt,nude,0,303,648,719
02M52S_1678186972_30_jpg.rf.deb88bcb228be0fff1a6336b649735bf.jpg,1678186972,tshirt,nude,0,312,648,720
02M52S_1678186972_32_jpg.rf.b27e272ed6ee0384d9df3e7bd853f413.jpg,1678186972,tshirt,nude,0,303,645,719
02M52S_1678186972_33_jpg.rf.38aa28afb9d069b6859b532552159ef4.jpg,1678186972,tshirt,nude,0,302,650,720
02M52S_1678186972_38_jpg.rf.f6d83011c08c3d727f242b49556a2054.jpg,1678186972,tshirt,nude,0,302,648,720
02M52S_1678186972_39_jpg.rf.bfbaa034c3f527ddb687b720fd8e7002.jpg,1678186972,tshirt,nude,60,305,746,603
02M52S_1678186972_40_jpg.rf.006072093b76a18ec9bcdd7daabc2b1f.jpg,1678186972,tshirt,nude,59,303,744,609
02M52S_1678186972_41_jpg.rf.3b699b7bb6649325e357525f7ee2bf67.jpg,1678186972,tshirt,nude,54,304,748,609
02M52S_1678186972_42_jpg.rf.7e71d4992807fcc2d49f5bfe2a224636.jpg,1678186972,tshirt,nude,67,303,747,603
02M52S_1678186972_43_jpg.rf.9453d2b2a7d8039126d3c797033f3739.jpg,1678186972,tshirt,nude,56,304,748,599
02M52S_1678186972_44_jpg.rf.27ab2d46aab213aea99d7ba1edfbffbc.jpg,1678186972,tshirt,nude,54,302,746,605
02M52S_1678186972_46_jpg.rf.429eb2800bbf0c427025c2d492f4abdd.jpg,1678186972,tshirt,nude,0,300,644,720
02M52S_1678186972_47_jpg.rf.8ee8927a0aad3dab19e5badb848611b6.jpg,1678186972,tshirt,nude,56,306,746,620
02M52S_1678186972_49_jpg.rf.31b45634b33bfe060d56a0db9a6c4fe1.jpg,1678186972,tshirt,nude,61,304,746,607
02M52S_1678186972_50_jpg.rf.aba5d662a7b18c6f625b6197eb71a345.jpg,1678186972,tshirt,nude,59,306,749,608
02M52S_1678186972_53_jpg.rf.8f62f428b9acb655879544b1461bee93.jpg,1678186972,tshirt,nude,59,304,748,606
02M52S_1678186972_55_jpg.rf.bd25eeeed3580a8752ec90e90efb43a8.jpg,1678186972,tshirt,nude,59,303,747,609
02M52S_1678186972_57_jpg.rf.1231a8c0e8c70881276da8b85cafccf5.jpg,1678186972,tshirt,nude,58,303,748,606
02M52S_1678186972_59_jpg.rf.d1a95b41c7d3779e31fff8c713596a36.jpg,1678186972,tshirt,nude,57,305,750,606
02M52S_1678186972_5_jpg.rf.47ba9a0bdb893caf2bf371422b843be3.jpg,1678186972,tshirt,nude,83,148,650,383
02M52S_1678186972_60_jpg.rf.2e9a293f6fbe852a109c90a35cfbc910.jpg,1678186972,tshirt,nude,58,300,752,609
02M52S_1678186972_61_jpg.rf.c83559eb8d3a46442db49e62880da780.jpg,1678186972,tshirt,nude,59,306,747,606
02M52S_1678186972_64_jpg.rf.02d575d21ed9824e00333252e71e8943.jpg,1678186972,tshirt,nude,59,305,750,603
02M52S_1678186972_65_jpg.rf.6a19335fd8ba212bed24aa4c2dfd3524.jpg,1678186972,tshirt,nude,58,303,752,605
02M52S_1678186972_6_jpg.rf.3419e4b33a02b50910de5942fe3f7e27.jpg,1678186972,tshirt,nude,0,149,728,604
02M52S_1678186972_73_jpg.rf.8e548bbdd9ee88043dbc1687fbb5fd04.jpg,1678186972,tshirt,nude,78,302,750,601
02M52S_1678186972_74_jpg.rf.eba15e1cba4dec6cf31908f8b1173a93.jpg,1678186972,tshirt,nude,63,303,742,601
02M52S_1678186972_76_jpg.rf.2292253fc3f75237d2dd69315e7e0139.jpg,1678186972,tshirt,nude,0,302,646,720
02M52S_1678186972_78_jpg.rf.9e98d54843f4b1a92097a9be4c4213fe.jpg,1678186972,tshirt,nude,63,303,780,592
02M52S_1678186972_7_jpg.rf.d752d4823e883c3e6cf0186463e90e15.jpg,1678186972,tshirt,nude,133,73,705,495
02M52S_1678186972_8_jpg.rf.66e79be510c7cec0ff9f4e27ada9f2d1.jpg,1678186972,tshirt,nude,614,0,891,393
02M52S_1678190572_14_jpg.rf.750f420c22f3452ace4d7b4a32450926.jpg,1678190572,tshirt,nude,167,303,754,548
02M52S_1678190572_15_jpg.rf.5cbfa55ff181c2e11992c06351e571a0.jpg,1678190572,tshirt,nude,167,302,743,545
02M52S_1678190572_16_jpg.rf.a358e05af0952bd65a6871ec18292492.jpg,1678190572,tshirt,nude,168,303,741,544
02M52S_1678190572_18_jpg.rf.96a78c2998557ac497069b7264a0b4de.jpg,1678190572,tshirt,nude,220,302,732,556
02M52S_1678190572_1_jpg.rf.29cde0a14e32649752da201e13cd893d.jpg,1678190572,tshirt,nude,222,304,760,559
02M52S_1678190572_22_jpg.rf.01c193618f950d10e6e61b15c914d43a.jpg,1678190572,tshirt,nude,222,307,757,543
02M52S_1678190572_23_jpg.rf.650d9c6b198a7528609d31cfaf7da050.jpg,1678190572,tshirt,nude,192,300,762,553
02M52S_1678190572_24_jpg.rf.8e83e65d7bc08e2b05cd1387c50328dd.jpg,1678190572,tshirt,nude,192,301,756,551
02M52S_1678190572_25_jpg.rf.0bab7bac53591cd1dd5f496f02856ff7.jpg,1678190572,tshirt,nude,265,300,764,546
02M52S_1678190572_26_jpg.rf.41130108ffd48ad19d2bd37006674c53.jpg,1678190572,tshirt,nude,198,302,774,534
02M52S_1678190572_2_jpg.rf.8fed48ecad3ae2d0698ced896abaf269.jpg,1678190572,tshirt,nude,223,305,764,558
02M52S_1678190572_30_jpg.rf.43d32a77bddc6bac8ff060ea2e984b0d.jpg,1678190572,tshirt,nude,193,168,690,422
02M52S_1678190572_31_jpg.rf.c30c41811a6c419f11afaae0f998d079.jpg,1678190572,tshirt,nude,112,142,780,577
02M52S_1678190572_33_jpg.rf.c6178c25882f50665ba2c2eec1ebce1d.jpg,1678190572,tshirt,nude,257,305,763,556
02M52S_1678190572_36_jpg.rf.2b3ee63b08fb537a191791252323a0b1.jpg,1678190572,tshirt,nude,944,125,1174,415
02M52S_1678190572_41_jpg.rf.f6d98bf3dfba693f711a1d016ac0f534.jpg,1678190572,tshirt,nude,218,306,762,556
02M52S_1678190572_42_jpg.rf.66b8d95d602ab273fa2ca48ca4349790.jpg,1678190572,tshirt,nude,114,290,645,720
02M52S_1678190572_44_jpg.rf.0d9fb2a519d30cf9c2077330908a10d5.jpg,1678190572,tshirt,nude,84,312,703,720
02M52S_1678190572_45_jpg.rf.4af80a61c59ea0487a6cd60a397f056d.jpg,1678190572,tshirt,nude,88,312,702,720
02M52S_1678190572_4_jpg.rf.e5db60822381d1cb8351e79fdc0ba61a.jpg,1678190572,tshirt,nude,177,303,689,569
02M52S_1678190572_52_jpg.rf.165f055affb5e6ad82730616fd9c1a48.jpg,1678190572,tshirt,nude,88,313,700,719
02M52S_1678190572_55_jpg.rf.ba6e4ada8c73e7bc528e6d4023a6a5fd.jpg,1678190572,tshirt,nude,218,307,761,559
02M52S_1678190572_58_jpg.rf.69a28cdbf2f64ae0ad7a3f14260ffe74.jpg,1678190572,tshirt,nude,111,286,737,720
02M52S_1678190572_59_jpg.rf.072b2c344a42ed6c01651c0893f582b1.jpg,1678190572,tshirt,nude,214,305,733,563
02M52S_1678190572_60_jpg.rf.b2937b8649d2937faa78c1d00582ca8d.jpg,1678190572,tshirt,nude,218,304,763,557
02M52S_1678190572_61_jpg.rf.375f432250174f7b2da6a554a976d6dc.jpg,1678190572,tshirt,nude,176,307,734,565
03M40S_1678082620_11_jpg.rf.ae90ee5d5377c35df49faddb57e17c88.jpg,1678082620,sweatshirt,brown,0,241,714,543
03M40S_1678082620_14_jpg.rf.a0dd5b1671bf9bea2d123e1233ad5e61.jpg,1678082620,sweatshirt,brown,0,271,726,544
03M40S_1678082620_16_jpg.rf.2eeb645346424509718aa75396b36328.jpg,1678082620,sweatshirt,brown,0,314,608,720
03M40S_1678082620_17_jpg.rf.285d0b5d942cbb9974ec8d0770eca53e.jpg,1678082620,sweatshirt,brown,0,278,614,720
03M40S_1678082620_18_jpg.rf.7b99c796ed3dd209a671b66d114c2d75.jpg,1678082620,sweatshirt,brown,0,285,615,720
03M40S_1678082620_19_jpg.rf.ac0a94519a3a56aa790885017870a15e.jpg,1678082620,sweatshirt,brown,0,296,536,720
03M40S_1678082620_21_jpg.rf.45b348fde95ccef51aad53714b8d67ec.jpg,1678082620,sweatshirt,brown,0,279,534,720
03M40S_1678082620_22_jpg.rf.9af9a256a3e9eefbbddde64766f4c32c.jpg,1678082620,sweatshirt,brown,0,278,549,720
03M40S_1678082620_23_jpg.rf.4661be98bb66e684eb1810de2692477d.jpg,1678082620,sweatshirt,brown,0,273,558,719
03M40S_1678082620_25_jpg.rf.be185baf9d48ac81388dc2766fd5b7bb.jpg,1678082620,sweatshirt,brown,0,254,562,719
03M40S_1678082620_26_jpg.rf.51304de08465d381ab3cdca1774bf029.jpg,1678082620,sweatshirt,brown,0,97,564,715
03M40S_1678082620_29_jpg.rf.3d94099511d05de877b0891dc4c07efb.jpg,1678082620,sweatshirt,brown,0,287,626,719
03M40S_1678082620_30_jpg.rf.4a6e2ed0de0b7cc43c1d9ab6561e4e49.jpg,1678082620,sweatshirt,brown,0,295,628,720
03M40S_1678082620_31_jpg.rf.8ea714d265a774ad0fa3e513756ea11b.jpg,1678082620,sweatshirt,brown,0,290,628,720
03M40S_1678082620_32_jpg.rf.54ddef9099dc8b551bc8643ccfbe4486.jpg,1678082620,sweatshirt,brown,0,293,628,719
03M40S_1678082620_33_jpg.rf.f4e68b11575a49ba1f7abda1d95ee634.jpg,1678082620,sweatshirt,brown,0,282,624,720
03M40S_1678082620_34_jpg.rf.575fba250210b209172cf048aa3f56d4.jpg,1678082620,sweatshirt,brown,0,298,630,720
03M40S_1678082620_35_jpg.rf.cdc96a3e71b6bf83bce9a906c2e599de.jpg,1678082620,sweatshirt,brown,0,253,656,719
03M40S_1678082620_37_jpg.rf.e18012cf0947a2a8ba4a0797e2ae173d.jpg,1678082620,sweatshirt,brown,31,233,696,719
03M40S_1678082620_7_jpg.rf.3041a23d3b3605fb2434030bd852b0ed.jpg,1678082620,sweatshirt,brown,0,268,670,597
03M40S_1678082620_9_jpg.rf.26d1a8e116788024e932cfac8ebf34ab.jpg,1678082620,sweatshirt,brown,0,265,676,536
03M40S_1678086220_10_jpg.rf.88c0f5f0268481356f70a96a918358aa.jpg,1678086220,sweatshirt,black,32,299,821,720
03M40S_1678086220_11_jpg.rf.8720d14a4ff45190729885d47b2157aa.jpg,1678086220,sweatshirt,black,31,294,821,719
03M40S_1678086220_14_jpg.rf.762da9d9aa2885f660d3e45746c66633.jpg,1678086220,sweatshirt,black,32,306,822,720
03M40S_1678086220_1_jpg.rf.40538361aed0e9d31530768d2b60ba64.jpg,1678086220,sweatshirt,black,33,304,821,719
03M40S_1678086220_20_jpg.rf.c2f52d0437e23ad137360adb3e755a9a.jpg,1678086220,sweatshirt,black,31,348,827,720
03M40S_1678086220_21_jpg.rf.81b32d1a305250d852f835749f9cded2.jpg,1678086220,sweatshirt,black,50,300,824,609
03M40S_1678086220_22_jpg.rf.e3514e7e886507c82a03f3f7c6de4deb.jpg,1678086220,sweatshirt,black,51,303,825,605
03M40S_1678086220_24_jpg.rf.59f5d96bde1bb0a3baff8011a97a70aa.jpg,1678086220,sweatshirt,black,114,0,433,438
03M40S_1678086220_27_jpg.rf.1acd36489c9a55e9b6344fbd9785a97d.jpg,1678086220,sweatshirt,black,53,274,679,719
03M40S_1678086220_28_jpg.rf.c9d619891a8037004c7835aa64ac5a06.jpg,1678086220,sweatshirt,black,53,275,761,720
03M40S_1678086220_33_jpg.rf.3cbdd57282a7b6bcd532895fa4491964.jpg,1678086220,sweatshirt,black,260,302,715,555
03M40S_1678086220_36_jpg.rf.df4b62588149110c4f8218a8c6bdb0a2.jpg,1678086220,sweatshirt,black,347,201,797,470
03M40S_1678086220_37_jpg.rf.4544bdee4a2da028dc789b7464ec1fa5.jpg,1678086220,sweatshirt,black,896,154,1274,405
03M40S_1678086220_4_jpg.rf.737ec8c8baa1d12471cb685bcdb37360.jpg,1678086220,sweatshirt,black,0,0,894,694
03M40S_1678086220_5_jpg.rf.5640ccb83bc17a53acba6eb7902867f8.jpg,1678086220,sweatshirt,black,27,310,803,720
03M40S_1678086220_7_jpg.rf.ec81196b62a95451cfd510e04f2e4625.jpg,1678086220,sweatshirt,black,31,303,819,719
03M40S_1678086220_8_jpg.rf.924e2083f4579975ebdcd0ee76dc3af7.jpg,1678086220,sweatshirt,black,32,304,818,719
03M40S_1678086220_9_jpg.rf.d3a05d7215f63f4d2eb7800fd5fb251c.jpg,1678086220,sweatshirt,black,31,296,820,720
03M40S_1678089820_10_jpg.rf.b59b95a51f0240a82bcb18d106601250.jpg,1678089820,sweatshirt,black,0,271,666,683
03M40S_1678089820_18_jpg.rf.af59ebe449b837f67bb09c8b2e83f700.jpg,1678089820,sweatshirt,black,0,288,743,672
03M40S_1678089820_24_jpg.rf.1164082eaf4ab04dfcbcecfbbb357dff.jpg,1678089820,sweatshirt,black,0,344,750,719
03M40S_1678089820_27_jpg.rf.4f14a57a5aaa4c8c226435ee23903f45.jpg,1678089820,sweatshirt,black,0,275,755,720
03M40S_1678089820_29_jpg.rf.8ccf724b9608cb76ca1b8bbb33d14778.jpg,1678089820,sweatshirt,black,18,272,857,720
03M40S_1678089820_31_jpg.rf.a3f868603489c047f817188f8b0c3bd7.jpg,1678089820,sweatshirt,black,0,298,754,720
03M40S_1678089820_34_jpg.rf.7ca2cfc84a558b5bf44d7d7e2ab0a5bf.jpg,1678089820,sweatshirt,black,34,282,858,720
03M40S_1678089820_38_jpg.rf.09d0f0ea8531804c999e21f5f352fe47.jpg,1678089820,sweatshirt,black,41,239,763,571
03M40S_1678089820_39_jpg.rf.c901ac50a3df5443941fd2b4c56c4f79.jpg,1678089820,sweatshirt,black,42,300,762,571
03M40S_1678089820_42_jpg.rf.f2eb2db9d2a4ffac6e6782123e42204c.jpg,1678089820,sweatshirt,black,35,301,767,565
03M40S_1678089820_4_jpg.rf.ea9f2e51dff32f492e88aa19c525a78b.jpg,1678089820,sweatshirt,black,37,301,766,562
03M40S_1678089820_8_jpg.rf.e846a2bf7eb23db06f35e8fbc6429a03.jpg,1678089820,sweatshirt,black,282,1,546,269
03M40S_1678089820_9_jpg.rf.00927ab9dac9536f0047550ef1219a37.jpg,1678089820,sweatshirt,black,78,14,766,268
03M40S_1678104220_10_jpg.rf.ca1fc3420e15e5d96daa9e96e7b84dfe.jpg,1678104220,sweatshirt,brown,0,299,673,720
03M40S_1678104220_16_jpg.rf.7992cf64c2560d7a210a9cad32d765e9.jpg,1678104220,sweatshirt,brown,77,359,843,720
03M40S_1678104220_17_jpg.rf.6fc71709eefed12a97e4a0c5b9dea276.jpg,1678104220,sweatshirt,brown,31,336,847,720
03M40S_1678104220_18_jpg.rf.455e9dd8506c89c1f48ed036177a98e3.jpg,1678104220,sweatshirt,brown,39,321,846,719
03M40S_1678104220_20_jpg.rf.9190937e9a96e734cb2b3fb678d906de.jpg,1678104220,sweatshirt,brown,0,324,848,719
03M40S_1678104220_21_jpg.rf.875ffd3754202bbdaf925a6de7b8eb94.jpg,1678104220,sweatshirt,brown,3,294,845,719
03M40S_1678104220_22_jpg.rf.7f3d5c4fa431a7fdd038852d0e6b4c47.jpg,1678104220,sweatshirt,brown,0,314,848,720
03M40S_1678104220_23_jpg.rf.42989717fbda2792501da93b2cb21832.jpg,1678104220,sweatshirt,brown,1,324,838,720
03M40S_1678104220_24_jpg.rf.d9b2ef5c227854be3f8da973fcc7e1d5.jpg,1678104220,sweatshirt,brown,2,322,837,720
03M40S_1678104220_25_jpg.rf.0eef2fb902a2f6a750b5680300a353ad.jpg,1678104220,sweatshirt,brown,0,313,840,719
03M40S_1678104220_2_jpg.rf.17691e5a36590f67764edadb50430ae0.jpg,1678104220,sweatshirt,brown,2,116,857,720
03M40S_1678104220_3_jpg.rf.c436137c05cea46d497f4684f339fdc9.jpg,1678104220,sweatshirt,brown,121,0,755,561
03M40S_1678104220_4_jpg.rf.c5ca53b0ba65dc91f176ab9d85e2d2a1.jpg,1678104220,sweatshirt,brown,259,0,767,310
03M40S_1678104220_7_jpg.rf.8a2a7abc4077aa60bb0b5a9bfed4bc5b.jpg,1678104220,sweatshirt,brown,0,308,608,720
03M40S_1678104220_8_jpg.rf.a0c03c96c20636911517a9104ab8c43f.jpg,1678104220,sweatshirt,brown,0,314,556,719
03M40S_1678104220_9_jpg.rf.d57518520dd03e0f61a7856389020c74.jpg,1678104220,sweatshirt,brown,0,300,589,720
03M52S_1678169032_0_jpg.rf.c7cb38c44548b63cd2818fdb3cf9ab52.jpg,1678169032,sweatshirt,pink,333,0,545,309
03M52S_1678169032_10_jpg.rf.75d08701c7a00d135c1184aa7589208e.jpg,1678169032,sweatshirt,pink,4,275,762,720
03M52S_1678169032_13_jpg.rf.bddbe711ad64c968baf20baba98e0159.jpg,1678169032,sweatshirt,pink,4,283,758,719
03M52S_1678169032_15_jpg.rf.fb3503aed138f5c3e37f9f2ea5e38aee.jpg,1678169032,sweatshirt,pink,1,278,759,720
03M52S_1678169032_16_jpg.rf.36ea0ad467356c3ac392d8716ebe3ec6.jpg,1678169032,sweatshirt,pink,0,281,759,720
03M52S_1678169032_17_jpg.rf.a345e325000ef5230c9139c09cb990f6.jpg,1678169032,sweatshirt,pink,0,274,628,720
03M52S_1678169032_18_jpg.rf.a0d43b6b07a225b83e23b6d0359c0017.jpg,1678169032,sweatshirt,pink,0,270,632,720
03M52S_1678169032_19_jpg.rf.28a9714ea4c27c1540b3ae53c2688da5.jpg,1678169032,sweatshirt,pink,0,283,634,719
03M52S_1678169032_20_jpg.rf.bb5692ed891fd2804671427278eeab1b.jpg,1678169032,sweatshirt,pink,0,0,658,307
03M52S_1678169032_22_jpg.rf.f50c1f71d114e725d881041701be03a1.jpg,1678169032,sweatshirt,pink,23,1,659,542
03M52S_1678169032_27_jpg.rf.e21d5929441b20b3e618bcaa19a97c2b.jpg,1678169032,sweatshirt,pink,0,304,549,719
03M52S_1678169032_29_jpg.rf.ea938d8637232b45e17cca47fcfccdcb.jpg,1678169032,sweatshirt,pink,0,319,402,720
03M52S_1678169032_2_jpg.rf.65ae070093a73ea8082d68b3324b0100.jpg,1678169032,sweatshirt,pink,0,286,630,720
03M52S_1678169032_31_jpg.rf.3d0b58f2b3eaacb6f60ab4a274456331.jpg,1678169032,sweatshirt,pink,0,298,542,720
03M52S_1678169032_32_jpg.rf.53b0fcbe3e4580b5ce0d9616e0ffc244.jpg,1678169032,sweatshirt,pink,0,323,570,719
03M52S_1678169032_33_jpg.rf.1d5dd9ba14cdc213a3a62d62cffda801.jpg,1678169032,sweatshirt,pink,0,289,665,720
03M52S_1678169032_35_jpg.rf.2bc2fd2f52ae820283f3d93af74ae515.jpg,1678169032,sweatshirt,pink,0,263,743,719
03M52S_1678169032_39_jpg.rf.e65c3f4895669c03ca47874c3881442f.jpg,1678169032,sweatshirt,pink,173,264,751,719
03M52S_1678169032_3_jpg.rf.21e46add7be2c9a3a1963a14d1f64e33.jpg,1678169032,sweatshirt,pink,0,316,761,720
03M52S_1678169032_44_jpg.rf.76c92e509c0597aa790730b2028170eb.jpg,1678169032,sweatshirt,pink,158,262,746,720
03M52S_1678169032_45_jpg.rf.22358db47856b24bba6ec9fc4c93ad49.jpg,1678169032,sweatshirt,pink,151,263,747,719
03M52S_1678169032_46_jpg.rf.8bf1ee371f9662a2d994139a74202349.jpg,1678169032,sweatshirt,pink,151,263,750,719
03M52S_1678169032_47_jpg.rf.99ef7bcae7e5216329ca4aa591ccd507.jpg,1678169032,sweatshirt,pink,152,265,745,720
03M52S_1678169032_48_jpg.rf.ba1c821c3fccaa6b98dec58d3fcd32e7.jpg,1678169032,sweatshirt,pink,0,276,692,720
03M52S_1678169032_4_jpg.rf.9fa4707bb2bb0f3f020a0dc17d76b3cc.jpg,1678169032,sweatshirt,pink,3,281,758,720
03M52S_1678169032_51_jpg.rf.e8cd1eb03d3e69754f93e5473b64a038.jpg,1678169032,sweatshirt,pink,0,272,653,656
03M52S_1678169032_55_jpg.rf.1635a17edc5c3df37f787e1244718cb2.jpg,1678169032,sweatshirt,pink,0,251,731,585
03M52S_1678169032_56_jpg.rf.5a175f33a27d0435863443c2a154a403.jpg,1678169032,sweatshirt,pink,0,253,739,586
03M52S_1678169032_58_jpg.rf.ac6fb35d4e859aa9bba3349b78ff1ca7.jpg,1678169032,sweatshirt,pink,0,283,631,718
03M52S_1678169032_5_jpg.rf.c992a66c097ba36cd037a8c5375ff280.jpg,1678169032,sweatshirt,pink,5,272,763,720
03M52S_1678169032_60_jpg.rf.9ccd3671a3efe64da7c0a2e4144a3471.jpg,1678169032,sweatshirt,pink,0,250,732,578
03M52S_1678169032_62_jpg.rf.86a9b3798a35225d0b9c09495b9f4695.jpg,1678169032,sweatshirt,pink,0,249,755,579
03M52S_1678169032_64_jpg.rf.3ef984ea2814e5c4e1140a0502819fe3.jpg,1678169032,sweatshirt,pink,0,250,752,576
03M52S_1678169032_66_jpg.rf.e44e6f06bb77873e4cfe2ed6ee2184a7.jpg,1678169032,sweatshirt,pink,0,252,750,576
03M52S_1678169032_67_jpg.rf.227d6ca55fd254e42cf06df6bdfe8a38.jpg,1678169032,sweatshirt,pink,0,275,740,544
03M52S_1678169032_68_jpg.rf.170dbaaa8cfe753f110e1f79969ca3f8.jpg,1678169032,sweatshirt,pink,0,370,760,720
03M52S_1678169032_6_jpg.rf.5953649aab2916e97d078d62e88c30ae.jpg,1678169032,sweatshirt,pink,5,274,763,719
03M52S_1678169032_8_jpg.rf.609baac4ce7bf09cfa03aef2964e503e.jpg,1678169032,sweatshirt,pink,0,288,626,720
03M52S_1678172632_10_jpg.rf.0db258c353d6fb920a4f957747b0b8a4.jpg,1678172632,sweatshirt,brown,0,321,938,720
03M52S_1678172632_11_jpg.rf.42412316543eca6e3c468778aa73275b.jpg,1678172632,sweatshirt,brown,0,313,942,719
03M52S_1678172632_12_jpg.rf.478a2354b44d2edbb34b3da400026c78.jpg,1678172632,sweatshirt,brown,0,313,942,719
03M52S_1678172632_13_jpg.rf.54f664597aed5bcf347988827bc0aeff.jpg,1678172632,sweatshirt,brown,0,313,942,719
03M52S_1678172632_14_jpg.rf.42f04c229611bb3afb7e994dffb3de67.jpg,1678172632,sweatshirt,brown,0,85,928,720
03M52S_1678172632_15_jpg.rf.ddd9050fd826a54b20628d933776334c.jpg,1678172632,sweatshirt,brown,239,0,782,408
03M52S_1678172632_16_jpg.rf.261ce748be4eb0af75fe2040267390c9.jpg,1678172632,sweatshirt,brown,80,2,953,366
03M52S_1678172632_1_jpg.rf.37bdef7abeb03dd11415a097f4d54342.jpg,1678172632,sweatshirt,brown,0,302,894,720
03M52S_1678172632_25_jpg.rf.c80e8fffa8c089377f5925a8d47fc1d2.jpg,1678172632,sweatshirt,brown,0,288,610,720
03M52S_1678172632_26_jpg.rf.893d14abf01bfa73053162b3eecae5a7.jpg,1678172632,sweatshirt,brown,0,317,620,719
03M52S_1678172632_27_jpg.rf.9152e3a3a85174ce840f73742561f8d8.jpg,1678172632,sweatshirt,brown,0,296,622,720
03M52S_1678172632_28_jpg.rf.a1d5868394848aec5a2f3c13d8365fcc.jpg,1678172632,sweatshirt,brown,88,291,801,720
03M52S_1678172632_32_jpg.rf.7c3f687a1f08815a65cdee85b53331da.jpg,1678172632,sweatshirt,brown,197,284,798,719
03M52S_1678172632_36_jpg.rf.8c0939980d1740ad2a92312277f3193e.jpg,1678172632,sweatshirt,brown,0,270,905,720
03M52S_1678172632_37_jpg.rf.4078db73737e9b4c54e6b6997459a127.jpg,1678172632,sweatshirt,brown,0,266,584,720
03M52S_1678172632_39_jpg.rf.3115151dca11246f72ba2c463c7cec53.jpg,1678172632,sweatshirt,brown,0,289,774,631
03M52S_1678172632_43_jpg.rf.961ffe0ffc614b689da960c39189f9ad.jpg,1678172632,sweatshirt,brown,0,286,799,603
03M52S_1678172632_46_jpg.rf.70cff28533058d6692545f7f9f067677.jpg,1678172632,sweatshirt,brown,0,284,784,597
03M52S_1678172632_47_jpg.rf.63e42f5a13039c1260f6c67316dbca68.jpg,1678172632,sweatshirt,brown,0,286,808,595
03M52S_1678172632_48_jpg.rf.20345e4f44459aa236e54ac7fb0d8b1a.jpg,1678172632,sweatshirt,brown,0,283,749,601
03M52S_1678172632_53_jpg.rf.103458bee96c7387e298bfd4afb8160e.jpg,1678172632,sweatshirt,brown,2,363,758,719
03M52S_1678172632_6_jpg.rf.a8bf0d4d85bd6597dd953b18307cac7d.jpg,1678172632,sweatshirt,brown,17,293,760,719
03M52S_1678172632_7_jpg.rf.141e2d53ae7f312815d0e4888eb4da4d.jpg,1678172632,sweatshirt,brown,0,303,937,719
03M52S_1678176232_11_jpg.rf.cbff4722853e49d42ead1d8cae127c33.jpg,1678176232,tshirt,white,0,310,578,720
03M52S_1678176232_17_jpg.rf.7c88943352144a1dc547fc46b31e2b11.jpg,1678176232,tshirt,white,0,313,580,719
03M52S_1678176232_18_jpg.rf.43a93052a9eae6584ffbeba89a4ff692.jpg,1678176232,tshirt,white,0,312,582,720
03M52S_1678176232_23_jpg.rf.7dd800cd2773f03f934c810668798fb5.jpg,1678176232,tshirt,white,67,304,717,575
03M52S_1678176232_37_jpg.rf.9f35b1d522e04f577dff768ce606b6be.jpg,1678176232,tshirt,white,919,3,1174,285
03M52S_1678176232_42_jpg.rf.f05f5b47af593a2300a38817bbbc2c3e.jpg,1678176232,tshirt,white,0,0,724,585
03M52S_1678176232_45_jpg.rf.d94f730222e4eea102c503eaf46bc577.jpg,1678176232,tshirt,white,0,318,576,720
03M52S_1678176232_48_jpg.rf.628f7dc44e09b49787484a03e3760179.jpg,1678176232,tshirt,white,0,308,586,720
03M52S_1678187032_11_jpg.rf.0453bb25d64bd13c0ab7251c1c4fa1dc.jpg,1678187032,tshirt,nude,120,302,724,610
03M52S_1678187032_14_jpg.rf.9ba3a4510c7338a31daa94754f0269da.jpg,1678187032,tshirt,nude,84,306,723,604
03M52S_1678187032_16_jpg.rf.1b743aba6493b4ea95e19d4705072e16.jpg,1678187032,tshirt,nude,184,0,496,243
03M52S_1678187032_35_jpg.rf.d7536d0cd282df4f06d50d8efe32e12b.jpg,1678187032,tshirt,nude,4,314,654,719
03M52S_1678187032_5_jpg.rf.5a08a3f5721dd731a06a20463abc38e3.jpg,1678187032,tshirt,nude,7,318,658,720
03M52S_1678190632_13_jpg.rf.1bf7d5797c4113727a6eb87233953b70.jpg,1678190632,tshirt,nude,168,305,746,546
03M52S_1678190632_27_jpg.rf.d23bc806922c8cc84c3f6af8a9749fa7.jpg,1678190632,tshirt,nude,116,308,680,720
03M52S_1678190632_32_jpg.rf.7b92df23887046d4b41c171ba441c41a.jpg,1678190632,tshirt,nude,117,309,692,720
03M52S_1678190632_33_jpg.rf.21f0da9464fd1a43725fb18561ecce21.jpg,1678190632,tshirt,nude,116,308,692,720
03M52S_1678190632_44_jpg.rf.3aa6405683508056cea2859eaac93ec7.jpg,1678190632,tshirt,nude,226,306,727,560
03M52S_1678190632_45_jpg.rf.2ebacd33f2e941d59de99604cbc629d4.jpg,1678190632,tshirt,nude,224,307,699,579
03M52S_1678190632_55_jpg.rf.7a57de93ed33c5dc75a86baccab43bdd.jpg,1678190632,tshirt,nude,225,305,726,568
03M52S_1678190632_56_jpg.rf.1686495c0e8f67aab789bd3d3942f26d.jpg,1678190632,tshirt,nude,179,305,728,567
03M52S_1678190632_59_jpg.rf.a92d358672c57dae29eba897047fa46e.jpg,1678190632,tshirt,nude,178,306,734,571
03M52S_1678190632_60_jpg.rf.dfd978a490a4fc93b45f6491f30e45bd.jpg,1678190632,tshirt,nude,179,302,750,567
03M52S_1678190632_64_jpg.rf.b1d401a742d0020dc55158ebb914b90a.jpg,1678190632,tshirt,nude,180,301,763,555
03M52S_1678190632_65_jpg.rf.f24bde490a5a7e59227ce37ba66631bb.jpg,1678190632,tshirt,nude,181,303,763,558
03M52S_1678190632_66_jpg.rf.7605a8e82cd5db901b26e9f5edc20dab.jpg,1678190632,tshirt,nude,183,186,707,340
03M52S_1678190632_68_jpg.rf.4ebcd3670798880ba1a09673daecc0a6.jpg,1678190632,tshirt,nude,268,183,768,529
03M52S_1678190632_69_jpg.rf.3f5f15374f08987310d094141c04bf68.jpg,1678190632,tshirt,nude,567,0,821,316
03M52S_1678190632_6_jpg.rf.8f0a228ceedeab13451a17d58df77e1d.jpg,1678190632,tshirt,nude,369,2,598,308
03M52S_1678190632_8_jpg.rf.67aa0868ad5f8e20322a2730c58c6ab5.jpg,1678190632,tshirt,nude,33,109,675,252
04M40S_1678082680_10_jpg.rf.7d1bb5b6091ac8f39c1236e757482094.jpg,1678082680,sweatshirt,brown,0,242,714,546
04M40S_1678082680_14_jpg.rf.abab076f827b5558b6f5938f031ba125.jpg,1678082680,sweatshirt,brown,0,329,763,720
04M40S_1678082680_16_jpg.rf.77e38cfc24902f6ebd8af43d7b67f1ac.jpg,1678082680,sweatshirt,brown,0,344,762,719
04M40S_1678082680_17_jpg.rf.93ca703527827b806490bd991af69b67.jpg,1678082680,sweatshirt,brown,0,295,763,720
04M40S_1678082680_19_jpg.rf.22a84b5e406beac9852b9d6292948a30.jpg,1678082680,sweatshirt,brown,0,274,765,719
04M40S_1678082680_21_jpg.rf.aa58c045de5d7d4b5e2b7f166ecd03a0.jpg,1678082680,sweatshirt,brown,0,278,762,720
04M40S_1678082680_22_jpg.rf.f46190fe8b256370c31839ac288c225b.jpg,1678082680,sweatshirt,brown,0,275,765,720
04M40S_1678082680_28_jpg.rf.f642e7b97f28c1804429456eaf974f13.jpg,1678082680,sweatshirt,brown,0,279,770,601
04M40S_1678082680_33_jpg.rf.b63456c13d2cdc83be6b09b3ed8db331.jpg,1678082680,sweatshirt,brown,0,282,768,596
04M40S_1678082680_37_jpg.rf.7fc22e0b1c43f276b3dffdd8ec0579f9.jpg,1678082680,sweatshirt,brown,131,0,382,413
04M40S_1678082680_38_jpg.rf.1973933f52231f22a4cda377bd39a612.jpg,1678082680,sweatshirt,brown,70,278,602,672
04M40S_1678082680_39_jpg.rf.362a43c6a2635de141c52b33c75fdd4d.jpg,1678082680,sweatshirt,brown,0,245,654,511
04M40S_1678082680_41_jpg.rf.3b37f7558b5857a5c59117b13a69850b.jpg,1678082680,sweatshirt,brown,208,210,664,502
04M40S_1678082680_42_jpg.rf.ba88410efc1fe15542e414b2ba184fe1.jpg,1678082680,sweatshirt,brown,747,8,906,359
04M40S_1678082680_8_jpg.rf.b041a193a77c5ae458fb17f9c554f9b7.jpg,1678082680,sweatshirt,brown,0,245,729,545
04M40S_1678082680_9_jpg.rf.71b624f0280dff8b2a21a304ab733845.jpg,1678082680,sweatshirt,brown,0,240,729,546
04M40S_1678089880_10_jpg.rf.775564be78211d427e3acca24d9dc45f.jpg,1678089880,sweatshirt,black,560,0,1175,324
04M40S_1678089880_13_jpg.rf.1e4b767d7f0de98ef012509a9c551186.jpg,1678089880,sweatshirt,black,1058,137,1280,355
04M40S_1678089880_7_jpg.rf.5fb80328eccc733e4651991af3241521.jpg,1678089880,sweatshirt,black,287,219,740,531
04M40S_1678089880_8_jpg.rf.1b286b84ca69f73e56a30b6c968e2c81.jpg,1678089880,sweatshirt,black,284,139,745,530
04M40S_1678104280_12_jpg.rf.eb87af0175b5b28431dd8ae804313374.jpg,1678104280,sweatshirt,brown,20,290,626,595
04M40S_1678104280_15_jpg.rf.b70a7a0b09f3f8c6e61b027c8e3de1d5.jpg,1678104280,sweatshirt,brown,181,319,632,577
04M40S_1678104280_16_jpg.rf.c33cfd0d851e7c8d920faf3f877f1b50.jpg,1678104280,sweatshirt,brown,187,298,755,720
04M40S_1678104280_1_jpg.rf.9a745f86f17ee3739f40f0de64e11c42.jpg,1678104280,sweatshirt,brown,65,285,758,720
04M40S_1678104280_20_jpg.rf.8cb397f2c1b498bda0f1800d0a7e73e0.jpg,1678104280,sweatshirt,brown,173,290,756,720
04M40S_1678104280_22_jpg.rf.74143d155dc9956fea6fbfe8631300d7.jpg,1678104280,sweatshirt,brown,0,289,544,720
04M40S_1678104280_24_jpg.rf.f3b2b7c67df6c3736efa595897fe6885.jpg,1678104280,sweatshirt,brown,0,302,673,665
04M40S_1678104280_27_jpg.rf.c268b74d4d018cbdbf6417dd9f1ee842.jpg,1678104280,sweatshirt,brown,0,300,669,590
04M40S_1678104280_32_jpg.rf.064969a8274242a21748eba58032983a.jpg,1678104280,sweatshirt,brown,0,292,714,590
04M40S_1678104280_35_jpg.rf.409117df814d18c2c857a2951ac54735.jpg,1678104280,sweatshirt,brown,0,293,748,591
04M40S_1678104280_39_jpg.rf.3bc07bd11a0b28840a4a2d80c5aeb972.jpg,1678104280,sweatshirt,brown,0,379,761,720
04M40S_1678104280_3_jpg.rf.eb80f822a2cab7a0720bb6fd94d5c18a.jpg,1678104280,sweatshirt,brown,0,303,780,594
04M40S_1678104280_40_jpg.rf.bc12fb49c224d9b5eddfd7d140051292.jpg,1678104280,sweatshirt,brown,0,391,765,720
04M40S_1678104280_41_jpg.rf.037de0d3b26f211b2531dce7323628b6.jpg,1678104280,sweatshirt,brown,0,323,763,719
04M40S_1678104280_43_jpg.rf.f437604f4747dedc913d129e96592649.jpg,1678104280,sweatshirt,brown,0,301,765,720
04M40S_1678104280_44_jpg.rf.3ec5f7ad5dfcd7bb464f395c1c61ceec.jpg,1678104280,sweatshirt,brown,0,303,764,719
04M40S_1678104280_45_jpg.rf.86a6ba3a31f65ac29e75a22dd22b5c07.jpg,1678104280,sweatshirt,brown,0,301,764,720
04M40S_1678104280_4_jpg.rf.bf37f86cd2f3838feb890cf08e5b5e1a.jpg,1678104280,sweatshirt,brown,0,298,780,593
04M40S_1678104280_50_jpg.rf.b47a2a92fd27881a481ccb639b0ff891.jpg,1678104280,sweatshirt,brown,0,301,775,584
04M40S_1678104280_52_jpg.rf.058f4f3b2bace89de38f5f4ed4ca27aa.jpg,1678104280,sweatshirt,brown,0,300,775,586
04M40S_1678104280_53_jpg.rf.107ab46df19d3e4358aa091c2a2e9e8e.jpg,1678104280,sweatshirt,brown,0,303,781,594
04M40S_1678104280_7_jpg.rf.c8040976fa789da78e7d68ee1e51b901.jpg,1678104280,sweatshirt,brown,217,6,477,324
04M40S_1678104280_9_jpg.rf.dc2151cee6f9f05873f35cf19cb61f18.jpg,1678104280,sweatshirt,brown,0,217,805,630
04M49S_1678367089_14_jpg.rf.8e2c4e9b4a26427420790b22f27df4c9.jpg,1678367089,tshirt,black,432,0,1016,161
04M49S_1678367089_16_jpg.rf.9d9ff5f5b971d7115aa1a3724a5e7a47.jpg,1678367089,tshirt,black,395,205,904,713
04M49S_1678367089_17_jpg.rf.597900bff4cdde2ee769c3ef2d26e878.jpg,1678367089,tshirt,black,397,183,906,689
04M49S_1678367089_18_jpg.rf.347d5abc8be4d47b4c17bb9740612414.jpg,1678367089,tshirt,black,394,185,905,685
04M49S_1678367089_19_jpg.rf.2931b3365124c9c4b375d76021dcb286.jpg,1678367089,tshirt,black,398,187,900,687
04M49S_1678367089_1_jpg.rf.bd645bf65555d1ace937045b437a4502.jpg,1678367089,tshirt,black,442,116,877,345
04M49S_1678367089_21_jpg.rf.d1da7505a9a9fe8551e4b3cf09da44a9.jpg,1678367089,tshirt,black,394,185,902,684
04M49S_1678367089_23_jpg.rf.5a5ce33fd0f4eb52a1109bdbb1fe5fcc.jpg,1678367089,tshirt,black,438,99,894,452
04M49S_1678367089_24_jpg.rf.a6ca6e80001d4476ab3d957d21b76234.jpg,1678367089,tshirt,black,449,178,907,402
04M49S_1678367089_25_jpg.rf.308c34909dee7046a0ce252dc391adb2.jpg,1678367089,tshirt,black,452,184,907,415
04M49S_1678367089_26_jpg.rf.2bc53edfa7dd3bbcbdb681d7be552068.jpg,1678367089,tshirt,black,450,183,908,409
04M49S_1678367089_27_jpg.rf.36c15998133ae74ecaa8378ddac83d30.jpg,1678367089,tshirt,black,461,182,910,421
04M49S_1678367089_28_jpg.rf.81b0626fd4d3d48c064d78661a29789c.jpg,1678367089,tshirt,black,448,184,909,415
04M49S_1678367089_29_jpg.rf.d208f898750ca98dc6cd88fd33e9e264.jpg,1678367089,tshirt,black,448,183,909,416
04M49S_1678367089_2_jpg.rf.c8c5109014daeef3951a50d753ab27dc.jpg,1678367089,tshirt,black,523,90,981,363
04M49S_1678367089_30_jpg.rf.1a4609fefea4e6e684ba5004355b071b.jpg,1678367089,tshirt,black,425,185,908,413
04M49S_1678367089_31_jpg.rf.75ec395aec2181590e8943a1cfb4ed50.jpg,1678367089,tshirt,black,425,191,911,412
04M49S_1678367089_32_jpg.rf.a021270acc58d62e756c5cfa3cbaf0a9.jpg,1678367089,tshirt,black,428,180,870,395
04M49S_1678367089_33_jpg.rf.e0936a2d8646e308c71c944699a1fd21.jpg,1678367089,tshirt,black,429,180,901,396
04M49S_1678367089_34_jpg.rf.4b3ededd08179f41347c53e55b9cf707.jpg,1678367089,tshirt,black,430,181,898,388
04M49S_1678367089_3_jpg.rf.7dbbdcaf72b6915e55a69e0058b0fd1e.jpg,1678367089,tshirt,black,509,152,929,412
04M52S_1678169092_10_jpg.rf.7f3b0739e85ed1a4ba92d89357b2eef6.jpg,1678169092,sweatshirt,pink,170,280,742,720
04M52S_1678169092_11_jpg.rf.ec0bdf3176b02372124e4d901bdb0640.jpg,1678169092,sweatshirt,pink,168,278,742,720
04M52S_1678169092_12_jpg.rf.c6f54058cab11a4d56e93ac324b6ecfd.jpg,1678169092,sweatshirt,pink,0,299,793,563
04M52S_1678169092_13_jpg.rf.2215e9de3225626d15b33947c2ec84ae.jpg,1678169092,sweatshirt,pink,0,301,794,562
04M52S_1678169092_16_jpg.rf.64921c72dafa9816d52185d26fdc5eda.jpg,1678169092,sweatshirt,pink,0,300,790,561
04M52S_1678169092_19_jpg.rf.825336bc780df533d92e4bd8b5c57c13.jpg,1678169092,sweatshirt,pink,0,282,758,720
04M52S_1678169092_22_jpg.rf.64a9af4af00f6ffae565ace183ee4ba8.jpg,1678169092,sweatshirt,pink,0,299,794,549
04M52S_1678169092_24_jpg.rf.6637b49c932bed978a27ca4046328e38.jpg,1678169092,sweatshirt,pink,0,300,794,551
04M52S_1678169092_27_jpg.rf.5ec312df9e2235ce4302c083658cc8fe.jpg,1678169092,sweatshirt,pink,50,86,784,345
04M52S_1678169092_2_jpg.rf.943ef58e2462fb06e0dc43068651c350.jpg,1678169092,sweatshirt,pink,0,302,793,560
04M52S_1678169092_32_jpg.rf.15a8d953010397f0d8c9eb5f283fc4e7.jpg,1678169092,sweatshirt,pink,236,29,694,518
04M52S_1678169092_43_jpg.rf.86d063130d8b04260abf45e9400fe0a2.jpg,1678169092,sweatshirt,pink,0,0,621,376
04M52S_1678169092_44_jpg.rf.f0e925dfe06d4690b0ea3bf88a6769be.jpg,1678169092,sweatshirt,pink,0,68,460,720
04M52S_1678169092_45_jpg.rf.28b84d246aa68d64a5ac06aea292c014.jpg,1678169092,sweatshirt,pink,5,309,535,720
04M52S_1678169092_48_jpg.rf.991cf3e9650f772be2670e7dca444480.jpg,1678169092,sweatshirt,pink,0,299,782,549
04M52S_1678169092_50_jpg.rf.3658b4e0301ee27654d833652fbe770e.jpg,1678169092,sweatshirt,pink,0,300,546,720
04M52S_1678169092_51_jpg.rf.75915fe89193461051456ae791521595.jpg,1678169092,sweatshirt,pink,3,222,509,720
04M52S_1678169092_52_jpg.rf.fcf460fa861e5f01ac1bf20f861c74fe.jpg,1678169092,sweatshirt,pink,357,3,717,457
04M52S_1678169092_57_jpg.rf.0385dde16238fd5a3779e52ae9f18c0e.jpg,1678169092,sweatshirt,pink,0,300,792,560
04M52S_1678169092_5_jpg.rf.4b384cf925e09106faa76912bc59180c.jpg,1678169092,sweatshirt,pink,217,280,742,720
04M52S_1678169092_60_jpg.rf.85507216b18cc6c3230d5a3af9f62acd.jpg,1678169092,sweatshirt,pink,0,280,746,720
04M52S_1678169092_8_jpg.rf.16e049921d8a1e1de25bfcd8d5740ec7.jpg,1678169092,sweatshirt,pink,185,280,740,720
04M52S_1678172692_10_jpg.rf.6fd3c3c0b6b5f64eab7437d145221e29.jpg,1678172692,sweatshirt,black,197,90,679,532
04M52S_1678172692_17_jpg.rf.cf965814198b7525d27ad39fefd6f561.jpg,1678172692,sweatshirt,brown,2,255,695,635
04M52S_1678172692_18_jpg.rf.b7d539590a6f415261f201494d75acda.jpg,1678172692,sweatshirt,brown,0,297,564,636
04M52S_1678172692_1_jpg.rf.9abfc4b2618662b868772e58bfcb0499.jpg,1678172692,sweatshirt,brown,9,300,764,569
04M52S_1678172692_20_jpg.rf.df22f4859805ebbbb98f3d78eca63cc3.jpg,1678172692,sweatshirt,brown,12,289,737,541
04M52S_1678172692_22_jpg.rf.6053883fbd842174f6abd12ad8a3ac2c.jpg,1678172692,sweatshirt,brown,271,292,746,542
04M52S_1678172692_25_jpg.rf.4ddfd31be34635e94d21e32c0d3fe576.jpg,1678172692,sweatshirt,brown,276,282,750,545
04M52S_1678172692_26_jpg.rf.64227183ed63d9b277467c488ca0b88c.jpg,1678172692,sweatshirt,brown,136,171,840,705
04M52S_1678172692_30_jpg.rf.623f17b1271a13ce3a07f9012170b21b.jpg,1678172692,sweatshirt,brown,89,140,507,573
04M52S_1678172692_31_jpg.rf.9e4240dcc0cb477b5d15abbb30f2db95.jpg,1678172692,sweatshirt,brown,724,213,1226,408
04M52S_1678172692_37_jpg.rf.ebaba4357570a2d31b59963031fe062b.jpg,1678172692,sweatshirt,black,177,12,503,308
04M52S_1678172692_3_jpg.rf.0bd6c3ca78379abe709a71e9f56b0e37.jpg,1678172692,sweatshirt,black,59,281,679,539
04M52S_1678172692_40_jpg.rf.f9ee7d3a1709ea0c4283563e71dc066e.jpg,1678172692,sweatshirt,black,0,224,788,719
04M52S_1678172692_41_jpg.rf.054511d30005f6149a7b9cbbea3dad82.jpg,1678172692,sweatshirt,black,0,321,798,719
04M52S_1678172692_42_jpg.rf.683db0512f2d4c67b43278a00b13c945.jpg,1678172692,sweatshirt,black,0,289,800,720
04M52S_1678172692_43_jpg.rf.c57b30d093183635d31e0d86329df698.jpg,1678172692,sweatshirt,black,0,290,800,720
04M52S_1678172692_45_jpg.rf.ad0051f48de693dd2fb385ebb933f85f.jpg,1678172692,sweatshirt,black,0,281,800,720
04M52S_1678172692_46_jpg.rf.63a76fabf8f268476b19b8da3a1a6265.jpg,1678172692,sweatshirt,black,0,289,800,719
04M52S_1678172692_47_jpg.rf.b8a849b4cb9dd45fb88beb09e149a574.jpg,1678172692,sweatshirt,black,0,288,802,720
04M52S_1678172692_48_jpg.rf.f024fe0ee39d4936bed4a33c44e7602c.jpg,1678172692,sweatshirt,black,0,289,801,720
04M52S_1678172692_49_jpg.rf.c2fd95ede116c1c98d91cc7d2b1e6189.jpg,1678172692,sweatshirt,black,0,292,800,720
04M52S_1678172692_4_jpg.rf.c836432f70eaa166f3ba09152cb5bba9.jpg,1678172692,sweatshirt,black,55,293,683,539
04M52S_1678172692_51_jpg.rf.258c0bead438bc3a1ee42dec8ff1b5a8.jpg,1678172692,sweatshirt,black,0,292,800,720
04M52S_1678172692_52_jpg.rf.1abf9ccfae49629a03d8409ba1f2c70f.jpg,1678172692,sweatshirt,black,0,290,801,720
04M52S_1678172692_54_jpg.rf.7553a5e03b6393efebb3933047f1ae7c.jpg,1678172692,sweatshirt,black,0,294,799,720
04M52S_1678172692_55_jpg.rf.658a3bd8ebb450e3f9165486cfeb35b8.jpg,1678172692,sweatshirt,black,0,293,801,719
04M52S_1678172692_56_jpg.rf.77eb7448dca90992591fd1f730dc82ed.jpg,1678172692,sweatshirt,black,0,289,803,720
04M52S_1678172692_58_jpg.rf.e420a0874e55861170d8ee2b0485478b.jpg,1678172692,sweatshirt,black,0,298,854,720
04M52S_1678172692_59_jpg.rf.6bfaa12a1f3586d366c346dd144ff1c0.jpg,1678172692,sweatshirt,black,0,286,855,720
04M52S_1678172692_5_jpg.rf.009518e418b1c88d221101c7faab8b5d.jpg,1678172692,sweatshirt,black,190,40,683,538
04M52S_1678172692_60_jpg.rf.9c6f6b2e579b31f37c417887cb1c9517.jpg,1678172692,sweatshirt,black,0,289,830,720
04M52S_1678172692_63_jpg.rf.7dd1904d8643d4e5f9bd3d9a020fc2c0.jpg,1678172692,sweatshirt,black,201,0,520,271
04M52S_1678172692_65_jpg.rf.c6ef74d26bd7bc0d96477c970ec7969d.jpg,1678172692,sweatshirt,black,45,297,855,643
04M52S_1678172692_66_jpg.rf.4d0964d72532b1a31230158222a0b807.jpg,1678172692,sweatshirt,black,49,265,847,613
04M52S_1678172692_6_jpg.rf.1ff8bf83e55d37b59d53da6d7760876b.jpg,1678172692,sweatshirt,black,194,292,677,538
04M52S_1678172692_8_jpg.rf.32a8024759bd26faee432633951bc869.jpg,1678172692,sweatshirt,black,197,299,679,535
04M52S_1678176292_20_jpg.rf.9a35392fcd10870a6b8fb8dfc1c07de4.jpg,1678176292,tshirt,white,65,306,633,546
04M52S_1678176292_28_jpg.rf.34a5efa3f0b4a21a7ae005c85547c8e7.jpg,1678176292,tshirt,white,52,304,637,574
04M52S_1678176292_32_jpg.rf.7a21d265bacd2753d98ab1b0ee469af6.jpg,1678176292,tshirt,white,50,301,651,563
04M52S_1678176292_33_jpg.rf.9b511496572adfb26d506bf15188c773.jpg,1678176292,tshirt,white,0,308,578,720
04M52S_1678176292_34_jpg.rf.a94aeb3d9b38fe0efa2431d03256ba4c.jpg,1678176292,tshirt,white,51,303,641,557
04M52S_1678176292_35_jpg.rf.274ac2fb9e332469625609d21cfd873f.jpg,1678176292,tshirt,white,49,302,648,558
04M52S_1678176292_38_jpg.rf.fc78cd5c40f8d90baa94c781f84cd678.jpg,1678176292,tshirt,white,51,303,644,555
04M52S_1678176292_3_jpg.rf.7dfe8306575a6fe7391fa5e653abe8e5.jpg,1678176292,tshirt,white,161,5,463,307
04M52S_1678176292_52_jpg.rf.5020c6dd0d500def51fa531b25221ccc.jpg,1678176292,tshirt,white,99,197,665,518
04M52S_1678176292_57_jpg.rf.425838b971b33f5cdfeffaffce2a8da1.jpg,1678176292,tshirt,white,137,8,372,274
04M52S_1678183492_14_jpg.rf.f30d5f65b131605e6b44fe99a42f7866.jpg,1678183492,tshirt,white,191,305,752,521
04M52S_1678183492_16_jpg.rf.5afaf5085b9f0011792df6caaa6c1394.jpg,1678183492,tshirt,white,192,303,748,521
04M52S_1678183492_18_jpg.rf.bb282ced7843988d780de0e71310d173.jpg,1678183492,tshirt,white,191,304,749,526
04M52S_1678183492_20_jpg.rf.5bb060541611a3e46a17bb559dbeaca7.jpg,1678183492,tshirt,white,190,305,751,535
04M52S_1678183492_25_jpg.rf.279299ac1b80b89faf9b448ceeaea6f6.jpg,1678183492,tshirt,white,190,304,754,527
04M52S_1678183492_26_jpg.rf.98e1ede7c30d5b05e9273ba2f430c13b.jpg,1678183492,tshirt,white,189,305,758,525
04M52S_1678183492_28_jpg.rf.1c382e2a0bded44b271243ef47adef00.jpg,1678183492,tshirt,white,192,305,758,523
04M52S_1678183492_7_jpg.rf.34044dc8b1e4823cfd0b2953e0f1d548.jpg,1678183492,tshirt,white,253,215,782,520
04M52S_1678187092_10_jpg.rf.5c06aa2536dc2180503c884e1ce240e4.jpg,1678187092,tshirt,nude,90,303,729,613
04M52S_1678187092_11_jpg.rf.de6d3e01aa36c91e23ab8bc93e9a6194.jpg,1678187092,tshirt,nude,7,308,700,720
04M52S_1678187092_14_jpg.rf.007985304ee8360f5da1407fe85a9ed8.jpg,1678187092,tshirt,nude,7,306,699,720
04M52S_1678187092_17_jpg.rf.9e7975660e566a630903a20a9d925e60.jpg,1678187092,tshirt,nude,9,310,700,720
04M52S_1678187092_22_jpg.rf.348e454da3f932e7c1b9d1bf7bc04c5a.jpg,1678187092,tshirt,nude,76,302,730,615
04M52S_1678187092_25_jpg.rf.669eaa54dea2ff0073b0ab601f418e1c.jpg,1678187092,tshirt,nude,89,304,675,614
04M52S_1678187092_33_jpg.rf.f0ca07dbd220f1eaa25c8561631ef798.jpg,1678187092,tshirt,nude,88,302,730,612
04M52S_1678187092_36_jpg.rf.0df2fe14dd403734de1ed60a6b45ad03.jpg,1678187092,tshirt,nude,121,303,792,603
04M52S_1678187092_47_jpg.rf.b0536300b26d8e5983aeb330d3fd6f8f.jpg,1678187092,tshirt,nude,847,130,1133,528
04M52S_1678187092_52_jpg.rf.055c2c383c6db3343f68753d6f418c5c.jpg,1678187092,tshirt,nude,858,141,1201,464
04M52S_1678187092_60_jpg.rf.14a0327b0852b0bbc1f89f90d58e07b4.jpg,1678187092,tshirt,nude,336,1,676,306
04M52S_1678187092_64_jpg.rf.1af7f71eec5a79c9bc35cec29b8e4def.jpg,1678187092,tshirt,nude,0,0,735,720
04M52S_1678190692_14_jpg.rf.f8a6c429af160037a20803966ee392eb.jpg,1678190692,tshirt,nude,188,300,664,544
04M52S_1678190692_18_jpg.rf.f209502d668c24f6001c990141b4eda7.jpg,1678190692,tshirt,nude,147,304,672,543
04M52S_1678190692_19_jpg.rf.66ea7b5abadd475384f2ab007fc6667d.jpg,1678190692,tshirt,nude,97,308,679,720
04M52S_1678190692_20_jpg.rf.a58789f4ec6ae314129fa05e47a8456a.jpg,1678190692,tshirt,nude,99,309,672,720
04M52S_1678190692_24_jpg.rf.17b4bedb39106f9d5a421828196bcaa9.jpg,1678190692,tshirt,nude,98,302,670,720
04M52S_1678190692_25_jpg.rf.95bc1b39d56a8a595a42352acbe6a694.jpg,1678190692,tshirt,nude,187,231,687,575
04M52S_1678190692_27_jpg.rf.c65c06118ed89961533828a94e1aebff.jpg,1678190692,tshirt,nude,173,305,659,588
04M52S_1678190692_28_jpg.rf.aceb3eb7909134af546e9f9f876f88e8.jpg,1678190692,tshirt,nude,216,301,682,570
04M52S_1678190692_29_jpg.rf.23be18e242b7dad68ce337744fde3e85.jpg,1678190692,tshirt,nude,196,305,681,569
04M52S_1678190692_2_jpg.rf.c3443a1df2a03223263abc1e3ddc1683.jpg,1678190692,tshirt,nude,96,306,676,720
04M52S_1678190692_31_jpg.rf.5951726c9d36c0364d65f801276926fa.jpg,1678190692,tshirt,nude,166,306,682,575
04M52S_1678190692_34_jpg.rf.0659737ed986e26d9436eea08084fbe0.jpg,1678190692,tshirt,nude,165,303,665,578
04M52S_1678190692_36_jpg.rf.b975269bf0eeb82f8f891da1f256468d.jpg,1678190692,tshirt,nude,93,309,676,720
04M52S_1678190692_39_jpg.rf.df33841056aeec526f48d2234d79a0c5.jpg,1678190692,tshirt,nude,141,304,684,576
04M52S_1678190692_44_jpg.rf.1d1d3f3076d30d6bce32d7be314c148e.jpg,1678190692,tshirt,nude,139,306,715,556
04M52S_1678190692_46_jpg.rf.f168e7e241f8a9f15da917457011e03a.jpg,1678190692,tshirt,nude,141,304,719,561
04M52S_1678190692_48_jpg.rf.501bc3ac42e8857515ae70b121c8688d.jpg,1678190692,tshirt,nude,142,305,688,565
04M52S_1678190692_49_jpg.rf.6fe75d78d76328073292e61f6c2bcc23.jpg,1678190692,tshirt,nude,144,303,718,564
04M52S_1678190692_51_jpg.rf.4675e35ca81efa71e401bb19fc3c2b3b.jpg,1678190692,tshirt,nude,94,198,717,509
04M52S_1678190692_54_jpg.rf.24e2a2f3c3df2e6d6dc9704ba1c42423.jpg,1678190692,tshirt,nude,344,59,763,418
04M52S_1678190692_55_jpg.rf.b5fb5b32fcc3d716cb49deb5347c8028.jpg,1678190692,tshirt,nude,755,28,996,338
04M52S_1678190692_5_jpg.rf.b16217bf8d692d7ae4d180aeb5547ee9.jpg,1678190692,tshirt,nude,187,302,672,535
04M52S_1678190692_63_jpg.rf.4cd50897348b0b93ab22408d572c2556.jpg,1678190692,tshirt,nude,90,312,685,720
04M52S_1678190692_65_jpg.rf.88b12aa002d7d082d7c9885d2363a3d4.jpg,1678190692,tshirt,nude,97,304,671,719
04M52S_1678190692_66_jpg.rf.71ec9216f1c5b0e94f0e2e1735bc8fb7.jpg,1678190692,tshirt,nude,101,308,675,720
04M52S_1678190692_7_jpg.rf.e4523e8325ea25a038a20f0e08eac2eb.jpg,1678190692,tshirt,nude,189,306,674,544
05M40S_1678082740_10_jpg.rf.94cd60e398937bae033fe17ee74ee975.jpg,1678082740,sweatshirt,brown,160,291,725,720
05M40S_1678082740_11_jpg.rf.f9df8f80055190e08cbf2c13a485b53a.jpg,1678082740,sweatshirt,brown,146,294,722,720
05M40S_1678082740_13_jpg.rf.e51118e44261ee116e3ad9636ee5c8a8.jpg,1678082740,sweatshirt,brown,44,81,264,293
05M40S_1678082740_15_jpg.rf.8386d87ec8889d89fa672d4f4ea14458.jpg,1678082740,sweatshirt,brown,0,323,894,719
05M40S_1678082740_16_jpg.rf.d48b8bb54d8ab7f082541e95ac125fa1.jpg,1678082740,sweatshirt,brown,0,329,843,720
05M40S_1678082740_18_jpg.rf.0e304fe4bcf3e6fba7e863ff3adcc03e.jpg,1678082740,sweatshirt,brown,0,282,842,720
05M40S_1678082740_1_jpg.rf.be25fc70f199de1cb15e0e8a79ea6be6.jpg,1678082740,sweatshirt,brown,0,296,583,720
05M40S_1678082740_20_jpg.rf.49ce0d9cf340b953f14b44190da6c5f8.jpg,1678082740,sweatshirt,brown,0,293,854,719
05M40S_1678082740_21_jpg.rf.19469c2e004fc796bbb68d5effae9a1f.jpg,1678082740,sweatshirt,brown,0,290,854,720
05M40S_1678082740_22_jpg.rf.555c042ac6fa687d13fe9f9b28b8d076.jpg,1678082740,sweatshirt,brown,0,291,851,720
05M40S_1678082740_23_jpg.rf.a6c9a4541b032241b5c8c94fde56f7d1.jpg,1678082740,sweatshirt,brown,0,149,856,719
05M40S_1678082740_24_jpg.rf.4770a0d5d344863967df1d36d909cb29.jpg,1678082740,sweatshirt,brown,0,28,796,628
05M40S_1678082740_25_jpg.rf.6af84f08266b1fee4eb35860e900770a.jpg,1678082740,sweatshirt,brown,534,0,776,292
05M40S_1678082740_2_jpg.rf.69e5eb347f8eac9f93b8f32766be2f22.jpg,1678082740,sweatshirt,brown,0,293,584,719
05M40S_1678082740_3_jpg.rf.f934249c28d2d15fa0c0a07028bde246.jpg,1678082740,sweatshirt,brown,0,276,583,720
05M40S_1678082740_4_jpg.rf.43536187ee1d11faa3e9d7cafe7c9ac6.jpg,1678082740,sweatshirt,brown,0,279,588,720
05M40S_1678082740_7_jpg.rf.f21c7a9ea758868d3c3c5bd7b4f1ed41.jpg,1678082740,sweatshirt,brown,0,300,723,720
05M40S_1678086340_10_jpg.rf.0ec2045a3b7b82578cad139128ffd275.jpg,1678086340,sweatshirt,black,26,296,783,720
05M40S_1678086340_12_jpg.rf.7a3f2a84450ae49b1e38430e8318f9e2.jpg,1678086340,sweatshirt,black,27,272,792,720
05M40S_1678086340_14_jpg.rf.36d8a89738da4c6076bdbac12459063f.jpg,1678086340,sweatshirt,brown,123,0,655,593
05M40S_1678086340_1_jpg.rf.35ed643c79982c667194b23e1a3486be.jpg,1678086340,sweatshirt,black,0,262,756,530
05M40S_1678086340_20_jpg.rf.f76104b4fe670f0c99bf4505ece65a62.jpg,1678086340,sweatshirt,black,64,296,832,720
05M40S_1678086340_21_jpg.rf.a670303952a4d19b987c93ab3bbb6b43.jpg,1678086340,sweatshirt,black,6,294,828,720
05M40S_1678086340_25_jpg.rf.f663047d47a2e3bdb95d3a42f2817983.jpg,1678086340,sweatshirt,black,270,293,832,719
05M40S_1678086340_27_jpg.rf.7ecc4ef890b37741b0f225737840fd58.jpg,1678086340,sweatshirt,black,221,295,826,720
05M40S_1678086340_29_jpg.rf.8dd1059dc8851b75bbd0dcfe2c612fbf.jpg,1678086340,sweatshirt,black,0,283,654,669
05M40S_1678086340_2_jpg.rf.c05399992113d3f2cf2c6f6573e7f7e6.jpg,1678086340,sweatshirt,black,0,263,756,531
05M40S_1678086340_31_jpg.rf.4c86e9b81957b8feb2b6fe164c1423cf.jpg,1678086340,sweatshirt,black,0,259,691,538
05M40S_1678086340_4_jpg.rf.cd3fc78c5a779adeda9889a60c6fa0f0.jpg,1678086340,sweatshirt,black,0,261,758,519
05M40S_1678086340_8_jpg.rf.c13441dc5d17a7d92800be95af9f4d06.jpg,1678086340,sweatshirt,black,26,279,804,720
05M40S_1678086340_9_jpg.rf.412d96c4d67cf13751b6c36c86437953.jpg,1678086340,sweatshirt,black,22,295,803,720
05M40S_1678089940_12_jpg.rf.f9446162fbb64f53446f6db82e52b5d0.jpg,1678089940,sweatshirt,brown,0,2,596,408
05M40S_1678089940_13_jpg.rf.3c005db879ba789afadf7ca43a424297.jpg,1678089940,sweatshirt,brown,0,1,766,720
05M40S_1678089940_14_jpg.rf.701470e01931e49f585cbdc9960e5229.jpg,1678089940,sweatshirt,brown,0,320,669,720
05M40S_1678089940_16_jpg.rf.0352bed06c7bae77f11aece219362011.jpg,1678089940,sweatshirt,brown,0,322,593,720
05M40S_1678089940_21_jpg.rf.d5cdba107101aa9bed4fd5bec1a5037b.jpg,1678089940,sweatshirt,brown,0,33,652,719
05M40S_1678089940_23_jpg.rf.064e2543396b55b5ab3c5c8c47ef33d8.jpg,1678089940,sweatshirt,brown,0,0,816,720
05M40S_1678089940_28_jpg.rf.dd5af7b36275af66f7ea9f819c634e97.jpg,1678089940,sweatshirt,brown,0,305,762,720
05M40S_1678089940_29_jpg.rf.4c66e0c1d395b36e279727055324f62d.jpg,1678089940,sweatshirt,brown,0,311,765,720
05M40S_1678089940_2_jpg.rf.72501a625a317bb689e47147cad5d961.jpg,1678089940,sweatshirt,brown,0,284,658,567
05M40S_1678089940_30_jpg.rf.2584510ce21ab3e0dcfd3d4a5e9b58bc.jpg,1678089940,sweatshirt,brown,66,304,762,719
05M40S_1678089940_31_jpg.rf.130fd71adf96ff19c263de364eabc00e.jpg,1678089940,sweatshirt,brown,169,290,762,720
05M40S_1678089940_35_jpg.rf.6c5167243079e575b26aa25744cd8712.jpg,1678089940,sweatshirt,brown,0,285,664,720
05M40S_1678089940_3_jpg.rf.62a249f74131a086d53640755dc74815.jpg,1678089940,sweatshirt,brown,0,287,675,569
05M40S_1678089940_4_jpg.rf.0885fb401afe0bed1dcebd7ec6168369.jpg,1678089940,sweatshirt,brown,0,291,696,570
05M40S_1678089940_8_jpg.rf.ea92e57a1f1a8e8151a2765fac2a5bc4.jpg,1678089940,sweatshirt,brown,0,289,708,578
05M40S_1678104340_10_jpg.rf.64f4e980c3e24a2cd20bcfb1a14275ac.jpg,1678104340,sweatshirt,brown,0,349,756,720
05M40S_1678104340_14_jpg.rf.77c92d76860849970f95502c9d9f7650.jpg,1678104340,sweatshirt,brown,0,366,669,720
05M40S_1678104340_18_jpg.rf.7af70a7e7eaec14c79c29e38e9d6ced8.jpg,1678104340,sweatshirt,brown,843,230,1245,518
05M40S_1678104340_1_jpg.rf.47c658a9cc783f68b73258d95241b6d6.jpg,1678104340,sweatshirt,brown,247,281,710,556
05M40S_1678104340_20_jpg.rf.6dab63075508a304e007778c53f02da9.jpg,1678104340,sweatshirt,brown,0,298,539,720
05M40S_1678104340_23_jpg.rf.e76833de5c3c6c04f294a5489fa0f09a.jpg,1678104340,sweatshirt,brown,960,369,1233,570
05M40S_1678104340_26_jpg.rf.7a31554dd9d5be95c4a7c52a017ed208.jpg,1678104340,sweatshirt,brown,149,0,808,361
05M40S_1678104340_35_jpg.rf.93dd73e0a4e161d403ad117033227ba5.jpg,1678104340,sweatshirt,brown,257,281,777,720
05M40S_1678104340_4_jpg.rf.6041216e2ce48bc606f3964c0161f96d.jpg,1678104340,sweatshirt,brown,0,271,746,620
05M40S_1678104340_50_jpg.rf.355d8c57e631e7d831070b83935c9e21.jpg,1678104340,sweatshirt,brown,2,268,771,626
05M40S_1678104340_5_jpg.rf.149c0a3a0d99f4131857b038440e182d.jpg,1678104340,sweatshirt,brown,1,291,741,623
05M40S_1678104340_7_jpg.rf.10a821e6c64b4c8269a031542d56a2e4.jpg,1678104340,sweatshirt,brown,0,269,788,621
05M49S_1678367149_10_jpg.rf.d0bd83d126deec56b5102f4a34ea9911.jpg,1678367149,tshirt,black,422,88,825,622
05M49S_1678367149_12_jpg.rf.a3a3ca0642af8aa89b523bdc4b73ebfc.jpg,1678367149,tshirt,black,452,3,802,444
05M49S_1678367149_13_jpg.rf.ca05fa99ca9857b1b5c379092e14fb87.jpg,1678367149,tshirt,black,426,0,901,295
05M49S_1678367149_15_jpg.rf.df808092c65d31e8997847b5f72dd470.jpg,1678367149,tshirt,black,452,201,927,700
05M49S_1678367149_16_jpg.rf.dabec72a724cf6ae3aae274c0654db0f.jpg,1678367149,tshirt,black,451,200,926,703
05M49S_1678367149_17_jpg.rf.c3d04d2572878c45e38e89aab4f5c57e.jpg,1678367149,tshirt,black,452,200,930,703
05M49S_1678367149_18_jpg.rf.70b98726368f31e024a2f439e1fb7b3e.jpg,1678367149,tshirt,black,448,200,929,704
05M49S_1678367149_20_jpg.rf.6118441d645369093a69f42103e9e8ee.jpg,1678367149,tshirt,black,455,174,921,657
05M49S_1678367149_21_jpg.rf.a91c673f052f6924d05e722e2001f1ff.jpg,1678367149,tshirt,black,491,123,901,421
05M49S_1678367149_23_jpg.rf.b8620ec620936d2510991f7ffe44e858.jpg,1678367149,tshirt,black,491,182,936,428
05M49S_1678367149_25_jpg.rf.566230d0914b7b5df5ca1e0f79819e4a.jpg,1678367149,tshirt,black,490,180,918,426
05M49S_1678367149_26_jpg.rf.a02fc4f1b7df1a09e5f98bcd65d11b6c.jpg,1678367149,tshirt,black,488,183,940,427
05M49S_1678367149_28_jpg.rf.3ce7566049ad7d61c99187a5edb8f7cd.jpg,1678367149,tshirt,black,480,182,938,428
05M49S_1678367149_31_jpg.rf.e9b4fb689d29f070ded005e04e7540b8.jpg,1678367149,tshirt,black,459,183,938,424
05M49S_1678367149_32_jpg.rf.81d4a97f4f04828e334de9be48c82f7c.jpg,1678367149,tshirt,black,457,180,935,422
05M49S_1678367149_33_jpg.rf.cfb44257bfeec57f755b7128e384210a.jpg,1678367149,tshirt,black,461,183,904,414
05M49S_1678367149_34_jpg.rf.6593c956a4d787c257d120d61771dffc.jpg,1678367149,tshirt,black,459,184,924,415
05M49S_1678367149_38_jpg.rf.6818fd822088466012fbc47b9c47e01a.jpg,1678367149,tshirt,black,490,105,895,324
05M49S_1678367149_39_jpg.rf.3fa553d537c541d510c7790298512f75.jpg,1678367149,tshirt,black,532,112,982,367
05M49S_1678367149_42_jpg.rf.280873b86d791fb0ccc51ad075188fc3.jpg,1678367149,tshirt,black,1122,81,1232,465
05M49S_1678367149_5_jpg.rf.30db654c34143116b1c41b29e5877f60.jpg,1678367149,tshirt,black,472,200,936,705
05M49S_1678367149_9_jpg.rf.7dcff46bb5802e76ea4c8b7c79d02924.jpg,1678367149,tshirt,black,396,165,821,636
05M52S_1678169152_0_jpg.rf.7d35267bc1d22d3ba7bd3bf0a04a646c.jpg,1678169152,sweatshirt,pink,178,279,738,719
05M52S_1678169152_15_jpg.rf.43b6a33d252da9e6163fdfc9ac9c917b.jpg,1678169152,sweatshirt,pink,0,264,747,584
05M52S_1678169152_16_jpg.rf.e0c5d6dae12d6357db2bd3a655675772.jpg,1678169152,sweatshirt,pink,0,265,727,587
05M52S_1678169152_17_jpg.rf.55f01558e347796ac87005e1172c6e6d.jpg,1678169152,sweatshirt,pink,1,264,695,588
05M52S_1678169152_1_jpg.rf.b58ef9811bc3367259194ecc4bbf5f1d.jpg,1678169152,sweatshirt,pink,169,278,742,720
05M52S_1678169152_22_jpg.rf.4bf0a72f287479a73eae18c2f01b91cd.jpg,1678169152,sweatshirt,pink,0,269,741,589
05M52S_1678169152_25_jpg.rf.21317bd2ccb03d24c95527b2e7672fd5.jpg,1678169152,sweatshirt,pink,0,365,865,719
05M52S_1678169152_40_jpg.rf.43c132ceac7396eea92c32634864f956.jpg,1678169152,sweatshirt,pink,8,245,870,720
05M52S_1678169152_44_jpg.rf.e49faa76951c3c17ae7c32acfd788a2b.jpg,1678169152,sweatshirt,pink,31,302,850,647
05M52S_1678169152_47_jpg.rf.427183cbe1cb706b3efb3a28aa20a8b3.jpg,1678169152,sweatshirt,pink,30,297,853,649
05M52S_1678169152_49_jpg.rf.460149d38a7013966122938a74a8c5b4.jpg,1678169152,sweatshirt,pink,33,300,854,649
05M52S_1678169152_53_jpg.rf.b127aae980c0f03f3268a44929b030d2.jpg,1678169152,sweatshirt,pink,0,247,743,659
05M52S_1678169152_56_jpg.rf.9a315b2ccf6ecdb7b5b7dba02856be55.jpg,1678169152,sweatshirt,pink,35,136,537,546
05M52S_1678169152_58_jpg.rf.aeb18bf8772bc77efd4ba5195b06d680.jpg,1678169152,sweatshirt,pink,122,0,781,258
05M52S_1678169152_60_jpg.rf.d678e6c3e92db048df644f1718743ffc.jpg,1678169152,sweatshirt,pink,0,158,636,670
05M52S_1678169152_62_jpg.rf.3182a3b24fd25bd21c2ff1fea6d1cf7d.jpg,1678169152,sweatshirt,pink,232,292,710,530
05M52S_1678169152_9_jpg.rf.aa13334b1d9c57b49ad2088788e4fd1b.jpg,1678169152,sweatshirt,pink,0,285,712,592
05M52S_1678172752_0_jpg.rf.be8ff919886d60c2f946848b3468b48b.jpg,1678172752,sweatshirt,black,197,285,680,535
05M52S_1678172752_10_jpg.rf.47e5718b34262457559a0151cb47b010.jpg,1678172752,sweatshirt,black,500,289,866,665
05M52S_1678172752_13_jpg.rf.24806f4cd2e0c309e0d10f49e1889a60.jpg,1678172752,sweatshirt,black,318,305,807,667
05M52S_1678172752_15_jpg.rf.5c1aed716025470bf5d7e17224ceb85b.jpg,1678172752,sweatshirt,black,461,176,964,601
05M52S_1678172752_7_jpg.rf.dc8edc08b11a4e12c65d89240b5384f2.jpg,1678172752,sweatshirt,black,760,228,1219,394
05M52S_1678172752_8_jpg.rf.5b578b8308cfdf8c2b2b536e266bc5c5.jpg,1678172752,sweatshirt,brown,880,346,1264,545
05M52S_1678176352_15_jpg.rf.9ef69ca6ba4ef1470e0336f47338598d.jpg,1678176352,tshirt,white,72,229,667,572
05M52S_1678176352_16_jpg.rf.22cc787e4837b2c0f5d9d691c058a5ab.jpg,1678176352,tshirt,white,87,301,676,530
05M52S_1678176352_18_jpg.rf.3f0d2f6be319001b0d720bb59ebcb527.jpg,1678176352,tshirt,white,0,308,676,720
05M52S_1678176352_24_jpg.rf.46e56c684486a5c33bd9d99ef9908ae3.jpg,1678176352,tshirt,white,87,305,681,543
05M52S_1678176352_26_jpg.rf.379dd4337272fe14fd4f3671b869b9b0.jpg,1678176352,tshirt,white,86,305,690,537
05M52S_1678176352_27_jpg.rf.aa93e60b951e7358e75454f14d03ba0b.jpg,1678176352,tshirt,white,89,302,689,540
05M52S_1678176352_32_jpg.rf.cf29bcb78e51124aa92ba1bdb47f6ba9.jpg,1678176352,tshirt,white,86,301,687,539
05M52S_1678176352_33_jpg.rf.cd3233ca53f9dc82da0bb0824324fdc2.jpg,1678176352,tshirt,white,85,303,688,539
05M52S_1678176352_34_jpg.rf.c73b6cd718e9bc811613533458bea057.jpg,1678176352,tshirt,white,86,306,688,537
05M52S_1678176352_43_jpg.rf.9bc8ca9eabe175f9632a2d5a1857c06a.jpg,1678176352,tshirt,white,56,304,678,534
05M52S_1678176352_44_jpg.rf.89540c800544a9f370b759f26894d9be.jpg,1678176352,tshirt,white,54,303,718,527
05M52S_1678176352_48_jpg.rf.d42f0afe1797f3dd6a44a6d5173caeef.jpg,1678176352,tshirt,white,84,215,688,458
05M52S_1678176352_4_jpg.rf.ec51b8f8aeaaf6130d1a4643fd9af759.jpg,1678176352,tshirt,white,87,292,631,560
05M52S_1678176352_8_jpg.rf.4d66731eb1489b325c195adacd05ac52.jpg,1678176352,tshirt,white,206,57,722,389
05M52S_1678176352_9_jpg.rf.9d9580672e38d919b911cade5c51fe3d.jpg,1678176352,tshirt,white,857,88,1110,430
05M52S_1678183552_11_jpg.rf.a8a8af9d5998b4665da9a6b73bcc9b35.jpg,1678183552,tshirt,white,81,306,612,720
05M52S_1678183552_12_jpg.rf.ac7c1578c5082b6a1e1bb9162eb22c6e.jpg,1678183552,tshirt,white,114,0,667,308
05M52S_1678183552_18_jpg.rf.b336fc6db65a1939e87754a0d5719220.jpg,1678183552,tshirt,white,80,305,621,720
05M52S_1678183552_19_jpg.rf.591c8c66c9a9e4713bfe8de7f7485938.jpg,1678183552,tshirt,white,79,305,617,719
05M52S_1678183552_32_jpg.rf.2439c521660db5185b223648b4b91070.jpg,1678183552,tshirt,white,155,306,653,504
05M52S_1678183552_43_jpg.rf.dafbc7ba42072a894272d12ae4990bdf.jpg,1678183552,tshirt,white,140,293,711,484
05M52S_1678183552_44_jpg.rf.af77356e2f3e365b0f9e1aa88d493933.jpg,1678183552,tshirt,white,141,293,710,478
05M52S_1678187152_21_jpg.rf.eb5f547bdc2e6e517f911f40f14e9025.jpg,1678187152,tshirt,nude,102,305,757,617
05M52S_1678187152_22_jpg.rf.ad61d15ee124e657849b5a3d6a3d532e.jpg,1678187152,tshirt,nude,104,303,767,626
05M52S_1678187152_23_jpg.rf.2e131c50862d0c0c6367fa706aa94478.jpg,1678187152,tshirt,nude,9,308,700,720
05M52S_1678187152_26_jpg.rf.de211c6a53b25677111e91ae9e191a31.jpg,1678187152,tshirt,nude,100,307,772,616
05M52S_1678187152_31_jpg.rf.b9e1a277ed95c334dcb3fe1583696a70.jpg,1678187152,tshirt,nude,101,305,771,617
05M52S_1678187152_35_jpg.rf.9e864455e01f7a70ef18471345809151.jpg,1678187152,tshirt,nude,102,304,774,612
05M52S_1678187152_38_jpg.rf.6dd25c7b919bf513f0d93736a7b3dc66.jpg,1678187152,tshirt,nude,101,304,775,614
05M52S_1678187152_39_jpg.rf.6d5a664662b15ffbf97ad39a18377168.jpg,1678187152,tshirt,nude,75,307,776,617
05M52S_1678187152_41_jpg.rf.444b0ab91cc184c6fdf89dc06a842a7a.jpg,1678187152,tshirt,nude,67,302,773,614
05M52S_1678187152_47_jpg.rf.865cc734fc64f64a27f37229a94c3d20.jpg,1678187152,tshirt,nude,68,300,828,610
05M52S_1678187152_51_jpg.rf.c3a08ef64cb1309e8af4ada3475b0573.jpg,1678187152,tshirt,nude,109,303,830,610
05M52S_1678187152_52_jpg.rf.a52d9373ee8fae52f2ca9958fbf1255d.jpg,1678187152,tshirt,nude,10,308,701,720
05M52S_1678187152_53_jpg.rf.c32ef277af7e8eb94f080c79c4a38c51.jpg,1678187152,tshirt,nude,110,300,829,610
05M52S_1678187152_54_jpg.rf.25e9f7a705ec6bc83cea066d4e092a3a.jpg,1678187152,tshirt,nude,132,181,748,498
05M52S_1678187152_55_jpg.rf.81a7e88723666c4c43a09a7760f11f42.jpg,1678187152,tshirt,nude,16,184,751,536
05M52S_1678187152_66_jpg.rf.949fd1865dd0e349d9b4ae46768c06f2.jpg,1678187152,tshirt,nude,0,0,791,720
05M52S_1678190752_11_jpg.rf.fcc5d29336910db6c2f278eea937597e.jpg,1678190752,tshirt,nude,162,303,728,540
05M52S_1678190752_17_jpg.rf.6a1c4da33fec4d002fefdc4122328f6f.jpg,1678190752,tshirt,nude,123,240,656,384
05M52S_1678190752_19_jpg.rf.5faff95f150d6dcc44846bb481c881ac.jpg,1678190752,tshirt,nude,218,146,723,467
05M52S_1678190752_1_jpg.rf.07888776df0f6d48a9adbe6d73f7157d.jpg,1678190752,tshirt,nude,150,303,691,531
05M52S_1678190752_24_jpg.rf.e9fd4db9514dbd2ccf18e41da08694a4.jpg,1678190752,tshirt,nude,0,25,194,280
05M52S_1678190752_28_jpg.rf.dafbaa8f374d7262f40c56661ed713e2.jpg,1678190752,tshirt,nude,0,0,732,592
05M52S_1678190752_2_jpg.rf.1b5f0dd29d02d68bdf454ab2cd22b693.jpg,1678190752,tshirt,nude,194,307,697,555
05M52S_1678190752_31_jpg.rf.5df63131fe0406a4b8dd3507f7d59b26.jpg,1678190752,tshirt,nude,114,311,687,720
05M52S_1678190752_37_jpg.rf.d9a58e412f4eb99ede244d770815576c.jpg,1678190752,tshirt,nude,114,313,689,719
05M52S_1678190752_40_jpg.rf.4d238620912badfba59541b5f52405b0.jpg,1678190752,tshirt,nude,115,316,697,720
05M52S_1678190752_50_jpg.rf.b2d2046373abe37cbcaa1bfee62d7513.jpg,1678190752,tshirt,nude,212,307,695,549
05M52S_1678190752_52_jpg.rf.c97384b6ef783bb7a6a460755a38c11f.jpg,1678190752,tshirt,nude,195,305,694,553
05M52S_1678190752_54_jpg.rf.f554aa7cd608e5f4910a4d13596e0377.jpg,1678190752,tshirt,nude,195,304,694,556
05M52S_1678190752_58_jpg.rf.d5af0561321a76920ced17110d70970b.jpg,1678190752,tshirt,nude,150,304,670,543
05M52S_1678190752_5_jpg.rf.656e621e878596dbd8f936ff8210ab27.jpg,1678190752,tshirt,nude,165,296,698,555
05M52S_1678190752_60_jpg.rf.4dd05f6c5b68218318d4f3b10cc402ba.jpg,1678190752,tshirt,nude,212,303,700,555
05M52S_1678190752_6_jpg.rf.70aca4730df13da211006ded119b23bf.jpg,1678190752,tshirt,nude,163,303,696,552
05M52S_1678190752_9_jpg.rf.a06d689597c4bc8ab836870684f84db0.jpg,1678190752,tshirt,nude,158,303,707,554
06M40S_1678082800_14_jpg.rf.462296467c8827651859c4d2162171c6.jpg,1678082800,sweatshirt,brown,0,257,705,583
06M40S_1678082800_15_jpg.rf.29a960d7c0c5d98501b94fe2b5ed5a49.jpg,1678082800,sweatshirt,brown,0,258,736,582
06M40S_1678082800_16_jpg.rf.7b2dfa7298223fddc4dc381487d2cfee.jpg,1678082800,sweatshirt,brown,135,297,719,719
06M40S_1678082800_18_jpg.rf.9ecfe8240339f0b3c3bf54f9e3984cf5.jpg,1678082800,sweatshirt,brown,0,259,720,584
06M40S_1678082800_19_jpg.rf.f0aba8261dc38e455da53e4bde9cbf32.jpg,1678082800,sweatshirt,brown,0,260,683,584
06M40S_1678082800_1_jpg.rf.16ea91d465ccafe784a8ff1213274afe.jpg,1678082800,sweatshirt,brown,119,168,577,538
06M40S_1678082800_20_jpg.rf.0416151f606ce744b42f167220a9a8ff.jpg,1678082800,sweatshirt,brown,137,296,717,720
06M40S_1678082800_22_jpg.rf.32edcd5f22b8547ec78066bbdabba1b8.jpg,1678082800,sweatshirt,brown,0,258,733,585
06M40S_1678082800_23_jpg.rf.4530ebce041b329ace0139a1e7327a81.jpg,1678082800,sweatshirt,brown,0,268,743,585
06M40S_1678082800_24_jpg.rf.7acae9613bd2c5ea682aec7663b659ed.jpg,1678082800,sweatshirt,brown,0,226,741,428
06M40S_1678082800_32_jpg.rf.e112793a197fe0250a5c7dcf334c8d0f.jpg,1678082800,sweatshirt,brown,0,275,788,720
06M40S_1678082800_33_jpg.rf.12c72e5a024da797deb3cc6d40d4a582.jpg,1678082800,sweatshirt,brown,0,272,788,720
06M40S_1678082800_34_jpg.rf.8fe46372356c23fb18a8cb5bc871b2b4.jpg,1678082800,sweatshirt,brown,0,201,791,622
06M40S_1678082800_35_jpg.rf.c9415e5ff02723d9032135fc99962ecb.jpg,1678082800,sweatshirt,brown,0,282,807,554
06M40S_1678082800_36_jpg.rf.7f4c2332b638275e810d90bd0d0e564f.jpg,1678082800,sweatshirt,brown,0,283,803,552
06M40S_1678082800_37_jpg.rf.40ff983e628518b798233ffd67fbf28f.jpg,1678082800,sweatshirt,brown,0,281,805,567
06M40S_1678082800_40_jpg.rf.7e176bca3cd10518cb7e6b8e8ad8022a.jpg,1678082800,sweatshirt,brown,0,284,806,556
06M40S_1678082800_42_jpg.rf.f40f446d815e440e5041842fd39b6efd.jpg,1678082800,sweatshirt,brown,0,287,806,565
06M40S_1678082800_43_jpg.rf.357c5bd1d9862e29400f40177e725437.jpg,1678082800,sweatshirt,brown,0,281,808,561
06M40S_1678082800_44_jpg.rf.c4d96bba0f14d37e9f878a2920858447.jpg,1678082800,sweatshirt,brown,0,265,788,527
06M40S_1678082800_47_jpg.rf.5d9c453817ca3deac8fcb8f6eed14b7a.jpg,1678082800,sweatshirt,brown,5,234,617,537
06M40S_1678082800_49_jpg.rf.6ed43ab205b2a1332224c6dffcfd1768.jpg,1678082800,sweatshirt,brown,0,115,488,623
06M40S_1678082800_4_jpg.rf.c2a05dc2e53faab1a2dbf40fe161e40c.jpg,1678082800,sweatshirt,brown,831,18,1096,161
06M40S_1678082800_50_jpg.rf.b99cd071bb56f37b1b99dab0676a3bb7.jpg,1678082800,sweatshirt,brown,0,282,471,626
06M40S_1678082800_52_jpg.rf.8d0749b0fa5aab15e1eb58c8488d9454.jpg,1678082800,sweatshirt,brown,0,283,570,540
06M40S_1678082800_53_jpg.rf.8f0968af01fb014a88ea02ede37cddb6.jpg,1678082800,sweatshirt,brown,120,160,572,540
06M40S_1678082800_6_jpg.rf.0dce8016a20ef8d2cecc36f03ac75278.jpg,1678082800,sweatshirt,brown,0,269,682,719
06M40S_1678082800_9_jpg.rf.c5eb25e5c87ea45ba0d69e7292a75861.jpg,1678082800,sweatshirt,brown,0,120,644,299
06M40S_1678086400_15_jpg.rf.f8c2c88ebaf9418c8d721cc1fbd5b068.jpg,1678086400,sweatshirt,black,10,230,721,520
06M40S_1678086400_19_jpg.rf.57d8f5a3b2f7370a1b3fd5a03ea74495.jpg,1678086400,sweatshirt,black,69,271,605,651
06M40S_1678086400_1_jpg.rf.64869fe23ffbf7a3971b114b22cc1fb4.jpg,1678086400,sweatshirt,black,13,276,736,720
06M40S_1678086400_20_jpg.rf.017b61523c71ef6ccd40ac0fb49e6662.jpg,1678086400,sweatshirt,black,88,261,687,535
06M40S_1678086400_25_jpg.rf.6928e6ab303ae096fd6d887777166500.jpg,1678086400,sweatshirt,black,619,124,1038,425
06M40S_1678086400_28_jpg.rf.18deedd759dc3638266f9ead6d443cda.jpg,1678086400,sweatshirt,black,14,284,734,720
06M40S_1678086400_41_jpg.rf.c7feb4628ba04faaceecd66050d0155f.jpg,1678086400,sweatshirt,black,112,72,604,720
06M40S_1678086400_7_jpg.rf.f2f53ea3008409f92195349a3beb9d14.jpg,1678086400,sweatshirt,black,0,292,698,720
06M40S_1678104400_11_jpg.rf.f2e0b9bbe0db5c1d4b6fbcc1e5852caf.jpg,1678104400,sweatshirt,brown,100,290,820,720
06M40S_1678104400_12_jpg.rf.09315f6b1e7679b3a4b4e334ead37188.jpg,1678104400,sweatshirt,brown,169,293,819,719
06M40S_1678104400_15_jpg.rf.f8efef1e14b6ee4692c888241f4fad43.jpg,1678104400,sweatshirt,brown,0,308,756,720
06M40S_1678104400_23_jpg.rf.28367b21a3a1f251fd1e6f5bc7546afe.jpg,1678104400,sweatshirt,brown,0,301,771,585
06M40S_1678104400_25_jpg.rf.e93874818bb02d86bfbfd111d188d155.jpg,1678104400,sweatshirt,brown,0,182,670,543
06M40S_1678104400_26_jpg.rf.a2722a64b6b7eb171733187c27bf0876.jpg,1678104400,sweatshirt,brown,0,2,425,516
06M40S_1678104400_29_jpg.rf.627b2d1ef83204615c18203632ae03bf.jpg,1678104400,sweatshirt,brown,5,303,755,719
06M40S_1678104400_32_jpg.rf.68e845ec7b90e4b54f050d35ea5dc54f.jpg,1678104400,sweatshirt,brown,217,152,697,575
06M40S_1678104400_33_jpg.rf.1c4129911d62a43bfebc639ef968cfef.jpg,1678104400,sweatshirt,brown,238,301,694,576
06M40S_1678104400_35_jpg.rf.999e172ae747383558449de252e47d5b.jpg,1678104400,sweatshirt,brown,219,176,693,560
06M40S_1678104400_37_jpg.rf.323f4a051450612fa060f799eb79d241.jpg,1678104400,sweatshirt,brown,750,190,1158,514
06M40S_1678104400_3_jpg.rf.627c5a8fe89d5ed74466366b2782c323.jpg,1678104400,sweatshirt,brown,46,341,717,720
06M40S_1678104400_43_jpg.rf.9680b3086676c5ffb554f90984426fee.jpg,1678104400,sweatshirt,brown,152,0,283,273
06M40S_1678104400_46_jpg.rf.6742856440e386a8208735bf5be32305.jpg,1678104400,sweatshirt,brown,50,344,709,719
06M40S_1678104400_48_jpg.rf.097e4f890bcb86a9f3eefdaec2a15e94.jpg,1678104400,sweatshirt,brown,47,322,717,720
06M40S_1678104400_49_jpg.rf.f130d90eff1696ae259aeb99e3b8c885.jpg,1678104400,sweatshirt,brown,2,302,757,720
06M40S_1678104400_4_jpg.rf.484129d1830ef830af35f574b3d37a01.jpg,1678104400,sweatshirt,brown,41,354,640,719
06M40S_1678104400_50_jpg.rf.c7a5eb8e1ac3013936202381fd34518b.jpg,1678104400,sweatshirt,brown,47,320,717,720
06M40S_1678104400_52_jpg.rf.81546b07790294b8cb6c9326a10a74a4.jpg,1678104400,sweatshirt,brown,47,286,716,720
06M40S_1678104400_54_jpg.rf.1fe286c8465ba88a1a3c6cd6347cfaf9.jpg,1678104400,sweatshirt,brown,52,193,720,719
06M40S_1678104400_55_jpg.rf.d16049b2d37d3a547ba8309b245c2503.jpg,1678104400,sweatshirt,brown,81,29,719,644
06M40S_1678104400_57_jpg.rf.8d9ae20f4b889cedcf73f420dd7876ec.jpg,1678104400,sweatshirt,brown,45,344,717,719
06M40S_1678104400_58_jpg.rf.f1d97944ed5ea8aafa00ccdd85e042c2.jpg,1678104400,sweatshirt,brown,50,359,710,720
06M40S_1678104400_5_jpg.rf.0ea3019a5242f34720444f3fb40a0e48.jpg,1678104400,sweatshirt,brown,40,353,651,719
06M40S_1678104400_6_jpg.rf.183fc3c5fef05237872695ed4a0daf66.jpg,1678104400,sweatshirt,brown,41,353,642,719
06M40S_1678104400_7_jpg.rf.2ccf2f6343d1e0937d3d963253763782.jpg,1678104400,sweatshirt,brown,39,324,652,719
06M49S_1678367209_10_jpg.rf.b6ce25c62674a0305915b75c2cf98e2c.jpg,1678367209,tshirt,black,468,181,932,596
06M49S_1678367209_12_jpg.rf.71749d9518c005ca37a04389b8def94d.jpg,1678367209,tshirt,black,467,178,937,596
06M49S_1678367209_14_jpg.rf.b02836425ea78e3bf17f66ddd7b5ea35.jpg,1678367209,tshirt,black,471,181,936,595
06M49S_1678367209_16_jpg.rf.e512853bf1b042580e9209ec0b22964b.jpg,1678367209,tshirt,black,474,181,935,584
06M49S_1678367209_19_jpg.rf.1f0de4fd6bbf3d00c6fc5ea7f20bb9f4.jpg,1678367209,tshirt,black,503,181,886,383
06M49S_1678367209_1_jpg.rf.997e0abfe0032a795091dee6b295eea6.jpg,1678367209,tshirt,black,467,161,932,597
06M49S_1678367209_22_jpg.rf.c2e7835731997ca9c329c5c1465db521.jpg,1678367209,tshirt,black,506,180,915,389
06M49S_1678367209_24_jpg.rf.cc9bcf5eb73869c66aac33c6af8c8312.jpg,1678367209,tshirt,black,506,181,917,391
06M49S_1678367209_28_jpg.rf.1f5c4aedc067a41e8e2028f34e7c44b4.jpg,1678367209,tshirt,black,480,180,936,381
06M49S_1678367209_29_jpg.rf.f17870ebc8131fea033435ab29ae2bb1.jpg,1678367209,tshirt,black,486,180,935,374
06M49S_1678367209_30_jpg.rf.537ffecdfa26099d164c0a4e1c1f0b24.jpg,1678367209,tshirt,black,501,182,935,375
06M49S_1678367209_31_jpg.rf.a224326359309d688a2d3894e1261828.jpg,1678367209,tshirt,black,531,115,988,454
06M49S_1678367209_33_jpg.rf.6df98c5f0c0c2733b86b778e5a809ee9.jpg,1678367209,tshirt,black,1072,79,1207,428
06M49S_1678367209_4_jpg.rf.44384686e5c094aaffd7e24ba10c00fd.jpg,1678367209,tshirt,black,438,0,1060,450
06M49S_1678367209_5_jpg.rf.56858ee65373b282153f347cb00a8af5.jpg,1678367209,tshirt,black,499,198,982,720
06M49S_1678367209_7_jpg.rf.c9b1780e6fe572ab06536707addf2b74.jpg,1678367209,tshirt,black,504,200,967,683
06M49S_1678367209_9_jpg.rf.67817443c14df7a7a9a25a907c972b1e.jpg,1678367209,tshirt,black,466,166,933,598
06M52S_1678169212_11_jpg.rf.941868ea73b8e9b9fb644b72ff8c6b11.jpg,1678169212,sweatshirt,pink,62,335,576,720
06M52S_1678169212_12_jpg.rf.e0def6938b0b6bc4af079285bae7fb09.jpg,1678169212,sweatshirt,pink,54,334,483,719
06M52S_1678169212_30_jpg.rf.843ec2d5f768164fc3036a99fd8db990.jpg,1678169212,sweatshirt,brown,491,282,867,475
06M52S_1678169212_33_jpg.rf.9ec12016328303917759b6d523b2ea77.jpg,1678169212,sweatshirt,brown,409,295,879,595
06M52S_1678169212_35_jpg.rf.7765774bf79c0c85a5717f67a48d1441.jpg,1678169212,sweatshirt,brown,410,280,883,594
06M52S_1678169212_37_jpg.rf.8c64cb258753ad2e153cee89a38d401d.jpg,1678169212,sweatshirt,brown,595,238,855,434
06M52S_1678169212_38_jpg.rf.ae0fa45e92c6f2216103fba0f12cda2c.jpg,1678169212,sweatshirt,brown,645,21,814,163
06M52S_1678169212_5_jpg.rf.1d8f1744d772d23b715921a04f574cad.jpg,1678169212,sweatshirt,pink,299,0,680,311
06M52S_1678169212_6_jpg.rf.61784680a13362768020b02e98a1ec0a.jpg,1678169212,sweatshirt,pink,255,1,671,81
06M52S_1678169212_7_jpg.rf.85b37e48e005fff76ba0dad59582ad9d.jpg,1678169212,sweatshirt,pink,0,0,879,720
06M52S_1678176412_2_jpg.rf.d5e39322c63207415f9e38b2b79dd5a7.jpg,1678176412,tshirt,white,877,169,1078,512
06M52S_1678183612_23_jpg.rf.14c8af988f67362ba278b86edcd7d7e1.jpg,1678183612,tshirt,white,179,306,720,506
06M52S_1678183612_27_jpg.rf.3a3cfd4d248ce0ba42b187f782838ac3.jpg,1678183612,tshirt,white,177,303,725,517
06M52S_1678183612_32_jpg.rf.39c0c1b2e292569b02a0f72c65145b00.jpg,1678183612,tshirt,white,174,305,724,525
06M52S_1678183612_41_jpg.rf.c7a180e177d96abf5b969abdb1627223.jpg,1678183612,tshirt,white,166,297,736,500
06M52S_1678183612_45_jpg.rf.09a2c71f4acc00484362b0726209bb26.jpg,1678183612,tshirt,white,189,187,703,419
06M52S_1678183612_46_jpg.rf.4cc017e0a365c49366083e0ad8a0c122.jpg,1678183612,tshirt,white,118,189,686,499
06M52S_1678183612_49_jpg.rf.d93f9553048c6653ca6e051a9676a220.jpg,1678183612,tshirt,white,81,309,691,720
06M52S_1678187212_15_jpg.rf.521b2a15f33fa9bc6d60151bf4c96e2a.jpg,1678187212,tshirt,nude,29,305,729,720
06M52S_1678187212_23_jpg.rf.d03d72cd2f0bd69d3b8be4ed26ebee0d.jpg,1678187212,tshirt,nude,89,302,780,602
06M52S_1678187212_27_jpg.rf.af36c41bc2c3b40553dd2e2d77f62563.jpg,1678187212,tshirt,nude,87,306,779,604
06M52S_1678187212_29_jpg.rf.d8386592ef8a94d4c0a3f3b38029b10a.jpg,1678187212,tshirt,nude,88,306,780,602
06M52S_1678187212_31_jpg.rf.89c407bc96bf9257ba823e9c14d91b25.jpg,1678187212,tshirt,nude,107,304,785,604
06M52S_1678187212_33_jpg.rf.89a75cef298bf258af2afd23e74dd253.jpg,1678187212,tshirt,nude,80,307,782,602
06M52S_1678187212_34_jpg.rf.ac6805cb53b8f800715aaac646d8e720.jpg,1678187212,tshirt,nude,89,305,784,617
06M52S_1678187212_35_jpg.rf.bb20067faefa2b6d873f52cdde1af53b.jpg,1678187212,tshirt,nude,117,303,783,607
06M52S_1678187212_36_jpg.rf.34e33d990b2466b968ec3593e91329b1.jpg,1678187212,tshirt,nude,132,304,790,608
06M52S_1678187212_37_jpg.rf.cb95cd37a1925271d4fb306ec90cb477.jpg,1678187212,tshirt,nude,112,305,788,606
06M52S_1678187212_39_jpg.rf.7e9303102184cd746b43ae4a931874e7.jpg,1678187212,tshirt,nude,97,303,793,604
06M52S_1678187212_43_jpg.rf.d0930a0ace7359c4277b3271f6611a6f.jpg,1678187212,tshirt,nude,98,307,792,603
06M52S_1678187212_45_jpg.rf.e7193f7680253d922afbcfa0ed4efe30.jpg,1678187212,tshirt,nude,76,287,794,603
06M52S_1678187212_47_jpg.rf.e81637683c4949de7bfd69cbcdfd3e6a.jpg,1678187212,tshirt,nude,65,309,797,603
06M52S_1678187212_48_jpg.rf.fb5edb6f56d571b6322eafe8e54fdaaa.jpg,1678187212,tshirt,nude,65,298,793,600
06M52S_1678187212_49_jpg.rf.14d8243cc468c26ea8029c644871d23e.jpg,1678187212,tshirt,nude,88,305,794,598
06M52S_1678187212_56_jpg.rf.9d046f3153927c1401df388899916c6f.jpg,1678187212,tshirt,nude,82,302,827,601
06M52S_1678187212_57_jpg.rf.5d46f54b22921a263c3ee314d11b594d.jpg,1678187212,tshirt,nude,82,301,825,595
06M52S_1678187212_5_jpg.rf.a81cea864f910757f2d0aef5bf2af82c.jpg,1678187212,tshirt,nude,0,4,741,719
06M52S_1678190812_10_jpg.rf.721a96dc57e0b5cc69757271bda37999.jpg,1678190812,tshirt,nude,64,314,676,719
06M52S_1678190812_13_jpg.rf.030665d5475867f5d62ccb6f045b6441.jpg,1678190812,tshirt,nude,62,314,672,720
06M52S_1678190812_16_jpg.rf.975ab1e98b10cfa0beca9c1463897e7d.jpg,1678190812,tshirt,nude,387,56,768,312
06M52S_1678190812_17_jpg.rf.bf912993a8afd05c9425f89a6ef04afb.jpg,1678190812,tshirt,nude,159,239,728,537
06M52S_1678190812_31_jpg.rf.c47a9722add0d1b64a5db45d33303e3a.jpg,1678190812,tshirt,nude,71,313,675,719
06M52S_1678190812_34_jpg.rf.423a3f4d3583a78362eb15b97a2df1b8.jpg,1678190812,tshirt,nude,72,310,678,720
06M52S_1678190812_35_jpg.rf.17ba25bbb8ee694a946cb7ed83153dad.jpg,1678190812,tshirt,nude,69,309,679,720
06M52S_1678190812_37_jpg.rf.425c99f558a96c9cbf5b019eb2994ea4.jpg,1678190812,tshirt,nude,70,300,680,720
06M52S_1678190812_40_jpg.rf.adc5642b28428867ecbecd29fb863846.jpg,1678190812,tshirt,nude,150,308,663,549
06M52S_1678190812_41_jpg.rf.dc1d12ef82cbe6ac1b668c039bc2ebbf.jpg,1678190812,tshirt,nude,150,302,636,563
06M52S_1678190812_42_jpg.rf.3c7099679a35df83a2981de103e7d5fb.jpg,1678190812,tshirt,nude,152,311,667,554
06M52S_1678190812_4_jpg.rf.d9d0669bcf28869b95c294868805e6a6.jpg,1678190812,tshirt,black,0,23,116,291
06M52S_1678190812_51_jpg.rf.db363a5cab143e913ce5d2a66b4ef1f2.jpg,1678190812,tshirt,nude,150,305,665,564
06M52S_1678190812_52_jpg.rf.c56d17bd5a3eaa533c0486110d164ea8.jpg,1678190812,tshirt,nude,152,301,667,556
06M52S_1678190812_53_jpg.rf.b486e4f23964d8d6d6d8174ca47d9313.jpg,1678190812,tshirt,nude,151,304,671,558
06M52S_1678190812_54_jpg.rf.b1e24f272e4d1836da58b6d9be73ab16.jpg,1678190812,tshirt,nude,152,304,670,558
06M52S_1678190812_59_jpg.rf.a6bfd1443310cae1b30ac37281b0bfd0.jpg,1678190812,tshirt,nude,166,308,671,558
06M52S_1678190812_5_jpg.rf.20aae7ceac1be003a3bc9f44cda3248d.jpg,1678190812,tshirt,nude,265,0,497,309
06M52S_1678190812_60_jpg.rf.d9880d95e9c59fc42c73758e61c05b3a.jpg,1678190812,tshirt,nude,141,303,669,556
06M52S_1678190812_61_jpg.rf.f1f4ca1f20e524e35995f7d8b6358968.jpg,1678190812,tshirt,nude,140,305,679,557
06M52S_1678190812_65_jpg.rf.d9132e7dad7a77bb4fa6451da2f3c14a.jpg,1678190812,tshirt,nude,139,303,714,551
06M52S_1678190812_66_jpg.rf.3d91ae428f5ef8a72104c93b08d04938.jpg,1678190812,tshirt,nude,151,226,676,338
06M52S_1678190812_69_jpg.rf.037747f3b07aa7cc99f86bd0ac7c603f.jpg,1678190812,tshirt,nude,635,30,876,363
06M52S_1678190812_6_jpg.rf.a92a92f8ce3bbd4807573f17761e5726.jpg,1678190812,tshirt,nude,347,29,809,314
06M52S_1678190812_8_jpg.rf.d2df388dd280e87969ecf81db6692f44.jpg,1678190812,tshirt,nude,0,0,733,579
07M40S_1678082860_0_jpg.rf.35151e95bfe47b379e68ee048f8d8e64.jpg,1678082860,sweatshirt,brown,0,334,645,719
07M40S_1678082860_10_jpg.rf.54c0dd6bfe1996066eab4c98aec7c545.jpg,1678082860,sweatshirt,brown,0,287,912,659
07M40S_1678082860_12_jpg.rf.8c575924eaa7b3d4e014775eeb26dc5b.jpg,1678082860,sweatshirt,nude,0,298,627,720
07M40S_1678082860_15_jpg.rf.8c00fab295576d675ff6b8bebf829be9.jpg,1678082860,sweatshirt,nude,161,0,665,452
07M40S_1678082860_16_jpg.rf.f08308cf132556201fbdcd59c0cd36f4.jpg,1678082860,sweatshirt,brown,389,1,827,144
07M40S_1678082860_17_jpg.rf.d6add7708c973931967147aa98c8a963.jpg,1678082860,sweatshirt,brown,0,2,715,720
07M40S_1678082860_1_jpg.rf.3ef0ec71636934e31dbac0afc6e75d73.jpg,1678082860,sweatshirt,brown,0,296,629,720
07M40S_1678082860_22_jpg.rf.dd8f36fe50e7a1ed03fd682b969c02f1.jpg,1678082860,sweatshirt,brown,0,293,572,719
07M40S_1678082860_23_jpg.rf.10f1a23fc055a0828a6da221c31dec0a.jpg,1678082860,sweatshirt,brown,0,242,705,720
07M40S_1678082860_24_jpg.rf.0c84cb342a70f7618c4da059bf67f187.jpg,1678082860,sweatshirt,brown,0,283,784,719
07M40S_1678082860_28_jpg.rf.0b2319812bd25e301131a8e82d1cabad.jpg,1678082860,sweatshirt,brown,71,284,779,719
07M40S_1678082860_31_jpg.rf.d2c74de62d4bb27e3dfa28192e7a148c.jpg,1678082860,sweatshirt,brown,970,0,1280,238
07M40S_1678082860_39_jpg.rf.def5b24c267edeb01b73ee5c6e0e60b2.jpg,1678082860,sweatshirt,nude,0,323,667,719
07M40S_1678082860_3_jpg.rf.296137a0b8a06c78049b6f9b28bab16e.jpg,1678082860,sweatshirt,brown,0,309,839,720
07M40S_1678082860_40_jpg.rf.2cbe5685b48281575aec8a6ad9fdb547.jpg,1678082860,sweatshirt,brown,0,113,675,719
07M40S_1678082860_41_jpg.rf.f8e9421ee2106af4e2d2b71bba8cd480.jpg,1678082860,sweatshirt,brown,380,0,1280,630
07M40S_1678082860_42_jpg.rf.df91bbf6a86e8494d7267b67c588c9f0.jpg,1678082860,sweatshirt,brown,0,241,1054,720
07M40S_1678082860_43_jpg.rf.02ef13661e88390c64ef0fa0a76af323.jpg,1678082860,sweatshirt,brown,0,306,838,720
07M40S_1678082860_44_jpg.rf.529c51a4fc73faf36769511c479ca49e.jpg,1678082860,sweatshirt,nude,0,266,844,720
07M40S_1678082860_47_jpg.rf.7791980ec5bba66c28fce7066d4890d7.jpg,1678082860,sweatshirt,nude,0,308,837,720
07M40S_1678082860_48_jpg.rf.b639fa87b726531f871241ee59f0d28b.jpg,1678082860,sweatshirt,brown,0,296,840,720
07M40S_1678082860_49_jpg.rf.ef09d5372bbc28e7741d645f3f044136.jpg,1678082860,sweatshirt,brown,0,303,840,719
07M40S_1678082860_5_jpg.rf.c49bce9f766e261483f0ca453b3c5097.jpg,1678082860,sweatshirt,nude,0,193,842,719
07M40S_1678082860_7_jpg.rf.92e69ec23e22798059890c74a7fa901a.jpg,1678082860,sweatshirt,brown,0,285,814,712
07M40S_1678082860_9_jpg.rf.2db1ff798f7a7ea1d923c0eeeb2927eb.jpg,1678082860,sweatshirt,brown,0,287,931,659
07M40S_1678086460_10_jpg.rf.c9a707086fa5a44c115e8ce9fadc3f9f.jpg,1678086460,sweatshirt,black,211,4,459,396
07M40S_1678086460_11_jpg.rf.00192d12e43c622a5274b36f1ce25154.jpg,1678086460,sweatshirt,black,195,290,733,720
07M40S_1678086460_14_jpg.rf.d4fe3669344bcd8f3d56a384dd48a82e.jpg,1678086460,sweatshirt,black,200,290,734,720
07M40S_1678086460_15_jpg.rf.8c2fdb95324011fde690d600926a2ece.jpg,1678086460,sweatshirt,black,201,290,734,720
07M40S_1678086460_16_jpg.rf.2425a222343f7c95310ebb5e8c3df29d.jpg,1678086460,sweatshirt,black,90,285,712,720
07M40S_1678086460_17_jpg.rf.6a022b56eb323f920606b1aa0497bff3.jpg,1678086460,sweatshirt,black,0,272,688,707
07M40S_1678086460_1_jpg.rf.520ef1d2100b17af6e1d633af3c78968.jpg,1678086460,sweatshirt,black,248,294,736,719
07M40S_1678086460_21_jpg.rf.444bb63e713a8426ec491909dc6ce55b.jpg,1678086460,sweatshirt,black,0,276,695,720
07M40S_1678086460_23_jpg.rf.e9fe4689330681b03ec8b8e9d6edc87c.jpg,1678086460,sweatshirt,black,0,290,726,720
07M40S_1678086460_26_jpg.rf.976fe9622c373fc466501e65d8bc7158.jpg,1678086460,sweatshirt,black,0,292,725,720
07M40S_1678086460_27_jpg.rf.f9798b44592e6c5784b851db1409ec1e.jpg,1678086460,sweatshirt,black,0,265,739,476
07M40S_1678086460_28_jpg.rf.ebafc8bf9582f666fcfedf93df799bb3.jpg,1678086460,sweatshirt,black,0,284,740,535
07M40S_1678086460_31_jpg.rf.2f1b43af2378c1ddd07e27407c5f5a9b.jpg,1678086460,sweatshirt,black,0,281,836,720
07M40S_1678086460_32_jpg.rf.6f43c40620a869e1841fdbf194ee3601.jpg,1678086460,sweatshirt,black,0,277,833,719
07M40S_1678086460_35_jpg.rf.b9c1a640d0a090ba107b9e3d180307d7.jpg,1678086460,sweatshirt,black,0,301,802,600
07M40S_1678086460_4_jpg.rf.56bc7c3d78ecdcf770d6bd2ec6267015.jpg,1678086460,sweatshirt,black,0,302,800,602
07M40S_1678086460_5_jpg.rf.2f7532672998cb43cfe814bb613bc45c.jpg,1678086460,sweatshirt,black,0,304,799,602
07M40S_1678086460_7_jpg.rf.2c0eb1ed6b74e3c5daa640a331ef380b.jpg,1678086460,sweatshirt,black,0,300,802,601
07M40S_1678086460_8_jpg.rf.9f5b2c115d8c17b2b07d227c3855de1f.jpg,1678086460,sweatshirt,black,0,266,758,562
07M40S_1678090060_14_jpg.rf.b47509df6f289e9e694372db9525f89f.jpg,1678090060,sweatshirt,brown,0,288,675,720
07M40S_1678090060_15_jpg.rf.117cda1e6805c590b38b8ff6e95c23a8.jpg,1678090060,sweatshirt,brown,0,306,626,720
07M40S_1678090060_16_jpg.rf.d8fc5b7c93beb7d025fbcc5f9526c01a.jpg,1678090060,sweatshirt,brown,0,307,622,719
07M40S_1678090060_17_jpg.rf.60e4f2c540ee77f52257c587f60e2100.jpg,1678090060,sweatshirt,brown,0,310,629,720
07M40S_1678090060_18_jpg.rf.53afb6dc40e4ceb0a87913488f30fab6.jpg,1678090060,sweatshirt,brown,0,285,638,720
07M40S_1678090060_19_jpg.rf.689e325af374f3d96c7f472d6b5b7c57.jpg,1678090060,sweatshirt,brown,105,0,701,418
07M40S_1678090060_23_jpg.rf.0d1683fb68ef1c04538e86807cd88fad.jpg,1678090060,sweatshirt,brown,0,323,483,719
07M40S_1678090060_25_jpg.rf.f29a70c67c6f8a44168b1b98c34bf57b.jpg,1678090060,sweatshirt,brown,0,308,500,720
07M40S_1678090060_27_jpg.rf.10642efe9bc76457a481efa5281abebe.jpg,1678090060,sweatshirt,brown,0,302,566,720
07M40S_1678090060_28_jpg.rf.df893c403697f5822b14493a267db1b2.jpg,1678090060,sweatshirt,brown,0,298,762,720
07M40S_1678090060_36_jpg.rf.f33582a87f3e2b63077aa4e1ed0f2c1d.jpg,1678090060,sweatshirt,brown,0,267,620,719
07M40S_1678090060_37_jpg.rf.1a514aa2d3055d5231b96aa2e2979a57.jpg,1678090060,sweatshirt,brown,0,278,651,720
07M40S_1678090060_42_jpg.rf.9428d73c0df864bcdac999d5fcde6abd.jpg,1678090060,sweatshirt,brown,0,262,682,572
07M40S_1678090060_7_jpg.rf.36ed02e21ba765871e627e34e04d3442.jpg,1678090060,sweatshirt,brown,0,315,749,720
07M40S_1678104460_0_jpg.rf.deca973596e9a32ede53f9d0d274da6a.jpg,1678104460,sweatshirt,brown,216,289,820,720
07M40S_1678104460_17_jpg.rf.1c78085b40c205ea9c6eb951f852e67e.jpg,1678104460,sweatshirt,brown,191,291,817,719
07M40S_1678104460_19_jpg.rf.196c8f71ca1dd838823058316b82b072.jpg,1678104460,sweatshirt,brown,187,291,819,720
07M40S_1678104460_20_jpg.rf.a5bec01e5703abbf9885802558da1531.jpg,1678104460,sweatshirt,brown,179,292,819,720
07M40S_1678104460_21_jpg.rf.8403be23dee06300ae7099b7ba1bb70b.jpg,1678104460,sweatshirt,brown,52,282,812,720
07M40S_1678104460_23_jpg.rf.d70b365e2c93d857c5ecf21ca0e12513.jpg,1678104460,sweatshirt,brown,0,290,716,713
07M40S_1678104460_28_jpg.rf.f501ad03db73e84a503f41168f1b8e0b.jpg,1678104460,sweatshirt,brown,0,271,751,580
07M40S_1678104460_2_jpg.rf.4a364f06740cf84f38c79d491531060d.jpg,1678104460,sweatshirt,brown,205,291,817,720
07M40S_1678104460_30_jpg.rf.70e424e0c01486d4f4b66c9d67c4e8b8.jpg,1678104460,sweatshirt,brown,0,270,718,580
07M40S_1678104460_32_jpg.rf.0431fb1609430e5288c6b2693d0c950a.jpg,1678104460,sweatshirt,brown,0,279,741,581
07M40S_1678104460_35_jpg.rf.7e90c8cfd71fbdab5d4b95c4321dc384.jpg,1678104460,sweatshirt,brown,0,271,748,580
07M40S_1678104460_36_jpg.rf.43833e123218dfe9b1112a09c7abfe55.jpg,1678104460,sweatshirt,brown,0,271,744,581
07M40S_1678104460_37_jpg.rf.88c86fb455bfc59f865e3433e88c1a65.jpg,1678104460,sweatshirt,brown,0,272,746,580
07M40S_1678104460_39_jpg.rf.2a36690e0144b253528fbbbed9cbed3e.jpg,1678104460,sweatshirt,brown,6,344,728,720
07M40S_1678104460_43_jpg.rf.e53de920978fab767b0e6ce8899905d0.jpg,1678104460,sweatshirt,brown,5,285,740,720
07M40S_1678104460_44_jpg.rf.eb419953af0cfd81d20cfe3025651e81.jpg,1678104460,sweatshirt,brown,0,282,738,720
07M40S_1678104460_46_jpg.rf.0dbb2426808d3b8521ef3fd89121ffe1.jpg,1678104460,sweatshirt,brown,0,303,718,583
07M40S_1678104460_4_jpg.rf.9b88b8b14126c879596171eb0b7fa0a4.jpg,1678104460,sweatshirt,brown,161,301,619,649
07M40S_1678104460_52_jpg.rf.9df4bdd22e519c46b64fa8816324af18.jpg,1678104460,sweatshirt,brown,0,302,734,575
07M40S_1678104460_53_jpg.rf.5923d9f6b00a5e808b24ce112d149c79.jpg,1678104460,sweatshirt,brown,0,301,734,575
07M40S_1678104460_55_jpg.rf.33721dba1159379850629d8ead8626c0.jpg,1678104460,sweatshirt,brown,52,0,454,532
07M40S_1678104460_56_jpg.rf.06a6a2c57a54acbb5dd4474ea31df4bf.jpg,1678104460,sweatshirt,brown,63,69,805,298
07M40S_1678104460_57_jpg.rf.22602c5ca23e4b4919b9cdaee522182b.jpg,1678104460,sweatshirt,brown,163,287,708,648
07M40S_1678104460_7_jpg.rf.704d9ce9d7e323832ecf27d32bd02803.jpg,1678104460,sweatshirt,brown,312,190,781,476
07M49S_1678367269_0_jpg.rf.631d23866ee4d3ed3489cd530324d5f9.jpg,1678367269,tshirt,black,503,189,969,684
07M49S_1678367269_13_jpg.rf.1e588041e95e774436cd74ffa28d8959.jpg,1678367269,tshirt,black,529,184,929,378
07M49S_1678367269_19_jpg.rf.057062bcf735846a771dd26aea001747.jpg,1678367269,tshirt,black,494,180,929,371
07M49S_1678367269_25_jpg.rf.141c4a4820debfd3724aaf17a2df057d.jpg,1678367269,tshirt,black,995,48,1168,383
07M52S_1678169272_0_jpg.rf.f0ef812b7ca2ecd68add94752689dbdf.jpg,1678169272,sweatshirt,pink,53,328,601,720
07M52S_1678169272_11_jpg.rf.a581de3c6a039dd17baa2e622ac08f56.jpg,1678169272,sweatshirt,pink,0,272,779,720
07M52S_1678169272_12_jpg.rf.0673167b0d862d202ad0f5f07671b1f3.jpg,1678169272,sweatshirt,pink,0,270,780,720
07M52S_1678169272_13_jpg.rf.b353b466fd8b5c2591faae55b249df56.jpg,1678169272,sweatshirt,pink,0,274,779,719
07M52S_1678169272_14_jpg.rf.2b5c137307489eea8dd8cf1ae349deab.jpg,1678169272,sweatshirt,pink,0,280,780,720
07M52S_1678169272_1_jpg.rf.502ac2d3933735a32899873d76a827a6.jpg,1678169272,sweatshirt,pink,58,333,640,719
07M52S_1678169272_21_jpg.rf.91b0020b8c7d31fcb1fb2bd81cc9a0c2.jpg,1678169272,sweatshirt,pink,0,328,648,720
07M52S_1678169272_24_jpg.rf.88d61c596d313fd2e8fcbfeaf3d58e0e.jpg,1678169272,sweatshirt,pink,0,271,760,719
07M52S_1678169272_27_jpg.rf.11aefc720bb5834083799aaaf0cf7600.jpg,1678169272,sweatshirt,pink,142,274,759,720
07M52S_1678169272_29_jpg.rf.8c88cd85864f243716322a1768ee0e4f.jpg,1678169272,sweatshirt,pink,207,279,762,720
07M52S_1678169272_34_jpg.rf.42886da431d1220b5d034d7ce5d59ecd.jpg,1678169272,sweatshirt,pink,120,53,686,719
07M52S_1678169272_37_jpg.rf.92a02f3a43882eff1cd6e4b189f19ed8.jpg,1678169272,sweatshirt,pink,0,282,628,720
07M52S_1678169272_3_jpg.rf.bdc3e784cbfd37fbb45c87ee44dd1f0b.jpg,1678169272,sweatshirt,pink,0,276,780,720
07M52S_1678169272_42_jpg.rf.6060f32509ba6b28df85b18ec1fc2cb7.jpg,1678169272,sweatshirt,pink,0,283,773,579
07M52S_1678169272_43_jpg.rf.0b9311e7a58d91b30bbe1a2473c08c4c.jpg,1678169272,sweatshirt,pink,514,1,745,357
07M52S_1678169272_44_jpg.rf.b2418ce086e0f36dbf0237c71fc6938c.jpg,1678169272,sweatshirt,pink,0,279,758,580
07M52S_1678169272_46_jpg.rf.79461c1f6f6dc3755af762db44513cf3.jpg,1678169272,sweatshirt,pink,0,280,799,580
07M52S_1678169272_47_jpg.rf.30837ff460b6a36e0e0758505b8f9807.jpg,1678169272,sweatshirt,pink,0,282,796,576
07M52S_1678169272_48_jpg.rf.e8d2a7708fc57426f61d4b3ef47c5178.jpg,1678169272,sweatshirt,pink,0,281,734,576
07M52S_1678169272_51_jpg.rf.38d7394935f8d8c24940bcf75ba3cdb8.jpg,1678169272,sweatshirt,pink,0,290,795,576
07M52S_1678169272_52_jpg.rf.1e2a5633a6de2274b307b47eaa5f0cc7.jpg,1678169272,sweatshirt,pink,0,280,794,578
07M52S_1678169272_58_jpg.rf.170fe1f77e2784f0a67abade3355a456.jpg,1678169272,sweatshirt,pink,0,281,793,531
07M52S_1678169272_5_jpg.rf.33b5fb1c74cec7106ddf592e65cf831d.jpg,1678169272,sweatshirt,pink,0,273,779,719
07M52S_1678169272_64_jpg.rf.fab56aaee16301eb3f007f47e7773192.jpg,1678169272,sweatshirt,pink,0,272,778,720
07M52S_1678169272_7_jpg.rf.1be18654e6028d3f90c780b1f83e1ae9.jpg,1678169272,sweatshirt,pink,0,273,779,719
07M52S_1678169272_8_jpg.rf.b74fe00c5fd3671fc8c0a43f905e031f.jpg,1678169272,sweatshirt,pink,0,274,781,719
07M52S_1678183672_0_jpg.rf.a260e5044ed792f9b01cb697268a0258.jpg,1678183672,tshirt,white,56,313,641,719
07M52S_1678183672_18_jpg.rf.98a6dc299f612215c08d2053e4ef20af.jpg,1678183672,tshirt,white,55,315,654,720
07M52S_1678183672_22_jpg.rf.e0883f962bdb395f31006258fbd19bfa.jpg,1678183672,tshirt,white,56,318,641,720
07M52S_1678183672_28_jpg.rf.ba1abf65e63bad1634ccc06a1a48e1a5.jpg,1678183672,tshirt,white,133,304,695,507
07M52S_1678183672_30_jpg.rf.14e3daf29c1ee77531fcb60af3a86fbe.jpg,1678183672,tshirt,white,135,296,695,526
07M52S_1678183672_34_jpg.rf.b4c7023565f9398b416d176678b1c622.jpg,1678183672,tshirt,white,134,301,696,513
07M52S_1678183672_38_jpg.rf.39757b2efde88b5cfb2941e7009977e6.jpg,1678183672,tshirt,white,119,303,691,508
07M52S_1678183672_3_jpg.rf.c462af2df51612027b6dd88ad515fc11.jpg,1678183672,tshirt,white,272,63,596,311
07M52S_1678183672_42_jpg.rf.4108be77507b32a59ac2478bff87c57b.jpg,1678183672,tshirt,white,122,304,694,498
07M52S_1678183672_49_jpg.rf.7ffe937ef1f4b5f3b88289d410d67a47.jpg,1678183672,tshirt,white,122,298,701,491
07M52S_1678183672_53_jpg.rf.c63b479e3243529fd71a589431d16089.jpg,1678183672,tshirt,white,54,314,658,719
07M52S_1678183672_57_jpg.rf.ef9a0ec3367501a03262f390c1684347.jpg,1678183672,tshirt,white,187,53,533,308
07M52S_1678183672_6_jpg.rf.2e2632e026e9798f7292b997fa1638c9.jpg,1678183672,tshirt,white,0,55,696,368
07M52S_1678187272_21_jpg.rf.4de06c932aea655f4697c618bfb0aed6.jpg,1678187272,tshirt,nude,99,305,768,587
07M52S_1678187272_30_jpg.rf.9d8ac274dede7c8f247a2e23aca722d2.jpg,1678187272,tshirt,nude,100,302,769,590
07M52S_1678187272_31_jpg.rf.4607085e1ff6b133f1dfb6d323a7b4a5.jpg,1678187272,tshirt,nude,100,303,766,588
07M52S_1678187272_41_jpg.rf.91202ed3acf548c3189216d196ee2037.jpg,1678187272,tshirt,nude,84,304,768,586
07M52S_1678187272_43_jpg.rf.d9e20f5ba5eaae01b98a1abc890d9ba0.jpg,1678187272,tshirt,nude,81,304,787,586
07M52S_1678187272_46_jpg.rf.7d398d495b492a2df39024db895c00b8.jpg,1678187272,tshirt,nude,120,298,816,576
07M52S_1678187272_48_jpg.rf.d28e1049a52300783f969f7698b04029.jpg,1678187272,tshirt,nude,120,300,829,578
07M52S_1678187272_50_jpg.rf.f9692648338b7fa96ec65d031aa57d77.jpg,1678187272,tshirt,nude,91,156,692,415
07M52S_1678187272_51_jpg.rf.6be71c193d5e09e3934f07640ba35976.jpg,1678187272,tshirt,nude,0,144,707,586
07M52S_1678187272_55_jpg.rf.0cbb52dfee86f522236c17571f41d0d5.jpg,1678187272,tshirt,nude,612,0,860,242
07M52S_1678190872_10_jpg.rf.01b7b2c98301b9c61e69386736853cc0.jpg,1678190872,tshirt,nude,96,306,731,720
07M52S_1678190872_13_jpg.rf.fa79c3d2d01f645177880e04ab92482a.jpg,1678190872,tshirt,nude,95,302,731,720
07M52S_1678190872_14_jpg.rf.710990d8e9e4977b8c3674b42656467e.jpg,1678190872,tshirt,nude,166,232,714,582
07M52S_1678190872_19_jpg.rf.2766399f69c5f252fdfcccde8dd57b09.jpg,1678190872,tshirt,nude,200,308,713,562
07M52S_1678190872_26_jpg.rf.a2a326cc8ac858c2075d284fed836a11.jpg,1678190872,tshirt,nude,190,308,683,547
07M52S_1678190872_30_jpg.rf.6920056b76a9d82d472ae98580b5cb21.jpg,1678190872,tshirt,nude,165,305,684,556
07M52S_1678190872_42_jpg.rf.c89f6ad02ff7fe2eaad3f861b1d158e8.jpg,1678190872,tshirt,nude,156,303,725,539
07M52S_1678190872_50_jpg.rf.d19ac24948b25dff74dcf5b4d7d10eb9.jpg,1678190872,tshirt,nude,137,166,789,574
07M52S_1678190872_58_jpg.rf.927641abbf20010bf40153c56224941c.jpg,1678190872,tshirt,nude,77,120,665,301
07M52S_1678190872_5_jpg.rf.1a3c73fc93944cf36f695a613be62e0d.jpg,1678190872,tshirt,nude,101,304,733,719
07M52S_1678190872_61_jpg.rf.9ece767a40a274c4a497648e1dbc9f92.jpg,1678190872,tshirt,nude,70,319,675,720
07M52S_1678190872_63_jpg.rf.9affb558846c47d30e1e63ac563cea42.jpg,1678190872,tshirt,nude,109,249,731,720
07M52S_1678190872_64_jpg.rf.ef758ff92cb393be4eefa82ef5341e1a.jpg,1678190872,tshirt,nude,0,89,651,720
07M52S_1678190872_7_jpg.rf.e8c3f1f9c2ea69595ccddec533e46236.jpg,1678190872,tshirt,nude,100,306,731,720
08M40S_1678082920_11_jpg.rf.26f65142d4378b0597fc3e9a708b718a.jpg,1678082920,sweatshirt,brown,190,289,654,562
08M40S_1678082920_13_jpg.rf.af8f33a9bde655320b76831f4935171d.jpg,1678082920,sweatshirt,nude,193,290,655,562
08M40S_1678082920_14_jpg.rf.831971d1b2e1244f0aa2b37a40bc311d.jpg,1678082920,sweatshirt,nude,189,241,655,562
08M40S_1678082920_23_jpg.rf.26000521169422dc69de8739c272ecfc.jpg,1678082920,sweatshirt,brown,187,8,366,291
08M40S_1678082920_26_jpg.rf.2af986c1439c013e8f1bec49cd81a6c8.jpg,1678082920,sweatshirt,brown,0,114,782,719
08M40S_1678082920_27_jpg.rf.6cafa5bbf593c03d059f81ace79f5988.jpg,1678082920,sweatshirt,brown,0,332,790,720
08M40S_1678082920_28_jpg.rf.00007d26a4bd95ab4291c76a2145934f.jpg,1678082920,sweatshirt,brown,0,279,763,720
08M40S_1678082920_29_jpg.rf.9831ebfd9a79329c314c724909b828ff.jpg,1678082920,sweatshirt,brown,0,284,754,719
08M40S_1678082920_30_jpg.rf.fc56ab8a0dcc51b537345ac6aad0a784.jpg,1678082920,sweatshirt,brown,0,280,701,720
08M40S_1678082920_31_jpg.rf.79c474e0582d2c5bf23c0a090ec6e8f9.jpg,1678082920,sweatshirt,brown,71,1,451,551
08M40S_1678082920_33_jpg.rf.2dbec4bf9fef65afaf10806a75c7e144.jpg,1678082920,sweatshirt,brown,0,278,702,720
08M40S_1678082920_34_jpg.rf.cb163c77eded38a1c456828ae5278390.jpg,1678082920,sweatshirt,brown,0,0,620,671
08M40S_1678082920_38_jpg.rf.80ae0bf67b54f892aa41338bb4e02c9d.jpg,1678082920,sweatshirt,brown,0,224,568,719
08M40S_1678082920_3_jpg.rf.38ff243efd63695b74c264840cfa5722.jpg,1678082920,sweatshirt,brown,0,309,539,720
08M40S_1678082920_43_jpg.rf.92b1fe273f5e63767543a572e0a6543c.jpg,1678082920,sweatshirt,brown,0,309,614,720
08M40S_1678082920_46_jpg.rf.cf11d356f396c13b0d694c752df13f32.jpg,1678082920,sweatshirt,brown,61,271,631,643
08M40S_1678082920_47_jpg.rf.a6b0964b737f31f8dfe93b40a0c25593.jpg,1678082920,sweatshirt,brown,0,309,608,720
08M40S_1678082920_8_jpg.rf.2c205f8bdc30e70c4b08bbf353d08ee9.jpg,1678082920,sweatshirt,brown,0,273,733,719
08M40S_1678086520_10_jpg.rf.ffb8dfbd5c11332164f980df26901c4e.jpg,1678086520,sweatshirt,black,0,0,889,720
08M40S_1678086520_17_jpg.rf.0126c8d3f9491837354ce883b8beec1f.jpg,1678086520,sweatshirt,black,0,312,769,720
08M40S_1678086520_18_jpg.rf.12f295d46a8ba3b2cfdf600b0f4ce0da.jpg,1678086520,sweatshirt,black,90,273,683,567
08M40S_1678086520_19_jpg.rf.f7c217f69d023f123679c0fcf7395f5f.jpg,1678086520,sweatshirt,black,91,290,703,563
08M40S_1678086520_1_jpg.rf.53021d0523af6d0bc67f2b758d116c56.jpg,1678086520,sweatshirt,black,87,261,641,616
08M40S_1678086520_21_jpg.rf.73af314095847facacfdabbfcc878882.jpg,1678086520,sweatshirt,black,240,304,706,566
08M40S_1678086520_6_jpg.rf.a32f2ecf7e3e5be6065cbb3a86346d38.jpg,1678086520,sweatshirt,black,27,300,578,720
08M40S_1678090120_13_jpg.rf.206817ab81cc8746c412c903143c66ab.jpg,1678090120,sweatshirt,brown,0,318,461,720
08M40S_1678090120_15_jpg.rf.4c8c8bd4cb9b8f6ac9e0d445cfa53190.jpg,1678090120,sweatshirt,brown,0,300,754,542
08M40S_1678090120_18_jpg.rf.311f79066dc3949734944c0a54841418.jpg,1678090120,sweatshirt,brown,0,276,746,720
08M40S_1678090120_19_jpg.rf.d2095bd5ae602704c6cae5b10748bdc8.jpg,1678090120,sweatshirt,brown,0,300,752,542
08M40S_1678090120_1_jpg.rf.8540b10f22e36d88e0a377313cb4a802.jpg,1678090120,sweatshirt,brown,0,274,746,719
08M40S_1678090120_20_jpg.rf.20b685b04447f7a7072bbb20573a46ab.jpg,1678090120,sweatshirt,brown,0,299,752,541
08M40S_1678090120_23_jpg.rf.77023112a87a0294946cede776eecd86.jpg,1678090120,sweatshirt,brown,0,275,746,720
08M40S_1678090120_24_jpg.rf.b604218df191db1e1203871dc7c9be4b.jpg,1678090120,sweatshirt,brown,0,301,751,551
08M40S_1678090120_25_jpg.rf.cabbb5d8933073529bf0b67e959409a7.jpg,1678090120,sweatshirt,brown,0,299,751,548
08M40S_1678090120_31_jpg.rf.cee30f9ec612c4c31c521030ef8b0ccc.jpg,1678090120,sweatshirt,brown,0,292,478,657
08M40S_1678090120_33_jpg.rf.1a0abd78bcf693290b9418e77cc6a5fe.jpg,1678090120,sweatshirt,brown,205,283,644,525
08M40S_1678090120_36_jpg.rf.76098277d576377b90736db7ef59e05a.jpg,1678090120,sweatshirt,brown,189,154,632,497
08M40S_1678090120_38_jpg.rf.6020db11196c1a521f822add89643965.jpg,1678090120,sweatshirt,brown,360,98,810,430
08M40S_1678090120_43_jpg.rf.d825bd62fc72c1c90709a5af4c57bd3d.jpg,1678090120,sweatshirt,brown,168,0,686,308
08M40S_1678090120_7_jpg.rf.ebd7ccf6fde184b2023e6020f2070246.jpg,1678090120,sweatshirt,brown,0,22,656,519
08M40S_1678090120_9_jpg.rf.12000aa414e9259d06d6de0e1be9013a.jpg,1678090120,sweatshirt,brown,0,0,645,635
08M40S_1678104520_13_jpg.rf.9cbd2552907aa1352405fadebbee5f8f.jpg,1678104520,sweatshirt,brown,34,59,687,720
08M40S_1678104520_15_jpg.rf.d56f4477b442482a136d032202ee6cc5.jpg,1678104520,sweatshirt,brown,0,2,769,720
08M40S_1678104520_22_jpg.rf.9a0215ad95ce8bada34cc8a528e1aff2.jpg,1678104520,sweatshirt,brown,27,291,785,720
08M40S_1678104520_29_jpg.rf.c4159b15bc01c30553e659b0ee54df41.jpg,1678104520,sweatshirt,brown,186,288,778,720
08M40S_1678104520_35_jpg.rf.7c337a8e97300fb5e164361f4b10445e.jpg,1678104520,sweatshirt,brown,0,276,750,720
08M40S_1678104520_37_jpg.rf.3196527102a63016dfb5e48f23778ad2.jpg,1678104520,sweatshirt,brown,0,286,604,713
08M40S_1678104520_3_jpg.rf.8d97d78d414f6758d0274876895129cf.jpg,1678104520,sweatshirt,brown,0,323,692,719
08M40S_1678104520_43_jpg.rf.554bb1f05d18059e0069d4824ccf5225.jpg,1678104520,sweatshirt,brown,0,287,689,560
08M40S_1678104520_4_jpg.rf.5e8a1bb4242cc11170094f6fe183f8ff.jpg,1678104520,sweatshirt,brown,0,328,692,720
08M40S_1678104520_50_jpg.rf.baec78cfc2d3476decc14643a4827e9d.jpg,1678104520,sweatshirt,brown,0,285,709,546
08M40S_1678104520_5_jpg.rf.0222c0de9cfec1ea3023c66ad2b1ea5e.jpg,1678104520,sweatshirt,brown,0,321,693,720
08M49S_1678367329_12_jpg.rf.627c9b3ac064c947b38dd7796af40448.jpg,1678367329,tshirt,black,508,184,949,424
08M49S_1678367329_16_jpg.rf.fe18831afcece9b2b82ff3f3d4033ce7.jpg,1678367329,tshirt,black,502,189,935,457
08M49S_1678367329_20_jpg.rf.a908298eb7c8dfe3d68a9b8a82f8b4c9.jpg,1678367329,tshirt,black,1090,5,1243,347
08M49S_1678367329_22_jpg.rf.99491a7a702dfbd0fac64a74126a94b3.jpg,1678367329,tshirt,black,963,143,1156,458
08M49S_1678367329_23_jpg.rf.e939dd0122fe119a90a197bce13b88d0.jpg,1678367329,tshirt,black,477,190,972,694
08M49S_1678367329_26_jpg.rf.419fd1e96a604c02b22c1b89b2b459c2.jpg,1678367329,tshirt,black,463,0,844,355
08M49S_1678367329_28_jpg.rf.1baa4cc0d331aaa5dda54c69aef8c91b.jpg,1678367329,tshirt,black,587,0,955,281
08M49S_1678367329_29_jpg.rf.0db2fa8d3f447a8d4cb21239a8e6a556.jpg,1678367329,tshirt,black,485,155,967,626
08M49S_1678367329_32_jpg.rf.eb835c7a65f225600f494b80e06e08cb.jpg,1678367329,tshirt,black,476,177,954,687
08M49S_1678367329_34_jpg.rf.33b151774c18056a0b1ef79f5d48590a.jpg,1678367329,tshirt,black,505,123,945,517
08M49S_1678367329_5_jpg.rf.20d78fc8fa36c7a1c10063362693f6de.jpg,1678367329,tshirt,black,522,180,930,406
08M49S_1678367329_7_jpg.rf.c614913287b6eff200d5d7e100c01ea7.jpg,1678367329,tshirt,black,523,181,927,401
08M52S_1678169332_13_jpg.rf.0caa60bfd6c2eb286858147c2578793b.jpg,1678169332,sweatshirt,pink,214,285,857,720
08M52S_1678169332_24_jpg.rf.d25046a1b4890c3c6450338ccf510402.jpg,1678169332,sweatshirt,pink,0,130,549,536
08M52S_1678169332_28_jpg.rf.1f8fc6cdbfcfd015b7596a40aa663d23.jpg,1678169332,sweatshirt,pink,0,136,666,407
08M52S_1678169332_33_jpg.rf.fdf8e70874931c6e4b1f54ffbab32ffb.jpg,1678169332,sweatshirt,pink,256,301,750,591
08M52S_1678169332_36_jpg.rf.ed4a110f5489f36be3176983fa73fbd0.jpg,1678169332,sweatshirt,pink,261,114,750,568
08M52S_1678169332_39_jpg.rf.4178ea3de607fcc3a2707c87d9a08857.jpg,1678169332,sweatshirt,pink,524,97,1006,440
08M52S_1678169332_47_jpg.rf.aab03b66c1377383441f811a5c5a72ec.jpg,1678169332,sweatshirt,pink,3,262,598,720
08M52S_1678169332_4_jpg.rf.cd2e3500f43f8e262754f746a220808b.jpg,1678169332,sweatshirt,pink,97,284,857,719
08M52S_1678169332_59_jpg.rf.c03fa1044e3079781e72a9e7328f51e0.jpg,1678169332,sweatshirt,pink,15,70,627,720
08M52S_1678169332_62_jpg.rf.d520ec4ba285a8371d1d8d10ca042142.jpg,1678169332,sweatshirt,pink,0,86,639,720
08M52S_1678169332_63_jpg.rf.6b928dc04bbf5cec3a5b6f6c3e792190.jpg,1678169332,sweatshirt,pink,0,304,809,545
08M52S_1678169332_64_jpg.rf.a6a517bda5bb6d37fc063dedab45804d.jpg,1678169332,sweatshirt,pink,0,343,669,719
08M52S_1678169332_8_jpg.rf.65edb5e2c67339f6dbcb3cbecaef3f9c.jpg,1678169332,sweatshirt,pink,213,286,854,720
08M52S_1678183732_10_jpg.rf.1995cff1b13a6389d38fa4f3c779bb46.jpg,1678183732,tshirt,white,0,134,452,719
08M52S_1678183732_12_jpg.rf.b4432ce6f44e5948d13ac597cc2efc47.jpg,1678183732,tshirt,white,63,311,568,720
08M52S_1678183732_29_jpg.rf.3cc16a2c82bca723d1fc4c05cb9c07ef.jpg,1678183732,tshirt,white,78,308,684,720
08M52S_1678183732_30_jpg.rf.360e3ef8f5dd6a4a22f9ce7767926df3.jpg,1678183732,tshirt,white,174,307,718,517
08M52S_1678183732_40_jpg.rf.b0e1fe35480ed94c0ab94a9a142c8e03.jpg,1678183732,tshirt,white,78,306,689,720
08M52S_1678183732_41_jpg.rf.104216b5e1b6d8fb156606fb6974ccc3.jpg,1678183732,tshirt,white,161,301,754,507
08M52S_1678183732_45_jpg.rf.eb20f03f53ba32c37fb781cef956ae61.jpg,1678183732,tshirt,white,165,299,747,497
08M52S_1678183732_46_jpg.rf.9c4efa3ef09339e90de2f8437795f5e7.jpg,1678183732,tshirt,white,167,301,748,494
08M52S_1678183732_48_jpg.rf.94df9c130ebbafb54cc5c526cffc4f32.jpg,1678183732,tshirt,white,164,298,748,497
08M52S_1678183732_49_jpg.rf.1e24754c2f8845f42f418665a47d8072.jpg,1678183732,tshirt,white,207,197,695,329
08M52S_1678183732_4_jpg.rf.7a4f3c237c4d549874ed88631064c1de.jpg,1678183732,tshirt,nude,8,21,179,264
08M52S_1678183732_52_jpg.rf.ce665533f2ac86965e73e4aabe0cecaa.jpg,1678183732,tshirt,white,80,309,689,720
08M52S_1678183732_53_jpg.rf.fe2ac058a921ef1befeb04c941cb1a39.jpg,1678183732,tshirt,white,730,0,892,310
08M52S_1678183732_54_jpg.rf.01631f2c646a951ec157ea956ac0d43f.jpg,1678183732,tshirt,white,855,48,1103,323
08M52S_1678183732_7_jpg.rf.0159ee5f1e1b23ac146cfbef59554845.jpg,1678183732,tshirt,white,188,31,538,307
08M52S_1678190932_15_jpg.rf.da97e8413f92acfcf5711c60d1e9f8ae.jpg,1678190932,tshirt,nude,164,303,739,548
08M52S_1678190932_1_jpg.rf.406ad85f61c76bbf9de64e924b8b1500.jpg,1678190932,tshirt,nude,166,304,712,563
08M52S_1678190932_21_jpg.rf.eda87380e65f794ced5b25bdf82271b6.jpg,1678190932,tshirt,nude,143,189,779,632
08M52S_1678190932_23_jpg.rf.83960a3181aa0d8422745ea3e3b04ed7.jpg,1678190932,tshirt,nude,659,11,903,341
08M52S_1678190932_39_jpg.rf.381349f67d674c1b1f44c6c551252b57.jpg,1678190932,tshirt,nude,169,306,717,564
09M40S_1678082980_10_jpg.rf.55afe8a2a90269ad81a5360a3bd8b2ff.jpg,1678082980,sweatshirt,brown,83,270,709,720
09M40S_1678082980_11_jpg.rf.438ed189afa6b7a8df07f5859f36157d.jpg,1678082980,sweatshirt,brown,80,270,713,720
09M40S_1678082980_12_jpg.rf.7e9f03a2175ba078760cdc0ba8a2cc1c.jpg,1678082980,sweatshirt,brown,259,91,773,630
09M40S_1678082980_1_jpg.rf.c802c0608d62166ec4b1a8df0e249808.jpg,1678082980,sweatshirt,brown,0,270,713,720
09M40S_1678082980_6_jpg.rf.03199fcedc0ea365cd77704dd291033c.jpg,1678082980,sweatshirt,brown,0,270,714,720
09M40S_1678086580_13_jpg.rf.7658a4e1f1a38b0f07cf3abbabc3adf3.jpg,1678086580,sweatshirt,black,218,289,784,714
09M40S_1678086580_14_jpg.rf.5f838e0bca0db84af35c21078af26876.jpg,1678086580,sweatshirt,black,210,291,789,715
09M40S_1678086580_1_jpg.rf.64a3333fcc8c66a2f1a53f2793c5340f.jpg,1678086580,sweatshirt,black,120,263,786,714
09M40S_1678086580_22_jpg.rf.ea853a5c7a115481c1d7f3f82bc5a9a8.jpg,1678086580,sweatshirt,black,0,277,758,550
09M40S_1678086580_27_jpg.rf.fe3803bb744cb10be1e43aaa42753181.jpg,1678086580,sweatshirt,black,24,345,812,720
09M40S_1678086580_3_jpg.rf.2f9de83e8739f1f2b7d78da67cb7fd99.jpg,1678086580,sweatshirt,black,39,304,847,573
09M40S_1678086580_6_jpg.rf.d590108558ed385c32496314c74bf99e.jpg,1678086580,sweatshirt,black,39,301,848,572
09M40S_1678086580_7_jpg.rf.9aa76c30ac4bd686a133ada161a9dfa3.jpg,1678086580,sweatshirt,black,39,302,844,571
09M40S_1678086580_9_jpg.rf.4a9fe240700c390b30e63fc4267cc7d0.jpg,1678086580,sweatshirt,black,41,302,846,572
09M40S_1678090180_10_jpg.rf.3b49f41ea4c96e0e0dcaf317ecf82406.jpg,1678090180,sweatshirt,brown,131,1,363,362
09M40S_1678090180_14_jpg.rf.bb59c2b8e9097d64abbbf177492bcb9f.jpg,1678090180,sweatshirt,brown,0,302,512,662
09M40S_1678090180_1_jpg.rf.60fcc11bb74bf1aabf868193a8844081.jpg,1678090180,sweatshirt,brown,0,309,462,720
09M40S_1678090180_21_jpg.rf.70af2b39638625ca372f9ff514c54747.jpg,1678090180,sweatshirt,brown,0,269,632,633
09M40S_1678090180_38_jpg.rf.df5207fcb04d4b1489629b72abc3d197.jpg,1678090180,sweatshirt,brown,0,282,776,720
09M40S_1678090180_3_jpg.rf.a774f5014b07cd7eefa5bd1e2bc5ee24.jpg,1678090180,sweatshirt,brown,0,299,783,564
09M40S_1678090180_42_jpg.rf.cf20a3bc8c135a95449fbb6ce334436d.jpg,1678090180,sweatshirt,brown,0,291,775,720
09M40S_1678090180_5_jpg.rf.c1815d166789a7db4aadbad896c855b3.jpg,1678090180,sweatshirt,brown,0,299,783,577
09M40S_1678104580_13_jpg.rf.3e460c302de3f6d2c0e07d7282e13506.jpg,1678104580,sweatshirt,brown,0,283,740,601
09M40S_1678104580_15_jpg.rf.8e2aeef57cfffbd3a01007bb1e020043.jpg,1678104580,sweatshirt,brown,0,301,705,602
09M40S_1678104580_16_jpg.rf.9f2031e711382289ca3656af39b32342.jpg,1678104580,sweatshirt,brown,0,301,708,601
09M40S_1678104580_18_jpg.rf.5960712f9ad28b0b83b5051db7aa31cb.jpg,1678104580,sweatshirt,brown,0,134,539,536
09M40S_1678104580_19_jpg.rf.65b04a5bade563039bf33f8934cc0462.jpg,1678104580,sweatshirt,brown,68,1,383,496
09M40S_1678104580_1_jpg.rf.1c92226a0fc069b4dace705a06dbe64a.jpg,1678104580,sweatshirt,brown,0,302,705,607
09M40S_1678104580_34_jpg.rf.3096516dba8b1bc64dd46cf5c00c5174.jpg,1678104580,sweatshirt,brown,923,333,1245,565
09M40S_1678104580_35_jpg.rf.278f889712f4a2662796d94286230ce8.jpg,1678104580,sweatshirt,brown,0,301,706,599
09M40S_1678104580_37_jpg.rf.93fcd9c1beb765a384cf5f82f5fd53d8.jpg,1678104580,sweatshirt,brown,0,42,154,243
09M40S_1678104580_39_jpg.rf.ed4a6290f1186eed40cb2a14137680ba.jpg,1678104580,sweatshirt,brown,0,0,782,521
09M40S_1678104580_3_jpg.rf.168b721b7209389b0603725834e540db.jpg,1678104580,sweatshirt,brown,175,293,798,719
09M40S_1678104580_50_jpg.rf.db7a039370d40951699226be4c992c18.jpg,1678104580,sweatshirt,brown,568,0,751,246
09M40S_1678104580_51_jpg.rf.ffd9435ae19aeffeedce0624b9ef5029.jpg,1678104580,sweatshirt,brown,0,0,771,696
09M40S_1678104580_54_jpg.rf.87f4dccbb3d61ae257a307b53b301f87.jpg,1678104580,sweatshirt,brown,0,304,705,605
09M40S_1678104580_56_jpg.rf.24b02c956bf75e8a0128c7310bd7bf67.jpg,1678104580,sweatshirt,brown,144,301,803,720
09M40S_1678104580_57_jpg.rf.2af14e6e08a3ed88a9fb8e9ab2dc3f6f.jpg,1678104580,sweatshirt,brown,64,313,804,719
09M40S_1678104580_62_jpg.rf.8d258a6ee7e4be941213f98262611c38.jpg,1678104580,sweatshirt,brown,0,301,706,609
09M40S_1678104580_64_jpg.rf.7603ebefbd53d0f55f844fe7c9f05659.jpg,1678104580,sweatshirt,brown,171,291,800,720
09M49S_1678367389_0_jpg.rf.613df1e8867e95eff029c62c3428572f.jpg,1678367389,tshirt,black,485,185,927,401
09M49S_1678367389_13_jpg.rf.39d95c67de4b149cc2ea761befabc23c.jpg,1678367389,tshirt,black,485,181,933,400
09M49S_1678367389_15_jpg.rf.0ff7abdb5e772a4d3c6187fbeb129638.jpg,1678367389,tshirt,black,505,5,1056,187
09M49S_1678367389_17_jpg.rf.5d3677e2bed92f182a8baead93894637.jpg,1678367389,tshirt,black,477,196,953,720
09M49S_1678367389_19_jpg.rf.b3eeec946e41420cab40bf418b2ca708.jpg,1678367389,tshirt,black,476,187,952,682
09M49S_1678367389_20_jpg.rf.11be191a89aed02f02bbc1187021c977.jpg,1678367389,tshirt,black,478,187,949,682
09M49S_1678367389_8_jpg.rf.10c389498fe1fa3d0c03296b57a54773.jpg,1678367389,tshirt,black,542,170,955,438
09M52S_1678169392_0_jpg.rf.07fffe6e51d152e7952851e4b8b9e24c.jpg,1678169392,sweatshirt,pink,189,283,858,719
09M52S_1678169392_12_jpg.rf.14b996844a6e81a5c1206a286db65b1f.jpg,1678169392,sweatshirt,pink,31,312,635,720
09M52S_1678169392_15_jpg.rf.3c6167ffa407b5c7ba9fc2bd8395237d.jpg,1678169392,sweatshirt,pink,22,320,520,720
09M52S_1678169392_20_jpg.rf.12824a8ae1ff9aa4870ff657ea0244dc.jpg,1678169392,sweatshirt,pink,2,270,820,582
09M52S_1678169392_21_jpg.rf.6d4b0563b5e6a320353718defecef92e.jpg,1678169392,sweatshirt,pink,0,271,818,569
09M52S_1678169392_22_jpg.rf.0b7ecf40f9fff1bfa5aca0bc3796cccd.jpg,1678169392,sweatshirt,pink,0,269,795,570
09M52S_1678169392_23_jpg.rf.12e96404168d97d8605f47f22f0a3a91.jpg,1678169392,sweatshirt,pink,187,285,853,719
09M52S_1678169392_25_jpg.rf.7c68e889fe71917612f7a2b5061b0e11.jpg,1678169392,sweatshirt,pink,0,271,814,567
09M52S_1678169392_26_jpg.rf.278c1b903198f3f4dc3d5b91bb09a84a.jpg,1678169392,sweatshirt,pink,0,275,814,567
09M52S_1678169392_2_jpg.rf.d4bbd980a7bc32024facd9a5c8c62af5.jpg,1678169392,sweatshirt,pink,0,270,793,590
09M52S_1678169392_30_jpg.rf.9d50928cf6de1839ea977f57b00dcea7.jpg,1678169392,sweatshirt,pink,43,275,857,720
09M52S_1678169392_34_jpg.rf.56de09a58c1b4867dc516be8fd39b0c3.jpg,1678169392,sweatshirt,pink,25,298,828,720
09M52S_1678169392_36_jpg.rf.f555e8038303c1f4929ef4a02353ef2a.jpg,1678169392,sweatshirt,pink,27,306,825,720
09M52S_1678169392_37_jpg.rf.c1ae362807148bfc05f5d7615af491c3.jpg,1678169392,sweatshirt,pink,26,306,827,720
09M52S_1678169392_38_jpg.rf.74831a41250ffd4f07e61ab3d6cc3ec7.jpg,1678169392,sweatshirt,pink,27,298,827,720
09M52S_1678169392_40_jpg.rf.47ffaba30e56aa40ef5a9b1bf6c38169.jpg,1678169392,sweatshirt,pink,28,298,830,720
09M52S_1678169392_43_jpg.rf.877608d7ab206c514f2fb15f484c9634.jpg,1678169392,sweatshirt,pink,26,291,828,720
09M52S_1678169392_44_jpg.rf.689feffe487879c8bcf65ac67b950344.jpg,1678169392,sweatshirt,pink,24,302,828,720
09M52S_1678169392_45_jpg.rf.2e1abf4107781ff59851cd09109bd061.jpg,1678169392,sweatshirt,pink,26,308,826,720
09M52S_1678169392_47_jpg.rf.ab5e7cfb4afe7b4948ac7c63771a47d0.jpg,1678169392,sweatshirt,pink,27,298,827,720
09M52S_1678169392_49_jpg.rf.abd6cc9ae8c054207e9dbe5b8b2b31d1.jpg,1678169392,sweatshirt,pink,27,303,828,719
09M52S_1678169392_52_jpg.rf.9b3a2077e07d3e719dde7c59dd954fca.jpg,1678169392,sweatshirt,pink,10,299,845,557
09M52S_1678169392_55_jpg.rf.7fbfd3968523671e53132041548d0523.jpg,1678169392,sweatshirt,pink,39,303,848,556
09M52S_1678169392_57_jpg.rf.62c3cd3d13a96de2796c909547fc2e84.jpg,1678169392,sweatshirt,pink,28,300,847,559
09M52S_1678169392_58_jpg.rf.2734f8e20fc61d3027e35e3342338c94.jpg,1678169392,sweatshirt,pink,31,296,847,558
09M52S_1678169392_60_jpg.rf.7244707efab3d1228ac8383a17fe65d1.jpg,1678169392,sweatshirt,pink,31,302,846,556
09M52S_1678169392_64_jpg.rf.e672ce2aac1885b70d3686e069c9eb70.jpg,1678169392,sweatshirt,pink,46,0,526,505
09M52S_1678169392_68_jpg.rf.ee6e405a3937dccb60a1d53bbcc9e4a0.jpg,1678169392,sweatshirt,pink,0,283,632,719
09M52S_1678169392_6_jpg.rf.deda256e760e3ef6a92b06a76076fba5.jpg,1678169392,sweatshirt,pink,200,0,660,310
09M52S_1678169392_76_jpg.rf.df99bc9859fcb96dbb8dc5690ccc2a18.jpg,1678169392,sweatshirt,pink,515,69,974,404
09M52S_1678183792_0_jpg.rf.218f0bd7bb8f54cf343872097e8a8efa.jpg,1678183792,tshirt,white,65,317,573,719
09M52S_1678183792_10_jpg.rf.4b30941e19edd500379f189493007780.jpg,1678183792,tshirt,white,46,309,568,720
09M52S_1678183792_11_jpg.rf.37576fe43706b7f4e1cb1baaacfed80f.jpg,1678183792,tshirt,white,43,307,573,719
09M52S_1678183792_14_jpg.rf.322fd446161bf75e0b5c3623ac01a9ac.jpg,1678183792,tshirt,white,43,306,573,720
09M52S_1678183792_15_jpg.rf.6df79ca20f99f5ff5cafa8e099345aba.jpg,1678183792,tshirt,white,75,306,590,720
09M52S_1678183792_16_jpg.rf.b3e92398aea12bb0cec02a5168979fec.jpg,1678183792,tshirt,white,73,305,589,720
09M52S_1678183792_17_jpg.rf.7b2ea494975ea4de932aa1009e7d94b2.jpg,1678183792,tshirt,white,75,306,590,720
09M52S_1678183792_18_jpg.rf.cd40909b3aaefc24b4847519d11d6221.jpg,1678183792,tshirt,white,74,306,590,720
09M52S_1678183792_21_jpg.rf.3ff37c5a60e1065d07d545699acb5fc6.jpg,1678183792,tshirt,white,74,305,591,720
09M52S_1678183792_23_jpg.rf.9d4c0391a18a99e6caf9295058420819.jpg,1678183792,tshirt,white,74,304,595,719
09M52S_1678183792_24_jpg.rf.a0c65b03807deade19d51aba9da239a5.jpg,1678183792,tshirt,white,74,308,588,720
09M52S_1678183792_26_jpg.rf.2ea38cfc9c1deea1f406f1d04de665ef.jpg,1678183792,tshirt,white,181,303,641,537
09M52S_1678183792_27_jpg.rf.27261fd53a2ce865773806b245be11cc.jpg,1678183792,tshirt,white,181,304,629,555
09M52S_1678183792_28_jpg.rf.57cc87d03715cb4b5da54d3d67bebbcd.jpg,1678183792,tshirt,white,181,304,641,544
09M52S_1678183792_2_jpg.rf.74c7bdbf0256c70a50ba3362703abffc.jpg,1678183792,tshirt,white,73,306,588,720
09M52S_1678183792_30_jpg.rf.f52219682b98aeab25d8ed78f4ceeded.jpg,1678183792,tshirt,white,214,303,640,543
09M52S_1678183792_32_jpg.rf.ca3057af8a7111de29744b23699bf86d.jpg,1678183792,tshirt,white,183,306,638,547
09M52S_1678183792_33_jpg.rf.0305a7a30a5ce6b8bbcfab66e841d5c0.jpg,1678183792,tshirt,white,180,304,642,544
09M52S_1678183792_34_jpg.rf.8c14de06933a2aef81ac38737c0e31dc.jpg,1678183792,tshirt,white,72,304,588,720
09M52S_1678183792_35_jpg.rf.f9fb22112d09adde87b1eb8f2869ed98.jpg,1678183792,tshirt,white,181,304,643,555
09M52S_1678183792_37_jpg.rf.3d872c7f75ca4590324613f932491170.jpg,1678183792,tshirt,white,182,306,627,555
09M52S_1678183792_38_jpg.rf.f41abdb95672fea81e06667198677c9c.jpg,1678183792,tshirt,white,185,303,641,548
09M52S_1678183792_39_jpg.rf.9d6cd5f580abd05fe8cb4e1e30232f96.jpg,1678183792,tshirt,white,184,303,643,546
09M52S_1678183792_40_jpg.rf.4daf6d60a09d82730558c453b08f6a2f.jpg,1678183792,tshirt,white,184,305,644,547
09M52S_1678183792_41_jpg.rf.e4d83e68c0801ad85339da02e6074e32.jpg,1678183792,tshirt,white,185,304,643,546
09M52S_1678183792_44_jpg.rf.f5fc572901e9e1e154c51d0c396d65fc.jpg,1678183792,tshirt,white,182,303,645,546
09M52S_1678183792_45_jpg.rf.0f68bb4d0329a0e9a3f438bf515dd7ed.jpg,1678183792,tshirt,white,182,303,646,548
09M52S_1678183792_46_jpg.rf.4d8029b96930389d564d7965a9922aca.jpg,1678183792,tshirt,white,184,303,644,547
09M52S_1678183792_47_jpg.rf.784dc647e0b44ed30a512e6d91c7af24.jpg,1678183792,tshirt,white,167,303,645,546
09M52S_1678183792_48_jpg.rf.9212e1ced21c8f360c611808cd0da62f.jpg,1678183792,tshirt,white,167,304,643,544
09M52S_1678183792_4_jpg.rf.e23af989bfb037dbaab57b054747c3ce.jpg,1678183792,tshirt,white,38,306,574,720
09M52S_1678183792_50_jpg.rf.b7f5ae8d17d108edf03b601916593b18.jpg,1678183792,tshirt,white,167,303,671,535
09M52S_1678183792_51_jpg.rf.696d0edf95527610ff72fde06d78f431.jpg,1678183792,tshirt,white,166,304,677,518
09M52S_1678183792_54_jpg.rf.4e9abc71bad6795e2e137b5a714dcec2.jpg,1678183792,tshirt,white,168,295,684,518
09M52S_1678183792_55_jpg.rf.9985820e386bf800c44853d018eba374.jpg,1678183792,tshirt,white,169,295,682,519
09M52S_1678183792_57_jpg.rf.3b7f710867941e824eaac40e74a0b48c.jpg,1678183792,tshirt,white,129,195,644,501
09M52S_1678183792_58_jpg.rf.3f8b22dafe76fb7bce301a74e288c290.jpg,1678183792,tshirt,white,197,271,662,549
09M52S_1678183792_59_jpg.rf.b5e2328f19ea0ed2f3cd8619d6503464.jpg,1678183792,tshirt,white,280,86,724,396
09M52S_1678183792_60_jpg.rf.f0f978d501ea38a088e1b8d7f7a77878.jpg,1678183792,tshirt,white,747,70,955,419
09M52S_1678183792_61_jpg.rf.0586639002cdc008968ca64522ba68cd.jpg,1678183792,tshirt,white,909,207,1115,512
09M52S_1678183792_62_jpg.rf.bfade54796aab7bddc52b949a89359fa.jpg,1678183792,tshirt,white,887,265,1100,543
09M52S_1678183792_65_jpg.rf.e98f8d4fd9d652e661e653c826fc3ede.jpg,1678183792,tshirt,white,0,45,209,307
09M52S_1678183792_66_jpg.rf.009fdc55724a412294228aa5c8ee7da7.jpg,1678183792,tshirt,white,118,24,339,307
09M52S_1678183792_67_jpg.rf.777b5c109b10edc8a6cf45aa48b31d1f.jpg,1678183792,tshirt,white,327,15,489,306
09M52S_1678183792_68_jpg.rf.aea0d3cdae849f72b827cd21f42e8dee.jpg,1678183792,tshirt,white,271,13,519,307
09M52S_1678183792_69_jpg.rf.cef8a2c800d97999f9e0c952284f5c0d.jpg,1678183792,tshirt,white,157,0,535,307
09M52S_1678183792_6_jpg.rf.26d8abd89ca35045204cfe3fcf59d38d.jpg,1678183792,tshirt,white,41,298,574,720
09M52S_1678183792_71_jpg.rf.8bcb922d4cdcf043e3f1fdc999e2eec0.jpg,1678183792,tshirt,white,0,111,513,720
09M52S_1678183792_72_jpg.rf.6d57223a38b9aa5c857f9055ce0f6290.jpg,1678183792,tshirt,white,23,309,551,720
09M52S_1678183792_73_jpg.rf.5cde7085d2c82a7188748c00bec07e5a.jpg,1678183792,tshirt,white,38,302,578,720
09M52S_1678183792_7_jpg.rf.6d596f084cb054ab58ca82609cdc21fa.jpg,1678183792,tshirt,white,43,309,572,719
09M52S_1678183792_9_jpg.rf.771d29ece4a2ccc17d76983ff1f7c61b.jpg,1678183792,tshirt,white,45,305,572,719
09M52S_1678187392_13_jpg.rf.73edf168493a0084c68154ef10a45bb7.jpg,1678187392,tshirt,nude,119,304,763,545
09M52S_1678187392_18_jpg.rf.795e29ad40f4b0082b0d515e2d2a6df8.jpg,1678187392,tshirt,nude,0,15,844,335
09M52S_1678187392_19_jpg.rf.8ecb8ece4487208158c1c4d1ab93fbae.jpg,1678187392,tshirt,nude,0,3,725,719
09M52S_1678187392_20_jpg.rf.5f972c2f5f87a3030c09bed49fa44591.jpg,1678187392,tshirt,nude,28,251,653,720
09M52S_1678187392_25_jpg.rf.985db4d2c5db9f034f0065235470d28f.jpg,1678187392,tshirt,nude,0,317,659,719
09M52S_1678187392_31_jpg.rf.8ac522a6cf3a44783ec0e210f96e60c0.jpg,1678187392,tshirt,nude,1,319,659,719
09M52S_1678190992_10_jpg.rf.8d86da150c63e2d042dea90eb239f979.jpg,1678190992,tshirt,nude,61,300,582,720
09M52S_1678190992_17_jpg.rf.b46961b24c7f281885569132a7e3ed1b.jpg,1678190992,tshirt,nude,138,308,661,720
09M52S_1678190992_18_jpg.rf.e5cdff2affde308b05d2913b4a2d2fa5.jpg,1678190992,tshirt,nude,138,306,663,720
09M52S_1678190992_22_jpg.rf.d2fca34ae87a3dea61f891c8881ac859.jpg,1678190992,tshirt,nude,137,313,663,719
09M52S_1678190992_28_jpg.rf.8dda72475d5fa0d813cce63afeecd752.jpg,1678190992,tshirt,nude,241,305,677,553
09M52S_1678190992_32_jpg.rf.2446621d546c3b0d844c2920c9070540.jpg,1678190992,tshirt,nude,227,304,679,549
09M52S_1678190992_38_jpg.rf.8d8476ed6399eff6c969968847b45dcc.jpg,1678190992,tshirt,nude,226,299,675,553
09M52S_1678190992_39_jpg.rf.3a08d503a091114787a87a570e3890cd.jpg,1678190992,tshirt,nude,226,307,677,552
09M52S_1678190992_40_jpg.rf.8c82381a034a0b96ed344bf91823d56d.jpg,1678190992,tshirt,nude,227,305,676,551
09M52S_1678190992_41_jpg.rf.b9b7020c28ab6ce9564cdba16bcf8ac5.jpg,1678190992,tshirt,nude,226,307,678,551
09M52S_1678190992_43_jpg.rf.19bbbd70bb7300433963c7276a33609b.jpg,1678190992,tshirt,nude,230,306,680,554
09M52S_1678190992_44_jpg.rf.7c47d604532daf1a0d42400558255848.jpg,1678190992,tshirt,nude,183,305,676,551
09M52S_1678190992_47_jpg.rf.8364c7917a0a435421c960d5faf7093a.jpg,1678190992,tshirt,nude,198,305,676,550
09M52S_1678190992_49_jpg.rf.f5cec486962dfe1cf9fba8adc9e8d70a.jpg,1678190992,tshirt,nude,194,304,681,550
09M52S_1678190992_50_jpg.rf.2c16a04ffc01c4f36ebd29fd3a4d566b.jpg,1678190992,tshirt,nude,197,303,712,534
09M52S_1678190992_51_jpg.rf.97c3f06a53001181f5198acbda055c57.jpg,1678190992,tshirt,nude,197,304,696,533
09M52S_1678190992_52_jpg.rf.aae169818d500711fead962480926578.jpg,1678190992,tshirt,nude,195,306,697,532
09M52S_1678190992_56_jpg.rf.e031290e2e77becf81e323eafd48c464.jpg,1678190992,tshirt,nude,183,182,736,487
10M40S_1678083040_10_jpg.rf.21ea23b55d756e81bb3a416b04e15ff6.jpg,1678083040,tshirt,black,0,2,570,265
10M40S_1678083040_11_jpg.rf.c56386eae50f86e6a31882e55cfdbc79.jpg,1678083040,tshirt,black,0,265,632,720
10M40S_1678083040_12_jpg.rf.6c99117aaf8f288c297853140089e5f5.jpg,1678083040,tshirt,black,0,241,629,720
10M40S_1678083040_13_jpg.rf.4261267faeeebd60ba9d78fa6b8ac409.jpg,1678083040,tshirt,black,0,282,629,720
10M40S_1678083040_15_jpg.rf.1d76b20fdc6fdd490a4832c0f65aa7ea.jpg,1678083040,tshirt,black,0,323,700,719
10M40S_1678083040_16_jpg.rf.d6fad0f356594d8906a709fba2058928.jpg,1678083040,tshirt,black,0,328,592,720
10M40S_1678083040_17_jpg.rf.387ab6c82ea69d2378fca1e792f9c5d8.jpg,1678083040,tshirt,black,0,286,682,720
10M40S_1678083040_18_jpg.rf.8aa0e0aab9866df773f374bf07b6456a.jpg,1678083040,tshirt,black,0,286,682,720
10M40S_1678083040_19_jpg.rf.e142438687a9258a0bbf4b4015a2c4ea.jpg,1678083040,tshirt,black,0,282,682,720
10M40S_1678083040_4_jpg.rf.74e98676352d856b026be8fa83bd9c47.jpg,1678083040,sweatshirt,brown,97,233,289,419
10M40S_1678083040_8_jpg.rf.7f1ddc2c76803417f08f4cde1c576500.jpg,1678083040,tshirt,black,40,0,439,273
10M40S_1678083040_9_jpg.rf.6335386c073a2fb6c80c5aa837e60373.jpg,1678083040,tshirt,black,141,0,640,304
10M40S_1678086640_11_jpg.rf.e093bfa03c5f1c9a5a5ac4bd8571a568.jpg,1678086640,sweatshirt,black,0,261,930,720
10M40S_1678086640_12_jpg.rf.60f6b174ce366a43bb115eb3dee7f324.jpg,1678086640,sweatshirt,black,0,290,926,720
10M40S_1678086640_13_jpg.rf.9cd9af55a5bfff6661f730c74dd65a01.jpg,1678086640,sweatshirt,black,0,294,965,719
10M40S_1678086640_17_jpg.rf.6456bbb4aeed5bc3b073262fc7629170.jpg,1678086640,sweatshirt,black,184,293,658,719
10M40S_1678086640_1_jpg.rf.ec18dc14ce4d4dc5def50310138ecd2a.jpg,1678086640,sweatshirt,black,0,278,794,720
10M40S_1678086640_20_jpg.rf.70b156326c9ab73574ceeaae2b1cb628.jpg,1678086640,sweatshirt,black,41,16,391,541
10M40S_1678086640_21_jpg.rf.a64409aa7889a9a047ce7d5f97dabe8b.jpg,1678086640,sweatshirt,black,164,215,646,562
10M40S_1678086640_22_jpg.rf.5c464f36e18c1826b18f34779281ae9b.jpg,1678086640,sweatshirt,black,192,311,636,563
10M40S_1678086640_23_jpg.rf.2a87069e112c6ff4588569df9ee6acdc.jpg,1678086640,sweatshirt,black,188,317,649,565
10M40S_1678086640_2_jpg.rf.dc63cab07b68e6bfab25c6bc890cdfe6.jpg,1678086640,sweatshirt,black,209,291,795,720
10M40S_1678086640_30_jpg.rf.35a1289993dd2c48826fb6225f252d88.jpg,1678086640,sweatshirt,black,161,2,366,130
10M40S_1678086640_32_jpg.rf.0c82001565e45fa1d556c5532e34f3f7.jpg,1678086640,sweatshirt,black,0,111,544,720
10M40S_1678086640_38_jpg.rf.751474945bb798d50ad4f2087b62394e.jpg,1678086640,sweatshirt,black,62,311,486,719
10M40S_1678086640_3_jpg.rf.11b8e7602582cb8d34a6836d655d98a2.jpg,1678086640,sweatshirt,black,193,288,794,720
10M40S_1678086640_41_jpg.rf.d161cacf24d8f42336c066c2a18a14f4.jpg,1678086640,sweatshirt,black,24,151,644,552
10M40S_1678086640_46_jpg.rf.7540ebfb611be0d23e2283f883774b19.jpg,1678086640,sweatshirt,black,0,0,876,720
10M40S_1678086640_48_jpg.rf.d4866046b7ccf296ac392ef33e19a274.jpg,1678086640,sweatshirt,black,0,312,762,720
10M40S_1678086640_52_jpg.rf.0813b2f3656da42c2b87e69745794a6d.jpg,1678086640,sweatshirt,black,14,290,794,720
10M40S_1678086640_53_jpg.rf.33d798d0d0bfcd78986d901c91d6993d.jpg,1678086640,sweatshirt,black,42,294,791,720
10M40S_1678086640_6_jpg.rf.6266c496bb3e5c3c9625358c93ba5bfd.jpg,1678086640,sweatshirt,black,0,286,738,713
10M40S_1678086640_7_jpg.rf.99bfabf1824a783296b566a49767bddd.jpg,1678086640,sweatshirt,black,0,301,744,715
10M40S_1678086640_8_jpg.rf.9c0204c329896912b0c28f18dc9118cc.jpg,1678086640,sweatshirt,black,0,288,741,623
10M40S_1678090240_10_jpg.rf.137cfbd4b6eaf34e3190056ebbda1e4e.jpg,1678090240,sweatshirt,brown,0,315,479,720
10M40S_1678090240_13_jpg.rf.4ce9f873e8a70cbc39ee9d555e28306d.jpg,1678090240,sweatshirt,brown,124,303,578,555
10M40S_1678090240_18_jpg.rf.79d14b235d27295e1ba8717024e314a3.jpg,1678090240,sweatshirt,brown,135,1,578,304
10M40S_1678090240_1_jpg.rf.ba72997e2b66e943250595f2e298df2b.jpg,1678090240,sweatshirt,brown,6,300,566,566
10M40S_1678090240_20_jpg.rf.d45a37614f8c04c44c5bab1c32794870.jpg,1678090240,sweatshirt,brown,0,354,768,720
10M40S_1678090240_22_jpg.rf.6eefc0483ed42c8927f20b76324ef3f5.jpg,1678090240,sweatshirt,brown,0,364,768,720
10M40S_1678090240_23_jpg.rf.d9453a28425050f505d828c018739ec2.jpg,1678090240,sweatshirt,brown,0,364,769,719
10M40S_1678090240_27_jpg.rf.228f2361517731a1734d10a146921ca9.jpg,1678090240,sweatshirt,brown,0,363,769,719
10M40S_1678090240_29_jpg.rf.bce1599fad26fa6de56f59f260b084ee.jpg,1678090240,sweatshirt,brown,0,329,758,720
10M40S_1678090240_30_jpg.rf.4c6904a70234e31175d3d219b90dc7eb.jpg,1678090240,sweatshirt,brown,0,296,755,720
10M40S_1678090240_32_jpg.rf.abf6941c93f8d501094ff37a8adbef60.jpg,1678090240,sweatshirt,brown,0,303,757,719
10M40S_1678090240_33_jpg.rf.237e6bf14c6953b4d06a734c719bed7d.jpg,1678090240,sweatshirt,brown,0,173,762,719
10M40S_1678090240_9_jpg.rf.1fd675d9269ecbeb580960ffa9fcf374.jpg,1678090240,sweatshirt,brown,128,300,578,558
10M40S_1678104640_0_jpg.rf.11ec4a949671e03ce3e560177e8b0b4d.jpg,1678104640,sweatshirt,brown,0,284,759,596
10M40S_1678104640_13_jpg.rf.695261058c4fe535829e6a274a884c60.jpg,1678104640,sweatshirt,brown,36,292,755,720
10M40S_1678104640_14_jpg.rf.2bedd4d7d92a245f6f4bb54eb7604d21.jpg,1678104640,sweatshirt,brown,39,293,753,719
10M40S_1678104640_15_jpg.rf.a79aebe6f954d7eaa3017e81273b4c41.jpg,1678104640,sweatshirt,brown,35,296,751,720
10M40S_1678104640_16_jpg.rf.01d4eb9999acb91e28530de95a2e78ad.jpg,1678104640,sweatshirt,brown,0,285,730,597
10M40S_1678104640_17_jpg.rf.4d46b852a1ef574edb9e97309dea2a20.jpg,1678104640,sweatshirt,brown,0,284,765,596
10M40S_1678104640_18_jpg.rf.638945ea7b05fb6c1b1d18b372666f69.jpg,1678104640,sweatshirt,brown,29,296,753,720
10M40S_1678104640_1_jpg.rf.fab527a7995eddce66fc820e2b9f6881.jpg,1678104640,sweatshirt,brown,0,285,760,595
10M40S_1678104640_22_jpg.rf.564d13acdf5d971098940257f81e6f70.jpg,1678104640,sweatshirt,brown,0,286,711,594
10M40S_1678104640_25_jpg.rf.27b45feed198807f3d2ad8c62e4c4fe9.jpg,1678104640,sweatshirt,brown,15,300,757,587
10M40S_1678104640_26_jpg.rf.1f5c74daef4c4fe59000e6357be1bffd.jpg,1678104640,sweatshirt,brown,10,301,760,596
10M40S_1678104640_27_jpg.rf.3ced573f02dafe00806934af47e3eb0d.jpg,1678104640,sweatshirt,brown,14,301,759,597
10M40S_1678104640_29_jpg.rf.89d9604d2c68234a9b583b00118ac9aa.jpg,1678104640,sweatshirt,brown,10,300,759,582
10M40S_1678104640_34_jpg.rf.3c7fa0dca1416f936c2f02416dfb9117.jpg,1678104640,sweatshirt,brown,100,253,742,658
10M40S_1678104640_38_jpg.rf.5a150ea18956ada971eb017175dd8b7c.jpg,1678104640,sweatshirt,brown,222,301,671,579
10M40S_1678104640_43_jpg.rf.751d81d5def2c2adf7d3f646b6fb2688.jpg,1678104640,sweatshirt,brown,222,275,665,524
10M40S_1678104640_44_jpg.rf.1a57b6b35235107f1e171c9c17eb5d58.jpg,1678104640,sweatshirt,brown,281,236,725,492
10M40S_1678104640_7_jpg.rf.d6acf647fbdfe8bce2fa25b32d2f5591.jpg,1678104640,sweatshirt,brown,0,285,758,593
10M40S_1678104640_8_jpg.rf.c0c137988b79979ec6a9cb88295bb26a.jpg,1678104640,sweatshirt,brown,0,288,759,539
10M40S_1678104640_9_jpg.rf.28b423e16ba64679976bcbc38bcdfee1.jpg,1678104640,sweatshirt,brown,38,325,752,719
10M49S_1678367449_12_jpg.rf.c8b9e20a31108822bd458e3df7dafeac.jpg,1678367449,tshirt,black,505,127,1007,453
10M49S_1678367449_16_jpg.rf.7262a903803e96e21e8ca1f0ae100ba0.jpg,1678367449,tshirt,black,500,145,980,719
10M49S_1678367449_18_jpg.rf.cff0f7217209ffc837e407bfbeb16998.jpg,1678367449,tshirt,black,459,202,963,702
10M49S_1678367449_23_jpg.rf.27bcd0ba5487cbd001168bfcc9f1c79c.jpg,1678367449,tshirt,black,508,116,938,454
10M49S_1678367449_25_jpg.rf.62b9ea624e0c0e530cc636be930408ed.jpg,1678367449,tshirt,black,506,181,967,384
10M49S_1678367449_30_jpg.rf.abf970b483ef46a16e410b1fede15374.jpg,1678367449,tshirt,black,482,179,946,423
10M49S_1678367449_33_jpg.rf.0861f0ddfc20aeccb60e7482ff3ece94.jpg,1678367449,tshirt,black,509,124,951,249
10M49S_1678367449_7_jpg.rf.6c0d283f618a7b718c01efb60f3760ac.jpg,1678367449,tshirt,black,531,49,970,200
10M49S_1678367449_9_jpg.rf.9245148d6713501ac4c9656d82e5cbae.jpg,1678367449,tshirt,black,467,4,1161,443
10M52S_1678169452_10_jpg.rf.c7c6402532a67dc15d73db598417b8a1.jpg,1678169452,sweatshirt,pink,0,363,637,719
10M52S_1678169452_13_jpg.rf.ffd7c41ab9f4d3bce1d344005ff68395.jpg,1678169452,sweatshirt,pink,28,271,758,569
10M52S_1678169452_14_jpg.rf.b20b01e2abf9fb81d928728c1018e694.jpg,1678169452,sweatshirt,pink,0,269,724,557
10M52S_1678169452_18_jpg.rf.f4b012f90d697d4aa95a232af5877a06.jpg,1678169452,sweatshirt,pink,0,300,685,720
10M52S_1678169452_1_jpg.rf.baacce72f8d91877d37ced0bdef52335.jpg,1678169452,sweatshirt,pink,0,0,849,704
10M52S_1678169452_21_jpg.rf.8852cc3c6f0b5ea084fd7e930a311dec.jpg,1678169452,sweatshirt,pink,0,309,613,720
10M52S_1678169452_25_jpg.rf.3f5ffd81fbc88b94dad63e760c53c2b0.jpg,1678169452,sweatshirt,pink,0,304,612,720
10M52S_1678169452_2_jpg.rf.89ed863bed05213dbadf3cfea4bd097b.jpg,1678169452,sweatshirt,pink,0,234,719,719
10M52S_1678169452_35_jpg.rf.90d9c503c346637770042dbd99535bf9.jpg,1678169452,sweatshirt,pink,0,305,610,720
10M52S_1678169452_36_jpg.rf.e6f9978d508c684d743bed8daf022191.jpg,1678169452,sweatshirt,pink,36,150,588,720
10M52S_1678169452_38_jpg.rf.5aa33088567e0ce674c04efbff6b19cf.jpg,1678169452,sweatshirt,pink,0,286,792,720
10M52S_1678169452_41_jpg.rf.8a08c178f8446553f3c3067a8161c917.jpg,1678169452,sweatshirt,pink,87,0,613,720
10M52S_1678169452_43_jpg.rf.9d7631dfc91804044f596b0b5f5322cc.jpg,1678169452,sweatshirt,pink,185,294,789,720
10M52S_1678169452_46_jpg.rf.ad0699b6d9aab2aad729a6ac058e90f6.jpg,1678169452,sweatshirt,pink,169,294,787,720
10M52S_1678169452_47_jpg.rf.7c4204aef210b470f4c0a195e528ae02.jpg,1678169452,sweatshirt,pink,169,292,789,720
10M52S_1678169452_50_jpg.rf.9ff784f2f9e29a637f41ecadfd7af784.jpg,1678169452,sweatshirt,pink,172,295,788,720
10M52S_1678169452_7_jpg.rf.8438dec7916b1b886c3141e8f685e6bc.jpg,1678169452,sweatshirt,pink,0,269,739,589
10M52S_1678169452_8_jpg.rf.15c033d71cdaa9f8cfab9e9f7cb51756.jpg,1678169452,sweatshirt,pink,0,269,739,587
10M52S_1678183852_11_jpg.rf.a2c0a30fefa6ed05b966fbd17bd23e9c.jpg,1678183852,tshirt,white,157,305,626,543
10M52S_1678183852_13_jpg.rf.5f9459cc5554b573d620ecb22209ae9c.jpg,1678183852,tshirt,white,158,303,634,538
10M52S_1678183852_14_jpg.rf.328e5201a423cdf8840541bd500ee61f.jpg,1678183852,tshirt,white,159,303,629,539
10M52S_1678183852_15_jpg.rf.179d66875734c5f61f5b71a95538099c.jpg,1678183852,tshirt,white,148,307,629,538
10M52S_1678183852_17_jpg.rf.43c28b82c8480c98308093abe80f7120.jpg,1678183852,tshirt,white,151,304,675,522
10M52S_1678183852_18_jpg.rf.c83db56d9f5071551848ec3e82ce4d80.jpg,1678183852,tshirt,white,151,304,666,520
10M52S_1678183852_19_jpg.rf.c1bc0867c00bb61e53547e60edac4724.jpg,1678183852,tshirt,white,151,303,664,519
10M52S_1678183852_1_jpg.rf.2817be3307d2d41edf5181ec7c60f6b4.jpg,1678183852,tshirt,white,46,308,574,720
10M52S_1678183852_21_jpg.rf.23d718bf52444a512b8e4eab5e196d19.jpg,1678183852,tshirt,white,154,303,668,518
10M52S_1678183852_23_jpg.rf.6eda91ac74e7be90d3afad101af236e5.jpg,1678183852,tshirt,white,150,153,603,306
10M52S_1678183852_25_jpg.rf.1c820e632fa4305ac6a6da003740581d.jpg,1678183852,tshirt,white,201,236,643,536
10M52S_1678183852_27_jpg.rf.e5d6bc6c292045b37e2b4a67224540f1.jpg,1678183852,tshirt,white,887,61,1038,415
10M52S_1678183852_28_jpg.rf.792b6a18c7ece95c6d32cd0bcad77b9a.jpg,1678183852,tshirt,white,877,249,1099,552
10M52S_1678183852_29_jpg.rf.d55df22ffbd86b259b037968ed9ea544.jpg,1678183852,tshirt,white,856,245,1091,588
10M52S_1678183852_4_jpg.rf.3b81310b5713e4d34aeca0bba312a823.jpg,1678183852,tshirt,white,154,306,595,551
10M52S_1678183852_7_jpg.rf.7a863c34b97e0afe84b3dfb10592bc88.jpg,1678183852,tshirt,white,45,306,574,720
10M52S_1678183852_9_jpg.rf.030c61fbcb8ac4b7c9197e5ad4fbdf6b.jpg,1678183852,tshirt,white,152,303,625,536
10M52S_1678187452_10_jpg.rf.a04a96cda97e3ea0397084651230c70d.jpg,1678187452,tshirt,nude,113,304,759,556
10M52S_1678187452_16_jpg.rf.0f16cfc8de1ce6424b04ea1cafb7c9ba.jpg,1678187452,tshirt,nude,126,306,755,588
10M52S_1678187452_17_jpg.rf.6faaa8c2969a500347743d4ef290f6d5.jpg,1678187452,tshirt,nude,114,306,763,551
10M52S_1678187452_22_jpg.rf.d22f1615868f98798969e69b29cb3963.jpg,1678187452,tshirt,nude,115,307,768,552
10M52S_1678187452_23_jpg.rf.59bcda387734069ae4727ed41cb7d12f.jpg,1678187452,tshirt,nude,117,303,769,556
10M52S_1678187452_30_jpg.rf.2d587490210ac63b979e4b996deeec89.jpg,1678187452,tshirt,nude,72,299,766,551
10M52S_1678187452_32_jpg.rf.3f614b5ee1dfb4f77ccf29f274582763.jpg,1678187452,tshirt,nude,68,300,757,552
10M52S_1678187452_33_jpg.rf.322e0dfe33ad1f11c6392de90e14a9ca.jpg,1678187452,tshirt,nude,68,300,804,551
10M52S_1678187452_34_jpg.rf.565b1046636fc913bd581cec6f1b677e.jpg,1678187452,tshirt,nude,68,295,794,553
10M52S_1678187452_38_jpg.rf.36ed668a93e8c23f2489b31eed354f40.jpg,1678187452,tshirt,nude,68,302,824,551
10M52S_1678187452_39_jpg.rf.8bc51366508fd03cc20ca677a77a78cd.jpg,1678187452,tshirt,nude,68,299,820,551
10M52S_1678187452_53_jpg.rf.3a7424e22ba0bd0d1848c699c9f6b92c.jpg,1678187452,tshirt,nude,120,307,762,553
10M52S_1678187452_54_jpg.rf.4d4a458ea84d01280648a35ef81b0896.jpg,1678187452,tshirt,nude,199,0,394,309
10M52S_1678187452_59_jpg.rf.d6edc262829e4a9d31dec4487f9bab04.jpg,1678187452,tshirt,nude,57,274,637,720
10M52S_1678187452_69_jpg.rf.a9b91e80cadf28408b7b06d22dc4aa94.jpg,1678187452,tshirt,nude,32,307,709,719
10M52S_1678187452_72_jpg.rf.ad7a7265ecf4ea2d18882fec44a37d23.jpg,1678187452,tshirt,nude,33,306,712,720
10M52S_1678191052_0_jpg.rf.3c841986cc361060b4bac721e6b6e2bd.jpg,1678191052,tshirt,nude,60,293,589,719
10M52S_1678191052_13_jpg.rf.b1f73d4ab908d17acc8e919382155922.jpg,1678191052,tshirt,nude,212,304,650,607
10M52S_1678191052_14_jpg.rf.71561fd9033f09d3c31fa679170e55d1.jpg,1678191052,tshirt,nude,197,304,651,607
10M52S_1678191052_15_jpg.rf.03b5b9af3af8bd57aae91dc9aad4a930.jpg,1678191052,tshirt,nude,197,304,648,608
10M52S_1678191052_23_jpg.rf.4a5964d24bd2d6e777aa2e6939a34ab8.jpg,1678191052,tshirt,nude,149,306,605,520
10M52S_1678191052_26_jpg.rf.a87e54a053d7e4e0f9fec5415fa049ff.jpg,1678191052,tshirt,nude,62,298,590,720
10M52S_1678191052_28_jpg.rf.ab7353b331573eb3516ab3be71d6f65c.jpg,1678191052,tshirt,nude,150,305,607,524
10M52S_1678191052_29_jpg.rf.4fb60322efa4bfc57451a7d6855a85d9.jpg,1678191052,tshirt,nude,149,308,604,523
10M52S_1678191052_2_jpg.rf.6e633116bb5abb660ec859bbbc48ed1b.jpg,1678191052,tshirt,nude,112,316,627,720
10M52S_1678191052_36_jpg.rf.df6801746cd9a94cd4bbdc60c9f4c14b.jpg,1678191052,tshirt,nude,189,303,601,517
10M52S_1678191052_38_jpg.rf.3344ef4a711cee32681fc9d77ce80ddc.jpg,1678191052,tshirt,nude,156,303,661,507
10M52S_1678191052_44_jpg.rf.c0b0102b9f98c51436bab2fecd9337b5.jpg,1678191052,tshirt,nude,149,256,637,606
10M52S_1678191052_53_jpg.rf.b52f0eb79525fc6c9af1b7cf4ae85a75.jpg,1678191052,tshirt,nude,0,99,553,720
10M52S_1678191052_57_jpg.rf.01edaf6fa0adc9471f90467d4a05b043.jpg,1678191052,tshirt,nude,117,322,623,720
10M52S_1678191052_58_jpg.rf.c760ec34c71592f015bae56229ee3983.jpg,1678191052,tshirt,nude,113,316,627,720
11M40S_1678083100_10_jpg.rf.c478a98d79bae079a4193f158ead0290.jpg,1678083100,tshirt,black,10,290,718,562
11M40S_1678083100_12_jpg.rf.e6f16e63d11904bed0760af808f08955.jpg,1678083100,tshirt,black,3,34,658,719
11M40S_1678083100_13_jpg.rf.dacc7d3e1445a5f6cabbfdd5cf7f3038.jpg,1678083100,tshirt,black,92,6,502,495
11M40S_1678083100_2_jpg.rf.5f7be39b9661e6cbd2f4e7a64c2ebb52.jpg,1678083100,tshirt,black,123,0,431,211
11M40S_1678083100_3_jpg.rf.2ae7d6d441525bea9b97a0594daa19ce.jpg,1678083100,tshirt,black,104,0,537,178
11M40S_1678083100_4_jpg.rf.64a5b0b27e6823b5c0f79875f660af27.jpg,1678083100,tshirt,black,0,2,664,442
11M40S_1678083100_6_jpg.rf.f4f160a4bfdc01c683a7bd95a58289f8.jpg,1678083100,tshirt,black,0,199,623,681
11M40S_1678083100_7_jpg.rf.79aea0871e113d8fa2b0487a50263b2f.jpg,1678083100,tshirt,black,10,243,606,591
11M40S_1678083100_8_jpg.rf.63d242fde73db656c184497ef2aa3c23.jpg,1678083100,tshirt,black,10,289,720,552
11M40S_1678083100_9_jpg.rf.0d942568d592c5dd9aeb47f0e6c63218.jpg,1678083100,tshirt,black,6,290,718,561
11M40S_1678086700_10_jpg.rf.96dcb9c5a7b0870cd2c389fe4bccb670.jpg,1678086700,sweatshirt,black,4,286,594,720
11M40S_1678086700_18_jpg.rf.dfd6aaf254a76a4aa93b9d78059e8454.jpg,1678086700,sweatshirt,black,4,394,765,719
11M40S_1678086700_19_jpg.rf.2bea3e758a6283dcf910a984fc31ebb2.jpg,1678086700,sweatshirt,black,0,310,765,720
11M40S_1678086700_21_jpg.rf.b45713b1af8ec4695d336ee95ff0d2c4.jpg,1678086700,sweatshirt,black,0,293,766,719
11M40S_1678086700_23_jpg.rf.d437760f1deba34c16e3cf080bd7a3e6.jpg,1678086700,sweatshirt,black,0,292,769,720
11M40S_1678086700_26_jpg.rf.67f76fa3a226425ab136f60923597d26.jpg,1678086700,sweatshirt,black,0,294,768,720
11M40S_1678086700_29_jpg.rf.5377c7f6fc8324ba02ec47c132b5d514.jpg,1678086700,sweatshirt,black,31,298,787,603
11M40S_1678086700_2_jpg.rf.383fd0a64e7f40338155433596c5ea7a.jpg,1678086700,sweatshirt,black,4,290,788,720
11M40S_1678086700_32_jpg.rf.9b5cd7dbec91a4b087e15b69eddf67a8.jpg,1678086700,sweatshirt,black,29,303,788,604
11M40S_1678086700_33_jpg.rf.d58256f60b7d968076a277e21898f75d.jpg,1678086700,sweatshirt,black,30,135,498,543
11M40S_1678086700_4_jpg.rf.52f6381aec23f0b060cd37338b366a34.jpg,1678086700,sweatshirt,black,4,280,792,720
11M40S_1678086700_5_jpg.rf.5c2a62ef51afd09b0e4691b6e1ca600f.jpg,1678086700,sweatshirt,black,4,284,842,720
11M40S_1678086700_6_jpg.rf.a5114aff6584e966b6af4f7485e8f1fd.jpg,1678086700,sweatshirt,black,5,285,888,720
11M40S_1678086700_7_jpg.rf.b91e2606b7eb9b9b33f599c4a42ad309.jpg,1678086700,sweatshirt,black,5,288,896,720
11M40S_1678086700_8_jpg.rf.e7d9ebb507beae896067da7235a454c8.jpg,1678086700,sweatshirt,black,6,288,891,720
11M40S_1678086700_9_jpg.rf.2307d882da59810ebda882c897039af4.jpg,1678086700,sweatshirt,black,5,286,917,720
11M40S_1678090300_10_jpg.rf.1f5497cc046c3530e7d8b326e630af4b.jpg,1678090300,sweatshirt,brown,39,277,637,659
11M40S_1678090300_11_jpg.rf.b239170500699ad895858f749749993e.jpg,1678090300,sweatshirt,brown,0,299,522,661
11M40S_1678090300_13_jpg.rf.b8ef117446c85bc4b6795ed328237001.jpg,1678090300,sweatshirt,brown,0,281,615,529
11M40S_1678090300_16_jpg.rf.e1920bfa5fb8a8ba2b4e35502859ccb3.jpg,1678090300,sweatshirt,brown,179,288,615,529
11M40S_1678090300_17_jpg.rf.2e64ce3b776a90d3a650b25ce0f9332a.jpg,1678090300,sweatshirt,brown,155,314,764,719
11M40S_1678090300_18_jpg.rf.624013acc4fdcd4ff6b0147b2f40fb5c.jpg,1678090300,sweatshirt,brown,146,286,762,720
11M40S_1678090300_19_jpg.rf.32359cda53b6f759d66d441bc7319fe2.jpg,1678090300,sweatshirt,brown,149,288,760,720
11M40S_1678090300_26_jpg.rf.431f5ff51d5ca3bf8c74a4f9ee899eec.jpg,1678090300,sweatshirt,brown,0,276,758,576
11M40S_1678090300_27_jpg.rf.bdc5d5708c10a0f83589b1d6f8d9a3f5.jpg,1678090300,sweatshirt,brown,0,276,760,576
11M40S_1678090300_28_jpg.rf.01b6b1079ffaba6cbb4932ad7ce810c8.jpg,1678090300,sweatshirt,brown,0,274,755,577
11M40S_1678090300_31_jpg.rf.b530dac9f3da9df8da916e95b55b8066.jpg,1678090300,sweatshirt,brown,0,292,722,496
11M40S_1678090300_32_jpg.rf.400270db1d3cfde26f4c9009a30828a0.jpg,1678090300,sweatshirt,brown,0,330,728,720
11M40S_1678090300_33_jpg.rf.8d0126309afaee8279d257405eb26bc2.jpg,1678090300,sweatshirt,brown,0,304,732,719
11M40S_1678090300_36_jpg.rf.cadaa0b70e614e104f593ee4a347e282.jpg,1678090300,sweatshirt,brown,0,306,731,720
11M40S_1678090300_3_jpg.rf.5aa895d45da6d32c3b9130a9e96b289a.jpg,1678090300,sweatshirt,brown,33,299,735,589
11M40S_1678090300_40_jpg.rf.5aea15eaa18fd3417a01a87e86a8c4bb.jpg,1678090300,sweatshirt,brown,21,301,733,582
11M40S_1678090300_42_jpg.rf.9d61d14be2749958453a5e49b78169d6.jpg,1678090300,sweatshirt,brown,25,300,734,582
11M40S_1678090300_4_jpg.rf.d4f6443653aea03f287819a10e1bfe49.jpg,1678090300,sweatshirt,brown,19,300,734,590
11M40S_1678090300_5_jpg.rf.528ed2e5d0bf25e0357de8895a0cc891.jpg,1678090300,sweatshirt,brown,19,300,734,568
11M40S_1678090300_9_jpg.rf.7bae364fb62f64456caa9a0ad797542b.jpg,1678090300,sweatshirt,brown,0,38,636,306
11M49S_1678367509_14_jpg.rf.9795067ec224a979ccad0a44c10cde94.jpg,1678367509,tshirt,black,487,143,1026,428
11M49S_1678367509_16_jpg.rf.75e4b9b5040542d79d16cd55f44035a5.jpg,1678367509,tshirt,black,791,6,985,247
11M49S_1678367509_1_jpg.rf.a3c4100200febf62c33f16aaecacbd60.jpg,1678367509,tshirt,black,465,210,954,720
11M49S_1678367509_24_jpg.rf.fb2879ae7e0eed51a1b361b0b535d6db.jpg,1678367509,tshirt,black,451,43,1021,195
11M49S_1678367509_25_jpg.rf.5ff2ac6b8eea7866649fcda6415560c1.jpg,1678367509,tshirt,black,395,0,1035,720
11M49S_1678367509_26_jpg.rf.f2b3d60c9703f144e716da9127975064.jpg,1678367509,tshirt,black,465,211,956,720
11M52S_1678165912_10_jpg.rf.d2b4dbf9854f30a68ee322f54d746bc4.jpg,1678165912,sweatshirt,brown,0,289,609,720
11M52S_1678165912_11_jpg.rf.11410b983e683add6427791807b9d68a.jpg,1678165912,sweatshirt,brown,0,292,605,720
11M52S_1678165912_13_jpg.rf.a7c8a813192a80982df25aa877459ba4.jpg,1678165912,sweatshirt,brown,0,283,610,719
11M52S_1678165912_14_jpg.rf.7746479b5cf7d8c587bb70812a22a1fa.jpg,1678165912,sweatshirt,brown,0,154,609,719
11M52S_1678165912_15_jpg.rf.8aa6b4772521275a14549e6d7f3c4bd3.jpg,1678165912,sweatshirt,brown,0,47,605,585
11M52S_1678165912_18_jpg.rf.31c2a6a572c419166c8570b12e2c0994.jpg,1678165912,sweatshirt,brown,0,241,405,720
11M52S_1678165912_19_jpg.rf.a1c2916a6002354d341dad3ad5fdcc57.jpg,1678165912,sweatshirt,brown,0,239,404,719
11M52S_1678165912_1_jpg.rf.f28d4584c7299789f2ce82bafef8f1af.jpg,1678165912,sweatshirt,brown,0,193,568,538
11M52S_1678165912_20_jpg.rf.0b5e19fe27c93d6382265056cc7f43fc.jpg,1678165912,sweatshirt,brown,0,248,262,720
11M52S_1678165912_21_jpg.rf.b36ee740cbb09d3bc52414bfbf7a6bd9.jpg,1678165912,sweatshirt,brown,0,239,263,719
11M52S_1678165912_25_jpg.rf.020c3165cd64e3811406ab2f7df2abb3.jpg,1678165912,sweatshirt,brown,0,215,623,720
11M52S_1678165912_26_jpg.rf.ef7610ea07f59dc7cf1e09088aae5caf.jpg,1678165912,sweatshirt,brown,80,247,622,719
11M52S_1678165912_29_jpg.rf.1dfc2b9ed3c52e0db48eee63eb243636.jpg,1678165912,sweatshirt,brown,0,221,485,720
11M52S_1678165912_2_jpg.rf.2f7b017573fd5fbdf828e9e97f6e3b7b.jpg,1678165912,sweatshirt,brown,0,194,562,538
11M52S_1678165912_30_jpg.rf.8769bb0a1d9b78f176b20ed8250aefc7.jpg,1678165912,sweatshirt,brown,0,222,562,634
11M52S_1678165912_31_jpg.rf.bd70dea4dc704f5e9895de5f0f1a1e37.jpg,1678165912,sweatshirt,brown,0,219,482,634
11M52S_1678165912_32_jpg.rf.4dcbb4526cffb193b0d4a97ae4abd8dc.jpg,1678165912,sweatshirt,brown,0,190,556,540
11M52S_1678165912_33_jpg.rf.318dd6ee7fbf9f50ac3a27c6554ec909.jpg,1678165912,sweatshirt,brown,0,193,574,537
11M52S_1678165912_3_jpg.rf.7f5afe6af3ba87e216dd0870f49bdbc0.jpg,1678165912,sweatshirt,brown,0,193,573,529
11M52S_1678165912_4_jpg.rf.3b62a5825405f8dc00eda109a010a20e.jpg,1678165912,sweatshirt,brown,0,197,511,529
11M52S_1678165912_6_jpg.rf.b193ed59c40a99249fb658c90ecb6e98.jpg,1678165912,sweatshirt,brown,0,125,619,568
11M52S_1678165912_7_jpg.rf.64745b8d2bec5bb267a460a5bf0bfacf.jpg,1678165912,sweatshirt,brown,0,341,636,719
11M52S_1678165912_9_jpg.rf.149afee75a3e5f950e2383e310947832.jpg,1678165912,sweatshirt,brown,0,297,636,719
11M52S_1678169512_0_jpg.rf.b527efa474406d047441bcd91981f365.jpg,1678169512,sweatshirt,pink,0,267,753,565
11M52S_1678169512_10_jpg.rf.0993894a52f76d80dd752041c8677db3.jpg,1678169512,sweatshirt,pink,0,0,682,720
11M52S_1678169512_13_jpg.rf.da8e5abc613facd56994202d0cb541ef.jpg,1678169512,sweatshirt,pink,14,313,626,719
11M52S_1678169512_16_jpg.rf.670b474803c071d1f8a87260927c23e1.jpg,1678169512,sweatshirt,pink,4,329,500,719
11M52S_1678169512_20_jpg.rf.51dcbdecc8355a6f1fe33abe1757e083.jpg,1678169512,sweatshirt,pink,0,274,765,720
11M52S_1678169512_27_jpg.rf.39e02b0afde140c7ac25823997efc181.jpg,1678169512,sweatshirt,pink,0,284,768,719
11M52S_1678169512_28_jpg.rf.8b7e9b94830479e77fa86070e4294b8e.jpg,1678169512,sweatshirt,pink,0,284,765,719
11M52S_1678169512_29_jpg.rf.3e0ba71d81b3746d4df2c2fc37f24936.jpg,1678169512,sweatshirt,pink,0,282,763,720
11M52S_1678169512_31_jpg.rf.a6e27ffb2c584e77679c4dee0a20922a.jpg,1678169512,sweatshirt,pink,0,281,766,719
11M52S_1678169512_32_jpg.rf.8871adb8bd51cc0b1703e89f82b1b9e0.jpg,1678169512,sweatshirt,pink,0,284,766,719
11M52S_1678169512_33_jpg.rf.b37da854fd0ae9e203209f17ca7f878e.jpg,1678169512,sweatshirt,pink,0,285,770,720
11M52S_1678169512_34_jpg.rf.6dc4a4df3a17d195a1a763603c309622.jpg,1678169512,sweatshirt,pink,0,286,769,720
11M52S_1678169512_43_jpg.rf.c4429922e21041f6f8021cba0be6d5ed.jpg,1678169512,sweatshirt,pink,0,301,778,543
11M52S_1678169512_45_jpg.rf.a98939e28b005853a8b10dfba8a7074f.jpg,1678169512,sweatshirt,pink,0,300,781,545
11M52S_1678169512_46_jpg.rf.62bae68342c55087f2c8ad8abb94a1d3.jpg,1678169512,sweatshirt,pink,0,338,767,720
11M52S_1678169512_49_jpg.rf.ad81de8caa289761aa84834e47899150.jpg,1678169512,sweatshirt,pink,0,296,781,544
11M52S_1678169512_57_jpg.rf.01157eef5a79101cf33ae75d3a83a072.jpg,1678169512,sweatshirt,pink,104,244,728,623
11M52S_1678169512_59_jpg.rf.417e5ad39c6c6fdbbb61e540d47252d7.jpg,1678169512,sweatshirt,pink,0,132,772,651
11M52S_1678169512_62_jpg.rf.f947af7b7b8e53fbee332d46ad87c39c.jpg,1678169512,sweatshirt,pink,190,296,665,552
11M52S_1678169512_63_jpg.rf.860438c8a808d0bf68e4b56ea13019e0.jpg,1678169512,sweatshirt,pink,192,73,666,550
11M52S_1678183912_10_jpg.rf.cdf0c526285400c3c94736195fcede3f.jpg,1678183912,tshirt,white,160,287,676,522
11M52S_1678183912_16_jpg.rf.16ba394fba60c7bbcc7500a5e61d6d4b.jpg,1678183912,tshirt,white,121,301,617,700
11M52S_1678183912_18_jpg.rf.8935d4047266bd7dbdd50c414b23bfe2.jpg,1678183912,tshirt,white,120,123,660,675
11M52S_1678183912_19_jpg.rf.5f7a298524d876deef9b0ff3e7e2e3e1.jpg,1678183912,tshirt,white,189,0,649,460
11M52S_1678183912_21_jpg.rf.07945b80072028ed7050b6d110b9006c.jpg,1678183912,tshirt,white,37,270,516,720
11M52S_1678183912_22_jpg.rf.d36fcba8baeb6d5f1dea17c3072db9fb.jpg,1678183912,tshirt,white,75,312,585,720
11M52S_1678183912_24_jpg.rf.2195d0629cd9595800dcf5b861ece063.jpg,1678183912,tshirt,white,76,310,578,720
11M52S_1678183912_29_jpg.rf.94bd92a0491f040906ec4079ab0b6dab.jpg,1678183912,tshirt,white,74,311,585,720
11M52S_1678183912_33_jpg.rf.c2fff1dfd1c748e8d58d44d69ffc5d89.jpg,1678183912,tshirt,white,74,311,581,719
11M52S_1678183912_38_jpg.rf.8e75984bd48519b8928b783cd834f3e8.jpg,1678183912,tshirt,white,74,316,584,720
11M52S_1678183912_39_jpg.rf.e70217c015b22d6fa21ef812df3ef074.jpg,1678183912,tshirt,white,181,306,634,540
11M52S_1678183912_45_jpg.rf.8b7dc796af0315e6ea55b1c5f79c9e66.jpg,1678183912,tshirt,white,181,305,635,547
11M52S_1678183912_46_jpg.rf.78cba83143e4664f6db2c908d76da740.jpg,1678183912,tshirt,white,187,303,634,547
11M52S_1678183912_5_jpg.rf.8bf64a6598e5dc55071a0381fea46594.jpg,1678183912,tshirt,white,160,304,673,524
11M52S_1678183912_6_jpg.rf.576104a8e13dbdea2d4bebd08e805461.jpg,1678183912,tshirt,white,180,304,658,519
11M52S_1678183912_8_jpg.rf.cc0f908af0db14e04f150ad6cee40420.jpg,1678183912,tshirt,white,161,304,679,523
11M52S_1678187512_14_jpg.rf.31e14e141dacaf8278320183577504f2.jpg,1678187512,tshirt,nude,117,193,752,578
11M52S_1678187512_30_jpg.rf.1b66c7df65f58382f924dbc35fe7cb2e.jpg,1678187512,tshirt,nude,64,304,809,586
11M52S_1678187512_33_jpg.rf.e807368d35b599ca67e028544ce8a460.jpg,1678187512,tshirt,nude,71,303,815,580
11M52S_1678187512_3_jpg.rf.55e11699064619465a711deca6a2d2d0.jpg,1678187512,tshirt,nude,2,314,675,719
11M52S_1678187512_42_jpg.rf.30c2a0a960c6d87715f510227723adec.jpg,1678187512,tshirt,nude,94,308,755,584
11M52S_1678187512_54_jpg.rf.ebd88e5de8aeca0ffd8d02ca3a5cac03.jpg,1678187512,tshirt,nude,94,305,755,584
11M52S_1678187512_55_jpg.rf.84894e1fd2d966ef12acc1e48cc4db49.jpg,1678187512,tshirt,nude,280,1,605,307
11M52S_1678187512_59_jpg.rf.ffc8c071ca69db70f69f3031a6c0e8c6.jpg,1678187512,tshirt,nude,4,300,673,720
11M52S_1678187512_70_jpg.rf.9d0e893d4d2f7630095579befaf884f9.jpg,1678187512,tshirt,nude,0,306,678,720
11M52S_1678187512_9_jpg.rf.987da5e75d0408764adf50264b492c2b.jpg,1678187512,tshirt,nude,3,313,675,719
11M52S_1678191112_0_jpg.rf.b508709367bdd46fd62cf0c77a6c2076.jpg,1678191112,tshirt,nude,197,306,649,608
11M52S_1678191112_10_jpg.rf.68353f5c053045a882b1eb8a2c7633c1.jpg,1678191112,tshirt,nude,181,307,591,530
11M52S_1678191112_11_jpg.rf.9325776f0d754dc7ae50a23848b4cdb7.jpg,1678191112,tshirt,nude,178,307,614,531
11M52S_1678191112_14_jpg.rf.39b0c5445d648dc181087388aee1e4db.jpg,1678191112,tshirt,nude,179,304,648,527
11M52S_1678191112_17_jpg.rf.a495ba63e5f334dda126e1034c2f91c8.jpg,1678191112,tshirt,nude,161,303,652,609
11M52S_1678191112_19_jpg.rf.b0f5533ff5752d06c734674f5a64ddf4.jpg,1678191112,tshirt,nude,159,304,688,597
11M52S_1678191112_1_jpg.rf.afb82212c392b2c96fe9c3487b25bd68.jpg,1678191112,tshirt,nude,198,304,650,608
11M52S_1678191112_20_jpg.rf.45316f9044c73a1b7499baf055ae16ab.jpg,1678191112,tshirt,nude,158,304,672,598
11M52S_1678191112_23_jpg.rf.9f1d8dba60d152ab842f96e1ef2c2d21.jpg,1678191112,tshirt,nude,159,303,683,593
11M52S_1678191112_25_jpg.rf.1a1e11bf9fe0d699f332b295fbdcdf55.jpg,1678191112,tshirt,nude,159,304,646,602
11M52S_1678191112_29_jpg.rf.f8ac20b60b95ce148dc438835e94ddbd.jpg,1678191112,tshirt,nude,58,255,597,638
11M52S_1678191112_33_jpg.rf.365c6eb4c9b57f016693c9a8425e688a.jpg,1678191112,tshirt,nude,200,305,643,613
11M52S_1678191112_43_jpg.rf.878e0653b18492ee25b09bcd1353a89b.jpg,1678191112,tshirt,nude,97,319,582,719
11M52S_1678191112_47_jpg.rf.4ec2761a86429c065c3a71a4312291f1.jpg,1678191112,tshirt,nude,98,322,584,720
11M52S_1678191112_52_jpg.rf.1824522572b912dd9be63f649e0193f0.jpg,1678191112,tshirt,nude,99,315,588,720
11M52S_1678191112_5_jpg.rf.b4f33b6d1b1725f85b2101dc90cd2cad.jpg,1678191112,tshirt,nude,214,303,648,531
11M52S_1678191112_6_jpg.rf.7782ae33015a1f85f1c3ab013b5cc47e.jpg,1678191112,tshirt,nude,199,305,644,527
11M52S_1678191112_8_jpg.rf.1ff8dca11a414c37ae2fdbc6b50823c2.jpg,1678191112,tshirt,nude,179,303,643,524
11M52S_1678191112_9_jpg.rf.1df4ad6f71d65fa24c554094f1c466d5.jpg,1678191112,tshirt,nude,179,304,647,537
12M40S_1678083160_10_jpg.rf.8bfc0d34174d073e44bb6320e2a81d17.jpg,1678083160,tshirt,black,0,287,729,567
12M40S_1678083160_11_jpg.rf.23d8bcac1272720cdf8c599ec8f2bbc0.jpg,1678083160,tshirt,black,8,286,717,584
12M40S_1678083160_13_jpg.rf.d253277810d4dac178b2665f7fdc18ac.jpg,1678083160,tshirt,black,0,291,741,563
12M40S_1678083160_14_jpg.rf.cc47ffaca8d5bee76315c2ce6c43840e.jpg,1678083160,tshirt,black,11,290,715,590
12M40S_1678083160_15_jpg.rf.844151e7e58dfeee48d274888b69b4d9.jpg,1678083160,tshirt,black,0,291,730,559
12M40S_1678083160_1_jpg.rf.3bfd2e620eb7a848f4c48fb82315b37d.jpg,1678083160,tshirt,black,9,289,715,560
12M40S_1678083160_20_jpg.rf.ed9314c085fdd74c1b7979117a5c08ba.jpg,1678083160,tshirt,black,388,2,759,257
12M40S_1678083160_21_jpg.rf.aece512f828160a6f98bb54f5ec9625b.jpg,1678083160,tshirt,black,621,0,841,179
12M40S_1678083160_22_jpg.rf.6ec29fc5d8050f79547eeb9c7714f9be.jpg,1678083160,tshirt,black,765,0,1108,206
12M40S_1678083160_23_jpg.rf.4885addbba1ed9e8d80d80531d23d967.jpg,1678083160,tshirt,black,797,96,1197,317
12M40S_1678083160_24_jpg.rf.bcf1fb6ad64d533e6d5f0dc0ae616eca.jpg,1678083160,tshirt,black,836,138,1110,317
12M40S_1678083160_25_jpg.rf.2a912f07d4f016221318b39e76094a9d.jpg,1678083160,tshirt,black,10,288,716,589
12M40S_1678083160_30_jpg.rf.096cf02c1607a0d2fadaabdf2f75d595.jpg,1678083160,tshirt,black,0,269,496,720
12M40S_1678083160_33_jpg.rf.333da5649fdae2b7f7d37a2191d3fae3.jpg,1678083160,tshirt,black,31,300,506,720
12M40S_1678083160_35_jpg.rf.e912d372065702e584e513fa3c2a9b2f.jpg,1678083160,tshirt,black,30,294,508,719
12M40S_1678083160_36_jpg.rf.48ce8164d1f3cbb6c481c8f281413aa7.jpg,1678083160,tshirt,black,87,226,526,582
12M40S_1678083160_37_jpg.rf.f5cf2e552201dad589bf48446981950c.jpg,1678083160,tshirt,black,74,289,524,519
12M40S_1678083160_3_jpg.rf.f12cd3cdba49b7f9168905cfc3dcd56e.jpg,1678083160,tshirt,black,88,294,523,526
12M40S_1678083160_40_jpg.rf.cf496248b2328554862cedac8f7d97fc.jpg,1678083160,tshirt,black,78,292,520,530
12M40S_1678083160_4_jpg.rf.86a10d8e8b128af3fa74dcfc8e4c67a7.jpg,1678083160,tshirt,black,89,293,521,526
12M40S_1678083160_6_jpg.rf.eec6f46076feeb2fa211537f5886a004.jpg,1678083160,tshirt,black,87,293,565,513
12M40S_1678083160_8_jpg.rf.dd836805ed46eb7c318ce1532bad1711.jpg,1678083160,tshirt,black,46,177,557,528
12M40S_1678086760_0_jpg.rf.1ded36387f5dfb04381ed0db8b5a3518.jpg,1678086760,sweatshirt,black,184,265,645,616
12M40S_1678086760_13_jpg.rf.ecb0d4862d758eeec00403b8b65a9250.jpg,1678086760,sweatshirt,black,246,0,717,330
12M40S_1678086760_14_jpg.rf.8435df35377043106265f97053f39454.jpg,1678086760,sweatshirt,black,191,0,666,260
12M40S_1678086760_15_jpg.rf.32f933930ae1bce4ddf2b5234801f395.jpg,1678086760,sweatshirt,black,0,0,703,355
12M40S_1678086760_22_jpg.rf.0ce18373a36388dc1221d4b0c9602e0e.jpg,1678086760,sweatshirt,black,71,342,462,720
12M40S_1678086760_2_jpg.rf.4bec2a82afcf3f67e0113b9f304fff6b.jpg,1678086760,sweatshirt,black,529,131,974,426
12M40S_1678086760_30_jpg.rf.d48659dc519e1f5fc2b02afb343297cd.jpg,1678086760,sweatshirt,black,0,0,700,720
12M40S_1678086760_32_jpg.rf.09db9808608c623fcd968e9086b2422c.jpg,1678086760,sweatshirt,black,0,283,702,719
12M40S_1678086760_35_jpg.rf.3ac8c0eac3109df8fe15fbee514e9174.jpg,1678086760,sweatshirt,black,0,290,680,720
12M40S_1678086760_42_jpg.rf.ac69e242fa12c2054b0cbbbec33ee329.jpg,1678086760,sweatshirt,black,0,277,697,719
12M40S_1678086760_48_jpg.rf.c0cfd9fcd1dd7395880ad7da547031dd.jpg,1678086760,sweatshirt,black,0,268,762,580
12M40S_1678086760_5_jpg.rf.fb6637a83575fe5dbe1a972f01549fbb.jpg,1678086760,sweatshirt,black,0,266,782,581
12M40S_1678090360_18_jpg.rf.ca8efcc38fabd2589256812eb10c2709.jpg,1678090360,sweatshirt,brown,15,283,803,719
12M40S_1678090360_34_jpg.rf.0af6c2c850d914edf44d0dbdec7a0e14.jpg,1678090360,sweatshirt,brown,0,272,641,720
12M40S_1678090360_35_jpg.rf.1e29b5740ae1ebdf661ca568d9228760.jpg,1678090360,sweatshirt,brown,0,272,676,628
12M40S_1678090360_40_jpg.rf.537df9cac756b3c1760e11d4fdafc0fc.jpg,1678090360,sweatshirt,brown,0,248,732,551
12M40S_1678090360_41_jpg.rf.892200c653f45bf22581d54d132934c1.jpg,1678090360,sweatshirt,brown,0,248,704,552
12M40S_1678090360_42_jpg.rf.ceb5259cc585ea8c696b7f4aa2166ee9.jpg,1678090360,sweatshirt,brown,0,247,699,551
12M40S_1678104760_19_jpg.rf.017f6c61120e8be7e30a7f862aabd1ce.jpg,1678104760,sweatshirt,brown,0,330,450,720
12M40S_1678104760_22_jpg.rf.38a878fd01f935c8fc1ff569019f02c6.jpg,1678104760,sweatshirt,brown,4,126,633,720
12M40S_1678104760_24_jpg.rf.6e2ded4f49ceb1a1972be279903ba667.jpg,1678104760,sweatshirt,brown,0,0,780,535
12M40S_1678104760_28_jpg.rf.4e3c56c983c30cb0caf1cc7081ec35ed.jpg,1678104760,sweatshirt,brown,0,321,689,720
12M40S_1678104760_37_jpg.rf.d2ee8e7c1b1db0281b9e6d8c44197080.jpg,1678104760,sweatshirt,brown,17,275,786,720
12M40S_1678104760_47_jpg.rf.97966e29bf336f062c132147587d7796.jpg,1678104760,sweatshirt,brown,169,291,787,720
12M40S_1678104760_48_jpg.rf.afc97ce8ad023e901496fcbb7ba5518b.jpg,1678104760,sweatshirt,brown,168,293,786,719
12M40S_1678104760_7_jpg.rf.e47e85306366bd73d43ec66d133d775f.jpg,1678104760,sweatshirt,brown,0,297,700,675
12M40S_1678104760_8_jpg.rf.e3df1f2661f3d2e6929ea4ac91b58d59.jpg,1678104760,sweatshirt,brown,0,299,749,599
12M49S_1678367569_17_jpg.rf.b01658a575f69aa8f9a758da437a7b97.jpg,1678367569,tshirt,white,809,2,1017,200
12M49S_1678367569_20_jpg.rf.3465501b78571e137d84cfa621df5de3.jpg,1678367569,tshirt,white,561,159,1002,425
12M49S_1678367569_21_jpg.rf.b851b7fe263061a8bd0587664b8355e5.jpg,1678367569,tshirt,white,396,177,1004,412
12M49S_1678367569_34_jpg.rf.39b9c6ca6372aefa6650970adc2ce8cd.jpg,1678367569,tshirt,black,407,0,1047,720
12M49S_1678367569_5_jpg.rf.27777ee1ce280c3d5785fda2db590103.jpg,1678367569,tshirt,black,446,130,922,563
12M49S_1678367569_8_jpg.rf.5f3ddd9dbfe764e5dd41e517ba6f9845.jpg,1678367569,tshirt,black,444,178,936,416
12M52S_1678165972_10_jpg.rf.d579eb8b9cb5036b633f8f06a599a2b3.jpg,1678165972,sweatshirt,brown,0,284,625,719
12M52S_1678165972_11_jpg.rf.d3c7c9c0e54aa6c933957c32d2f5c350.jpg,1678165972,sweatshirt,brown,0,241,624,720
12M52S_1678165972_12_jpg.rf.9ce6467afdbd4e0387c2ee231df5620e.jpg,1678165972,sweatshirt,brown,0,271,625,720
12M52S_1678165972_13_jpg.rf.de5d75fbeaecb023f4a7ee0519a1df15.jpg,1678165972,sweatshirt,brown,0,251,616,720
12M52S_1678165972_15_jpg.rf.c97cadfb6a375084d93fe983988cdb9d.jpg,1678165972,sweatshirt,brown,0,236,619,720
12M52S_1678165972_18_jpg.rf.fcd0ce254e42b1bc4f60cc6f289e7159.jpg,1678165972,sweatshirt,brown,0,194,572,535
12M52S_1678165972_19_jpg.rf.166efc507ff4e53507298aaf61d8e5bf.jpg,1678165972,sweatshirt,brown,0,227,540,720
12M52S_1678165972_21_jpg.rf.f3035c3f5bcf30dfa0a701eaf854c4f8.jpg,1678165972,sweatshirt,brown,0,171,541,671
12M52S_1678165972_22_jpg.rf.d9d71d4b9af1a8cbfa28d5c0e1fa3a01.jpg,1678165972,sweatshirt,brown,0,221,543,579
12M52S_1678165972_23_jpg.rf.60080d36b998916df102f012a611cd6f.jpg,1678165972,sweatshirt,brown,0,222,545,581
12M52S_1678165972_24_jpg.rf.ed6aa780dfbecee0c0e378f3af191716.jpg,1678165972,sweatshirt,brown,0,225,546,584
12M52S_1678165972_26_jpg.rf.f0adbcba975f586d661f3b56af1e95b0.jpg,1678165972,sweatshirt,brown,0,222,545,582
12M52S_1678165972_28_jpg.rf.1bcec788b7a45761ea0328ab59fc4d0e.jpg,1678165972,sweatshirt,brown,0,224,556,579
12M52S_1678165972_30_jpg.rf.6de0c4cd693fa8f28850407f50f4fd6a.jpg,1678165972,sweatshirt,brown,0,28,276,424
12M52S_1678165972_32_jpg.rf.a297cbb0ec4f43103884287fa1e8501a.jpg,1678165972,sweatshirt,brown,0,93,583,325
12M52S_1678165972_33_jpg.rf.2fc02f4d2d80a4972174e3033b99fe9b.jpg,1678165972,sweatshirt,brown,0,214,603,579
12M52S_1678165972_34_jpg.rf.24a533211717727350f2697c9a227c36.jpg,1678165972,sweatshirt,brown,0,228,593,580
12M52S_1678165972_35_jpg.rf.b0c3ce212e1676a21d493949c0ce80f6.jpg,1678165972,sweatshirt,brown,0,225,430,578
12M52S_1678165972_36_jpg.rf.28259bea9cf71352f9e827d9cd45a604.jpg,1678165972,sweatshirt,brown,0,235,503,563
12M52S_1678165972_37_jpg.rf.9703b285bc0e09ad6a27248cffc0a125.jpg,1678165972,sweatshirt,brown,0,230,549,496
12M52S_1678165972_39_jpg.rf.565f1c4cd12b4bef899f0d311e5a721a.jpg,1678165972,sweatshirt,brown,55,235,516,563
12M52S_1678165972_40_jpg.rf.419d3787db38babf73e37c561452c571.jpg,1678165972,sweatshirt,brown,10,217,568,626
12M52S_1678165972_41_jpg.rf.fb0f8004b139ecff1e723fed4e0eb233.jpg,1678165972,sweatshirt,brown,0,288,538,720
12M52S_1678165972_42_jpg.rf.0093a7646d018d99223c3f83829d2a12.jpg,1678165972,sweatshirt,brown,41,304,519,584
12M52S_1678165972_43_jpg.rf.0881680c1e58a81470647c9c5267f17e.jpg,1678165972,sweatshirt,brown,61,179,545,521
12M52S_1678165972_45_jpg.rf.726013051c9eda772af908f46cfc8857.jpg,1678165972,sweatshirt,brown,882,31,1170,287
12M52S_1678165972_47_jpg.rf.b5c8021911e059b6585868d0be1f7b37.jpg,1678165972,sweatshirt,brown,863,77,1175,282
12M52S_1678165972_48_jpg.rf.47c8a1d05177f112647d3315c4f4b724.jpg,1678165972,sweatshirt,brown,858,90,1176,282
12M52S_1678165972_4_jpg.rf.6720c9302ccbebeee6c0e5af6427f05a.jpg,1678165972,sweatshirt,brown,0,259,531,720
12M52S_1678165972_5_jpg.rf.28f4d36a7f13653c703d4a77f370da68.jpg,1678165972,sweatshirt,brown,0,261,549,720
12M52S_1678165972_6_jpg.rf.5d4259ed66eac5f9c8f4fe0e9eaba895.jpg,1678165972,sweatshirt,brown,0,72,559,720
12M52S_1678165972_7_jpg.rf.bb12506c660c4c6c5a071eb5a78a3d63.jpg,1678165972,sweatshirt,brown,106,0,631,480
12M52S_1678169572_11_jpg.rf.a85ec94e586e0cbc4ca23d7086f43831.jpg,1678169572,sweatshirt,pink,0,289,716,720
12M52S_1678169572_13_jpg.rf.83fe52777678959f01841687d6122b72.jpg,1678169572,sweatshirt,pink,0,298,835,566
12M52S_1678169572_15_jpg.rf.6e0975af4ea2787f4c6c0c00423c6d3f.jpg,1678169572,sweatshirt,pink,0,300,835,563
12M52S_1678169572_16_jpg.rf.3d9598ad43ccd9ffa7971e5a1cf62f37.jpg,1678169572,sweatshirt,pink,0,298,835,566
12M52S_1678169572_20_jpg.rf.3c4bb6805c8361206eabf2e2b57ba5c0.jpg,1678169572,sweatshirt,pink,0,322,682,720
12M52S_1678169572_22_jpg.rf.2b541ed1a6cd79a10c5534d08461dc5a.jpg,1678169572,sweatshirt,pink,0,316,654,720
12M52S_1678169572_25_jpg.rf.2f3a709b617a9608421cce2aaa7a668a.jpg,1678169572,sweatshirt,pink,0,310,664,719
12M52S_1678169572_27_jpg.rf.4463e2fe2712dc431433d97eba3c2d98.jpg,1678169572,sweatshirt,pink,0,273,746,719
12M52S_1678169572_28_jpg.rf.a82e6fb4ef018ac0ab9901e24eafd78c.jpg,1678169572,sweatshirt,pink,0,273,745,719
12M52S_1678169572_2_jpg.rf.5906130f50fa9d11293a977a2f6d614a.jpg,1678169572,sweatshirt,pink,0,285,718,720
12M52S_1678169572_31_jpg.rf.cd7d632810c9cae4ee12102cb79585dc.jpg,1678169572,sweatshirt,pink,166,274,747,719
12M52S_1678169572_32_jpg.rf.3e22cc44d8cd1f54ee25e13b82380c31.jpg,1678169572,sweatshirt,pink,188,274,751,719
12M52S_1678169572_37_jpg.rf.c45fa2da5fd3a6f3ab09110e360e0536.jpg,1678169572,sweatshirt,pink,165,275,753,720
12M52S_1678169572_38_jpg.rf.a8264888df5ed87706f8678bfed9af11.jpg,1678169572,sweatshirt,pink,154,272,756,720
12M52S_1678169572_39_jpg.rf.7bd1d27d10c3f96529dfaa3036358e0e.jpg,1678169572,sweatshirt,pink,153,273,751,719
12M52S_1678169572_3_jpg.rf.c7efc3d30cd546f019e8bd4b654b8ae3.jpg,1678169572,sweatshirt,pink,0,300,716,720
12M52S_1678169572_40_jpg.rf.018c4eb77c8b7aa0a73eca0a1fc7dbc8.jpg,1678169572,sweatshirt,pink,17,161,591,720
12M52S_1678169572_41_jpg.rf.0b0a99d43ca7bb0314a182729eb62c73.jpg,1678169572,sweatshirt,pink,177,273,754,719
12M52S_1678169572_42_jpg.rf.50a3e72385461ab7649a9f77f28ed6ec.jpg,1678169572,sweatshirt,pink,0,278,752,720
12M52S_1678169572_43_jpg.rf.261d8d25bca0fad98cba01758531e392.jpg,1678169572,sweatshirt,pink,0,282,683,712
12M52S_1678169572_44_jpg.rf.7a9843e7b40a10505cb5b5f3af94a82d.jpg,1678169572,sweatshirt,pink,0,305,740,678
12M52S_1678169572_46_jpg.rf.c37813d34fd7a2a02df0b843024211db.jpg,1678169572,sweatshirt,pink,93,16,605,720
12M52S_1678169572_52_jpg.rf.94936c13845b1a6add5d2d175ff769a8.jpg,1678169572,sweatshirt,pink,0,272,760,578
12M52S_1678169572_62_jpg.rf.d2093020c266a3e624dfbd6ee7fc72bc.jpg,1678169572,sweatshirt,pink,0,274,778,575
12M52S_1678169572_63_jpg.rf.949740bef93b887dba3fa0a07bbee858.jpg,1678169572,sweatshirt,pink,0,351,721,720
12M52S_1678169572_64_jpg.rf.1caf65aece96f449a743cbfac2cc96fc.jpg,1678169572,sweatshirt,pink,0,385,703,720
12M52S_1678169572_66_jpg.rf.33b2e728a6cb185c5db86a909d478673.jpg,1678169572,sweatshirt,pink,0,283,716,719
12M52S_1678169572_67_jpg.rf.4135429b446107af0c97f4500b774110.jpg,1678169572,sweatshirt,pink,0,219,684,720
12M52S_1678169572_7_jpg.rf.c150febc2633281ac37318e147aaaec5.jpg,1678169572,sweatshirt,pink,0,303,718,719
12M52S_1678180372_0_jpg.rf.177bc74d80abe9763c2c449340bc7a5c.jpg,1678180372,tshirt,white,25,328,552,720
12M52S_1678180372_11_jpg.rf.4acc323aa74eee7b6900128c57fea58a.jpg,1678180372,tshirt,white,89,303,560,524
12M52S_1678180372_15_jpg.rf.bb1247a966bf8d717b8fb60fe3b26087.jpg,1678180372,tshirt,white,27,338,552,720
12M52S_1678180372_16_jpg.rf.2c4149f36202424a9143ca294e4f82f4.jpg,1678180372,tshirt,white,25,331,553,720
12M52S_1678180372_18_jpg.rf.46d4364391adf292c6b163f8727e523d.jpg,1678180372,tshirt,white,25,334,554,719
12M52S_1678180372_19_jpg.rf.902bf890d9b3b6b0d87f2a75a50bb489.jpg,1678180372,tshirt,white,25,330,552,719
12M52S_1678180372_20_jpg.rf.1de4eb3f86cba3898f24f51928308b29.jpg,1678180372,tshirt,white,25,328,552,720
12M52S_1678180372_21_jpg.rf.71f15f5aa4ae22d0a7d614df5296060a.jpg,1678180372,tshirt,white,25,331,554,720
12M52S_1678180372_23_jpg.rf.a5cce916f5f6a6cd4cf62ba4ca102ac3.jpg,1678180372,tshirt,white,24,329,551,720
12M52S_1678180372_26_jpg.rf.fc29dbdcb20a8bb0ea3c0902d49a904f.jpg,1678180372,tshirt,white,25,332,551,720
12M52S_1678180372_28_jpg.rf.4d33b1d10928aa95c0cb359a2a0fe59d.jpg,1678180372,tshirt,white,21,329,544,720
12M52S_1678180372_2_jpg.rf.53ac84fba2b01823b8173f8214c454f5.jpg,1678180372,tshirt,white,86,304,560,518
12M52S_1678180372_30_jpg.rf.b4623cc7b7e09554986b2a832437926f.jpg,1678180372,tshirt,white,21,329,544,720
12M52S_1678180372_31_jpg.rf.72df133df96d891627f1e7115dc7c57a.jpg,1678180372,tshirt,white,21,334,543,719
12M52S_1678180372_3_jpg.rf.8bba7f25645011e6aec6517abbbef24f.jpg,1678180372,tshirt,white,85,304,558,516
12M52S_1678180372_4_jpg.rf.00494139c6a53fd8d063ccee464114da.jpg,1678180372,tshirt,white,86,304,558,533
12M52S_1678180372_5_jpg.rf.432ab3ee6bf50f03c385d7d75c0c5f54.jpg,1678180372,tshirt,white,87,306,561,528
12M52S_1678180372_6_jpg.rf.20d7133ad58145569374c6f865c86db0.jpg,1678180372,tshirt,white,89,306,554,526
12M52S_1678180372_7_jpg.rf.e312fcd2b8bd7220ccca6f9805115124.jpg,1678180372,tshirt,white,87,305,527,521
12M52S_1678180372_8_jpg.rf.607c8550eea48f4f99f735cf8a659938.jpg,1678180372,tshirt,white,88,303,561,521
12M52S_1678180372_9_jpg.rf.183b9f8e1d008f0f1cdebdf919c02c82.jpg,1678180372,tshirt,white,89,303,559,521
12M52S_1678183972_15_jpg.rf.70fd4e23b0dfa8f33d9b956a83ebf1f7.jpg,1678183972,tshirt,white,943,81,1126,450
12M52S_1678183972_20_jpg.rf.f887fa9f70985792f5d5e2ec7069fb97.jpg,1678183972,tshirt,white,281,0,539,309
12M52S_1678183972_21_jpg.rf.d86f10d3f454720902b57c3a8ea2b1f7.jpg,1678183972,tshirt,white,242,0,615,310
12M52S_1678183972_26_jpg.rf.15d2bb16043a6cebe7e0ea7787551911.jpg,1678183972,tshirt,white,144,0,614,522
12M52S_1678183972_30_jpg.rf.311847ae6636ef3c05121124ae01a60b.jpg,1678183972,tshirt,white,347,94,757,427
12M52S_1678183972_32_jpg.rf.95860194b6a30a5a605e81346c4cc684.jpg,1678183972,tshirt,white,105,322,631,720
12M52S_1678183972_38_jpg.rf.5f0b7ae08f00dc83e1c78a6f6412e987.jpg,1678183972,tshirt,white,105,314,635,719
12M52S_1678183972_39_jpg.rf.17211e49a779058f0585e1e0b023aae3.jpg,1678183972,tshirt,white,105,313,636,719
12M52S_1678183972_40_jpg.rf.d63085221cde0ed640f135edc2cfa373.jpg,1678183972,tshirt,white,104,315,636,720
12M52S_1678183972_46_jpg.rf.51cee6e88759a3713a03b2a7f74040ef.jpg,1678183972,tshirt,white,104,316,637,720
12M52S_1678183972_47_jpg.rf.eb55142131f5af77530ac94f63699ea9.jpg,1678183972,tshirt,white,853,267,1077,579
12M52S_1678183972_4_jpg.rf.0918f2274f30cb71b7e72bd8bab3d2bb.jpg,1678183972,tshirt,white,168,307,672,540
12M52S_1678183972_50_jpg.rf.1ab7dea2abef269d0c8576edc76cc563.jpg,1678183972,tshirt,white,202,304,657,534
12M52S_1678183972_53_jpg.rf.b8d46dbfef45df00355cca8718e099a8.jpg,1678183972,tshirt,white,219,306,663,540
12M52S_1678183972_54_jpg.rf.6f224f76e089ed93cd6526e533f469e3.jpg,1678183972,tshirt,white,200,303,662,539
12M52S_1678183972_56_jpg.rf.21cd6de5d8944aef360560c99d4d8392.jpg,1678183972,tshirt,white,203,305,665,543
12M52S_1678183972_65_jpg.rf.78ff4b2fcc7f300949ad1b42986249bd.jpg,1678183972,tshirt,white,170,304,672,539
12M52S_1678183972_6_jpg.rf.7c704ea8e8ca44194f732792c4792f56.jpg,1678183972,tshirt,white,169,304,698,528
12M52S_1678187572_11_jpg.rf.12aed1745fae25a9e2d3b7feec6b2138.jpg,1678187572,tshirt,nude,0,306,698,720
12M52S_1678187572_12_jpg.rf.2c767d5fa85665f68d5f9389af0bd92f.jpg,1678187572,tshirt,nude,95,306,781,588
12M52S_1678187572_1_jpg.rf.b052a029106f56d1d57f70d836c31cd6.jpg,1678187572,tshirt,nude,124,304,784,589
12M52S_1678187572_22_jpg.rf.a59c21f96855fcc0d9e0d24744bd555d.jpg,1678187572,tshirt,nude,126,302,781,591
12M52S_1678187572_26_jpg.rf.e9dff7c80aa627e1bc7519c3208abc10.jpg,1678187572,tshirt,nude,96,304,801,595
12M52S_1678187572_27_jpg.rf.de0b54bc8930e454992fd27b7c87dfd2.jpg,1678187572,tshirt,nude,94,304,804,594
12M52S_1678187572_29_jpg.rf.ae3f6b6713efe0f146e35a7ec1ca05db.jpg,1678187572,tshirt,nude,96,302,802,595
12M52S_1678187572_39_jpg.rf.7dba2c4409cb1c06d62d95462563e275.jpg,1678187572,tshirt,nude,89,297,802,591
12M52S_1678187572_42_jpg.rf.b9e02449de3611d9c0aa5c3fce1a72a9.jpg,1678187572,tshirt,nude,91,299,869,592
12M52S_1678187572_43_jpg.rf.4a8e1a03391dfe1ddfeddc20ccc8beab.jpg,1678187572,tshirt,nude,93,296,838,590
12M52S_1678187572_44_jpg.rf.4f03a9c26435233dae2ccdc8801e226b.jpg,1678187572,tshirt,nude,89,296,822,592
12M52S_1678187572_52_jpg.rf.dcc54e4a93ed0f8f651306a4b7dedb8a.jpg,1678187572,tshirt,nude,91,303,833,586
12M52S_1678187572_54_jpg.rf.f7fb9e02e52b12d905d66f54a4b61398.jpg,1678187572,tshirt,nude,95,201,803,516
12M52S_1678187572_55_jpg.rf.395f3055dd2cb4cc5e738d02448b00dd.jpg,1678187572,tshirt,nude,0,191,765,458
12M52S_1678187572_63_jpg.rf.2b12463bb4eb5bee7f19a786eaa141e8.jpg,1678187572,tshirt,nude,99,303,781,588
12M52S_1678187572_67_jpg.rf.0e49c77bcac5019febe9c7eac6831a07.jpg,1678187572,tshirt,nude,219,13,687,309
12M52S_1678187572_73_jpg.rf.897ab2722de7a0a686748f3613802f66.jpg,1678187572,tshirt,nude,0,307,698,720
12M52S_1678191172_10_jpg.rf.790c1e9e8290faf35da93fb945dd2ae1.jpg,1678191172,tshirt,nude,172,143,726,459
12M52S_1678191172_12_jpg.rf.11d4cde7d312bdbe5c027df754fda65c.jpg,1678191172,tshirt,nude,560,18,689,367
12M52S_1678191172_16_jpg.rf.10df1642c873754ca9c19a68c8c78ffb.jpg,1678191172,tshirt,nude,163,303,644,525
12M52S_1678191172_22_jpg.rf.63acffd184a349bc720e8d79114a050f.jpg,1678191172,tshirt,nude,164,304,643,525
12M52S_1678191172_23_jpg.rf.78bdc06a782b66e15872e20e295c8c9f.jpg,1678191172,tshirt,nude,160,305,595,525
12M52S_1678191172_2_jpg.rf.1f63ba207fae2d9c8604b4a83354a1e6.jpg,1678191172,tshirt,nude,162,303,648,505
12M52S_1678191172_5_jpg.rf.e877500a9021e3895c9201a295375233.jpg,1678191172,tshirt,nude,162,303,661,501
12M52S_1678191172_7_jpg.rf.1973cb7e6871209d2ab4ab082dcddd0b.jpg,1678191172,tshirt,nude,166,297,657,503
12M52S_1678191172_8_jpg.rf.f4e8fc536e962a83288b4c06eb226a0f.jpg,1678191172,tshirt,nude,162,282,656,500
12_jpg.rf.08c44ffefcf1f99a762841bd3626f15a.jpg,unknown,sweatshirt,brown,98,261,674,720
13M40S_1678083220_0_jpg.rf.543fe46e450bf27daff0453ee0ae0843.jpg,1678083220,tshirt,black,175,227,608,497
13M40S_1678083220_15_jpg.rf.c92ee3889a05e69334ada6d46ddbc320.jpg,1678083220,tshirt,black,5,295,507,720
13M40S_1678083220_16_jpg.rf.d5714d633914f643e2625422d9a0eadd.jpg,1678083220,tshirt,black,6,298,508,720
13M40S_1678083220_17_jpg.rf.0d3e13cd1b69d27c8d562e0b8a549528.jpg,1678083220,tshirt,black,924,24,1186,184
13M40S_1678083220_18_jpg.rf.6e8c370ec73cd3cfa39a6cf153dd7729.jpg,1678083220,tshirt,black,55,232,533,661
13M40S_1678083220_24_jpg.rf.9347cdd286a61c9b901b4caa003372d4.jpg,1678083220,tshirt,black,100,292,546,513
13M40S_1678083220_25_jpg.rf.91038f77c3784e47f173430a23414c99.jpg,1678083220,tshirt,black,98,293,546,507
13M40S_1678083220_26_jpg.rf.c478cb47698e5f8374bdff59b0ba1066.jpg,1678083220,tshirt,black,100,292,552,504
13M40S_1678083220_27_jpg.rf.53ed1ff9e4645b2dc99ce9121191f780.jpg,1678083220,tshirt,black,101,289,550,503
13M40S_1678083220_29_jpg.rf.69a4646bf45482fc0e5a99a4daa3be4b.jpg,1678083220,tshirt,black,102,293,589,492
13M40S_1678083220_30_jpg.rf.23639af3da44a6a6f293d88a79b47833.jpg,1678083220,tshirt,black,101,292,595,491
13M40S_1678083220_33_jpg.rf.892142b6b84c5a932c8fa5ee006fd791.jpg,1678083220,tshirt,black,916,2,1177,165
13M40S_1678083220_5_jpg.rf.b90aa32cf933bb3b7ec11537c3ded9fa.jpg,1678083220,tshirt,black,225,0,624,306
13M40S_1678083220_7_jpg.rf.bf476a17482a7b3ea87c0284a1153d39.jpg,1678083220,tshirt,black,7,312,520,720
13M40S_1678083220_8_jpg.rf.616f4d37b9c61838cd3ec10c6a056782.jpg,1678083220,tshirt,black,19,289,528,720
13M40S_1678083220_9_jpg.rf.add0ad70bc3ad3be591aa0bfb0fd304e.jpg,1678083220,tshirt,black,19,291,523,720
13M40S_1678086820_0_jpg.rf.d2d9129060de2b7850319a92fbfabea9.jpg,1678086820,sweatshirt,black,0,274,781,578
13M40S_1678086820_15_jpg.rf.c1eebdefa37e3f11b8eff572a8edbf30.jpg,1678086820,sweatshirt,black,0,291,655,719
13M40S_1678086820_17_jpg.rf.be64da774319d5672a3f9841946869b3.jpg,1678086820,sweatshirt,black,0,292,655,719
13M40S_1678086820_18_jpg.rf.20479ec0b5709a5896cd7daa5149d2ee.jpg,1678086820,sweatshirt,black,0,289,655,720
13M40S_1678086820_22_jpg.rf.dbd064291f699a8a3d2c7ef3f65a0766.jpg,1678086820,tshirt,black,0,293,668,588
13M40S_1678086820_24_jpg.rf.395e8c44049f465cb79a848a3c882d4c.jpg,1678086820,sweatshirt,black,0,300,665,592
13M40S_1678086820_25_jpg.rf.c1909dbebf0e485e8df50eb9dcbf5864.jpg,1678086820,sweatshirt,black,0,302,665,596
13M40S_1678086820_28_jpg.rf.78d96523ef36c0ead8c422269acefd39.jpg,1678086820,sweatshirt,black,0,223,654,532
13M40S_1678086820_2_jpg.rf.3c531d51c2464a5b6f6bca40ddd343a4.jpg,1678086820,sweatshirt,black,0,306,656,720
13M40S_1678086820_33_jpg.rf.8a9e79e3f0fa66573e08b45e1482fcc2.jpg,1678086820,sweatshirt,black,0,273,592,647
13M40S_1678086820_35_jpg.rf.c24f813ef827e4b4156eabee9abe3cd5.jpg,1678086820,sweatshirt,black,0,301,683,537
13M40S_1678086820_36_jpg.rf.169b317e288247e10d9351f541967f0b.jpg,1678086820,sweatshirt,black,0,301,676,537
13M40S_1678086820_39_jpg.rf.d9218e1e57a62da3e6c99a03da622322.jpg,1678086820,sweatshirt,black,216,301,677,536
13M40S_1678086820_3_jpg.rf.8ff209b237113d25ccf9beb012813e97.jpg,1678086820,tshirt,black,1006,304,1280,497
13M40S_1678086820_41_jpg.rf.de5000bd06cd1afe7bed1b74818b184c.jpg,1678086820,sweatshirt,black,220,99,675,529
13M40S_1678086820_8_jpg.rf.7a6c465b648c045896d44b43e488f1cc.jpg,1678086820,sweatshirt,black,0,0,728,583
13M40S_1678086820_9_jpg.rf.23c2e8a9cea29f6e80ed6eb8d10d0518.jpg,1678086820,sweatshirt,black,22,280,630,720
13M40S_1678090420_12_jpg.rf.5a5388b7ce46dd1d7952bfa811604394.jpg,1678090420,sweatshirt,brown,0,300,776,720
13M40S_1678090420_13_jpg.rf.92fbeaeb40d3954e597a8bfd41382682.jpg,1678090420,sweatshirt,brown,0,301,774,720
13M40S_1678090420_14_jpg.rf.3b0fc3f07b267ca0e6a4155ce024a758.jpg,1678090420,sweatshirt,brown,0,298,774,720
13M40S_1678090420_15_jpg.rf.5b77fc8707eb9ac522fef3200367e693.jpg,1678090420,sweatshirt,brown,0,295,791,616
13M40S_1678090420_17_jpg.rf.bb00dc499755dfb98c05a3b42ca7eece.jpg,1678090420,sweatshirt,brown,0,300,792,648
13M40S_1678090420_19_jpg.rf.1c3d1d0ec468001fb68f95916206494b.jpg,1678090420,sweatshirt,brown,0,302,793,636
13M40S_1678090420_21_jpg.rf.fc44d9d43703edad1daea059659ec862.jpg,1678090420,sweatshirt,brown,0,299,790,665
13M40S_1678090420_24_jpg.rf.9913173aeecbedf16b9cb14f95041ac6.jpg,1678090420,sweatshirt,brown,0,300,792,649
13M40S_1678090420_26_jpg.rf.7b135c35f364d8cba8afaacc7f230a7d.jpg,1678090420,sweatshirt,brown,0,141,575,530
13M40S_1678090420_29_jpg.rf.6534fe1905f15aeb398059b4d44ca7f2.jpg,1678090420,sweatshirt,brown,0,153,653,311
13M40S_1678090420_30_jpg.rf.e59f82b024fccf4fdf167b1f2700db73.jpg,1678090420,sweatshirt,brown,108,296,739,635
13M40S_1678090420_31_jpg.rf.99c81c8520c76752b67a5b85af506c1a.jpg,1678090420,sweatshirt,brown,0,218,876,636
13M40S_1678090420_35_jpg.rf.2ddd979c5497496a42800842b5e6f4ae.jpg,1678090420,sweatshirt,brown,7,293,654,524
13M40S_1678090420_38_jpg.rf.ec321b4f686e309fdcbec8a882677d30.jpg,1678090420,sweatshirt,brown,182,281,648,445
13M40S_1678090420_3_jpg.rf.71d68bf5be6cec033e5852ecca0a68a1.jpg,1678090420,sweatshirt,brown,0,280,851,720
13M40S_1678090420_40_jpg.rf.667f739f074f862354f9681503d64d71.jpg,1678090420,sweatshirt,brown,330,96,719,414
13M40S_1678090420_47_jpg.rf.09d42ce595de2d07b08b5a7cc57df481.jpg,1678090420,sweatshirt,brown,0,50,709,322
13M40S_1678090420_8_jpg.rf.174ac4a42ae007a8a10e57dc8b500929.jpg,1678090420,sweatshirt,brown,0,284,850,720
13M40S_1678090420_9_jpg.rf.45c37ae67b3f1f080d2d9922beca405f.jpg,1678090420,sweatshirt,brown,0,285,854,720
13M40S_1678108420_12_jpg.rf.696ed1873064406a8c9eb863b44e371e.jpg,1678108420,sweatshirt,brown,0,310,562,720
13M40S_1678108420_13_jpg.rf.c0904a2f6163ea15176c35128ce224fd.jpg,1678108420,sweatshirt,brown,0,288,566,720
13M40S_1678108420_14_jpg.rf.b05a963e969db09ba00b073d4a8d9e32.jpg,1678108420,sweatshirt,brown,0,288,572,720
13M40S_1678108420_15_jpg.rf.c274197e37c8777f2ffe91d358f038ee.jpg,1678108420,sweatshirt,brown,0,298,590,720
13M40S_1678108420_16_jpg.rf.b8edf8c7b8902301f9115539c9659c89.jpg,1678108420,sweatshirt,brown,48,44,617,719
13M40S_1678108420_18_jpg.rf.ac586155cb6501267f0c826062e99435.jpg,1678108420,sweatshirt,brown,0,0,696,720
13M40S_1678108420_19_jpg.rf.6199ec7a681d9ea7cb9718ab1f043a6f.jpg,1678108420,sweatshirt,brown,51,340,712,720
13M40S_1678108420_20_jpg.rf.0f4fe4733d568b1f628d2a26c76bfb8e.jpg,1678108420,sweatshirt,brown,47,364,713,719
13M40S_1678108420_21_jpg.rf.0b1510150fd9604363fe6f95be4e9a57.jpg,1678108420,sweatshirt,brown,32,292,711,719
13M40S_1678108420_22_jpg.rf.cb695524ccfe32adfe15b3230f865338.jpg,1678108420,sweatshirt,brown,30,319,690,720
13M40S_1678108420_25_jpg.rf.beeb28db61fd7de0f734e81af79ad3bd.jpg,1678108420,sweatshirt,brown,0,257,707,720
13M40S_1678108420_28_jpg.rf.e5e0b3eaf2608c84d76de92d74d46102.jpg,1678108420,sweatshirt,brown,49,282,744,720
13M40S_1678108420_2_jpg.rf.1f821f8c14848f997ddadc8756130d16.jpg,1678108420,sweatshirt,brown,0,378,670,720
13M40S_1678108420_30_jpg.rf.f5fefbb86ec083032d9132d8e973e9dc.jpg,1678108420,sweatshirt,brown,261,285,745,720
13M40S_1678108420_31_jpg.rf.6ad2412584398f3cba574927f32d88a1.jpg,1678108420,sweatshirt,brown,214,285,743,720
13M40S_1678108420_32_jpg.rf.d59522cd1ee9a3f5be9cb9b23f5c500c.jpg,1678108420,sweatshirt,brown,170,285,743,720
13M40S_1678108420_33_jpg.rf.b00603c1eb0640bdd61095b0501fd59c.jpg,1678108420,sweatshirt,brown,171,289,745,720
13M40S_1678108420_35_jpg.rf.41e0fa6b40d3cdb530f2ad09a11d3874.jpg,1678108420,sweatshirt,brown,180,288,744,720
13M40S_1678108420_37_jpg.rf.b5b41dacddecec9abdb744e892d14650.jpg,1678108420,sweatshirt,brown,0,254,744,719
13M40S_1678108420_38_jpg.rf.593fb7a6941f2ac09da96da90396e63b.jpg,1678108420,sweatshirt,brown,0,295,663,655
13M40S_1678108420_39_jpg.rf.b71fba3f78df20de6b7afa3426bf2bb1.jpg,1678108420,sweatshirt,brown,0,296,672,651
13M40S_1678108420_3_jpg.rf.86152dcdaa3ccc5c55a6284c858ad2e2.jpg,1678108420,sweatshirt,brown,1,316,687,720
13M40S_1678108420_40_jpg.rf.cb4103c60ffd2e53f2c80f336484baa3.jpg,1678108420,sweatshirt,brown,0,271,645,582
13M40S_1678108420_41_jpg.rf.2f72b062928f03d584c8a47317c02b3b.jpg,1678108420,sweatshirt,brown,0,293,668,581
13M40S_1678108420_42_jpg.rf.f3b15df8ff7d4215561eb88fb915e948.jpg,1678108420,sweatshirt,brown,0,270,686,582
13M40S_1678108420_44_jpg.rf.2e227548eebde9d35a8ad4c02b41b82b.jpg,1678108420,sweatshirt,brown,0,273,705,571
13M40S_1678108420_46_jpg.rf.2d1d4d3f7f80957ed5ef4f3e33298e74.jpg,1678108420,sweatshirt,brown,0,302,706,570
13M40S_1678108420_47_jpg.rf.03d078b2c0836602f6b4d10f5e163554.jpg,1678108420,sweatshirt,brown,0,269,738,570
13M40S_1678108420_48_jpg.rf.6c4ac67a03f376e240f6cd2a709eea41.jpg,1678108420,sweatshirt,brown,0,275,730,571
13M40S_1678108420_49_jpg.rf.f10ce3548ae6aac30c91e8f0b604fe45.jpg,1678108420,sweatshirt,brown,0,372,681,719
13M40S_1678108420_4_jpg.rf.6e0fe7052db65b9aa71309b29d186a57.jpg,1678108420,sweatshirt,brown,0,318,689,720
13M40S_1678108420_5_jpg.rf.b4ec276c915425dcf052642e6ff5bb0d.jpg,1678108420,sweatshirt,brown,0,319,689,720
13M40S_1678108420_6_jpg.rf.8a9b917ca4c3c4dbde236d5f77f88eaf.jpg,1678108420,sweatshirt,brown,0,313,688,719
13M40S_1678108420_7_jpg.rf.8e65da751cf92e6c45be96f4b6ad7490.jpg,1678108420,sweatshirt,brown,0,313,689,719
13M40S_1678108420_9_jpg.rf.6b1fb430dde6de10d304930df6534d58.jpg,1678108420,sweatshirt,brown,0,320,686,720
13M49S_1678367629_20_jpg.rf.ec86be3c667cd2c03e5b8a700f5d9d27.jpg,1678367629,tshirt,black,644,0,1017,346
13M49S_1678367629_21_jpg.rf.8e37391db80e15513113aadf9f912b6d.jpg,1678367629,tshirt,black,415,0,1056,583
13M49S_1678367629_22_jpg.rf.9b689c9aca41f32f8f20a1a0e2ceee7c.jpg,1678367629,tshirt,black,430,199,920,720
13M49S_1678367629_3_jpg.rf.ebe358e8dbe8bbc5d798823c52f68f2c.jpg,1678367629,tshirt,black,484,182,927,418
13M52S_1678166032_10_jpg.rf.28bed54df68d492d6250273ed4bbd427.jpg,1678166032,sweatshirt,brown,0,93,488,505
13M52S_1678166032_11_jpg.rf.0a9ec3d51e072611c5640a1852a8bb50.jpg,1678166032,sweatshirt,brown,0,3,320,448
13M52S_1678166032_13_jpg.rf.4758a2755198bc1656f72c8d892badee.jpg,1678166032,sweatshirt,brown,0,165,553,590
13M52S_1678166032_15_jpg.rf.7ec371697e75a46a998e78c8096de16b.jpg,1678166032,sweatshirt,brown,38,218,627,720
13M52S_1678166032_16_jpg.rf.331258b23e6260189da39708c8a3cbcc.jpg,1678166032,sweatshirt,brown,39,219,629,720
13M52S_1678166032_18_jpg.rf.984325790eca6ff96337f63d8aa11986.jpg,1678166032,sweatshirt,brown,0,236,579,720
13M52S_1678166032_1_jpg.rf.19553351c11adf0a99e541f38668f448.jpg,1678166032,sweatshirt,brown,0,210,628,720
13M52S_1678166032_22_jpg.rf.649204174a3f90c3f77b586c598836e9.jpg,1678166032,sweatshirt,brown,0,224,619,538
13M52S_1678166032_23_jpg.rf.6da104b24d72ea6b3dc7dbdea0a6e3e1.jpg,1678166032,sweatshirt,brown,0,233,634,542
13M52S_1678166032_24_jpg.rf.0be9ffc76c814d7318c26ea8d1730da2.jpg,1678166032,sweatshirt,brown,0,253,618,719
13M52S_1678166032_28_jpg.rf.6840685bef95b255d08e373b0404dfcc.jpg,1678166032,sweatshirt,brown,0,233,644,537
13M52S_1678166032_33_jpg.rf.63af90ba1556f9ffee5742ba640c7cf8.jpg,1678166032,sweatshirt,brown,0,220,659,720
13M52S_1678166032_36_jpg.rf.ee7cdca9e1280a173c82b36a3f83a819.jpg,1678166032,sweatshirt,brown,0,242,660,720
13M52S_1678166032_37_jpg.rf.e253b651f97a43c34c1113fe16c098e0.jpg,1678166032,sweatshirt,brown,0,242,658,720
13M52S_1678166032_38_jpg.rf.d4d10ae09f4f0a92374e6b87d8fb1d07.jpg,1678166032,sweatshirt,brown,0,228,659,720
13M52S_1678166032_3_jpg.rf.f05d7d9805f759c8b26818561855644f.jpg,1678166032,sweatshirt,brown,0,238,666,573
13M52S_1678166032_40_jpg.rf.2cb475b35ad203f656d7f9ceb6a9ce94.jpg,1678166032,sweatshirt,brown,0,230,659,720
13M52S_1678166032_4_jpg.rf.e1a0c973580b78718bb0d8c8589c5bfc.jpg,1678166032,sweatshirt,brown,0,238,663,569
13M52S_1678166032_5_jpg.rf.41572c386bd6aabd977aa7e8f9cbab9b.jpg,1678166032,sweatshirt,brown,0,236,665,567
13M52S_1678166032_6_jpg.rf.b51fa95c397879913453ed483e8a8069.jpg,1678166032,sweatshirt,brown,0,236,664,567
13M52S_1678166032_8_jpg.rf.a4d4e4cae6faee2d09af6544fac2b299.jpg,1678166032,sweatshirt,brown,0,236,665,578
13M52S_1678166032_9_jpg.rf.f45c68450e6d67e68d127b5b1f3db050.jpg,1678166032,sweatshirt,brown,0,237,666,577
13M52S_1678169632_11_jpg.rf.f41606ccf7660eb8e2a0e9b25cc33ba5.jpg,1678169632,sweatshirt,pink,140,298,850,720
13M52S_1678169632_14_jpg.rf.e40c6fb33a75720af17b186f961a493f.jpg,1678169632,sweatshirt,pink,0,294,702,676
13M52S_1678169632_19_jpg.rf.2191cebdbb01f41420e05fe5d9bb1e60.jpg,1678169632,sweatshirt,pink,91,2,684,291
13M52S_1678169632_1_jpg.rf.b068ccb2bac920581c9b5336d4401361.jpg,1678169632,sweatshirt,pink,0,302,836,576
13M52S_1678169632_21_jpg.rf.5f6311e9de7a340e3a9b1bc15a4c0578.jpg,1678169632,sweatshirt,pink,0,300,836,578
13M52S_1678169632_25_jpg.rf.b3f42feb5456b8f1fa78c5aea0710e51.jpg,1678169632,sweatshirt,pink,291,300,791,559
13M52S_1678169632_29_jpg.rf.f9c0c938c7c54f780eefc76366bdcd42.jpg,1678169632,sweatshirt,pink,316,65,806,516
13M52S_1678169632_31_jpg.rf.aebedb20c56e481476507e7b8ac8dcea.jpg,1678169632,sweatshirt,pink,619,0,1024,301
13M52S_1678169632_32_jpg.rf.faa111cad01aab3e340b65a994660c7d.jpg,1678169632,sweatshirt,pink,879,20,1148,219
13M52S_1678169632_34_jpg.rf.4a103b0a98ad1f76efca59c6b083c169.jpg,1678169632,sweatshirt,pink,0,298,837,570
13M52S_1678169632_35_jpg.rf.a0c3500a32078a76b4e79c1e67679c1b.jpg,1678169632,sweatshirt,pink,59,27,363,310
13M52S_1678169632_36_jpg.rf.648a191d170a419d3c5e92799e75b4eb.jpg,1678169632,sweatshirt,pink,0,0,791,413
13M52S_1678169632_38_jpg.rf.5d3a5cf6b1477de05d2318679d2843e9.jpg,1678169632,sweatshirt,pink,0,299,836,569
13M52S_1678169632_3_jpg.rf.58274ce1f7bb27d7cce6501f258f04fd.jpg,1678169632,sweatshirt,pink,138,298,852,720
13M52S_1678169632_46_jpg.rf.301c06f7f31218e49e85a37dfaf31a47.jpg,1678169632,sweatshirt,pink,37,291,646,720
13M52S_1678169632_48_jpg.rf.c4df8de935cc036f8e8e99355473b15b.jpg,1678169632,sweatshirt,pink,50,165,593,720
13M52S_1678169632_52_jpg.rf.a2ca44cb0a6ce08473d75a81a0166e97.jpg,1678169632,sweatshirt,pink,0,273,856,719
13M52S_1678169632_56_jpg.rf.63caa54b38c3d28919cc57316a3df850.jpg,1678169632,sweatshirt,pink,0,290,855,719
13M52S_1678169632_57_jpg.rf.618f033381ee438ab043472f4771681f.jpg,1678169632,sweatshirt,pink,0,303,831,719
13M52S_1678169632_58_jpg.rf.69c698bddfc9246d04cd37ae9c13ad32.jpg,1678169632,sweatshirt,pink,0,300,831,720
13M52S_1678169632_62_jpg.rf.63e555808d97cc6d5c9d0f8bf58c2404.jpg,1678169632,sweatshirt,pink,0,295,834,720
13M52S_1678169632_64_jpg.rf.5d2f43d6b624e16cee29fd7f4602a894.jpg,1678169632,sweatshirt,pink,0,280,851,720
13M52S_1678169632_9_jpg.rf.58e379018b9df9dd8544ff6d9b67f3a9.jpg,1678169632,sweatshirt,pink,0,299,835,566
13M52S_1678176832_11_jpg.rf.0b7eee81c0059928b7182f5c6a983eb6.jpg,1678176832,tshirt,white,122,305,745,543
13M52S_1678176832_12_jpg.rf.d0efd17da9cdd1fb679ec3509d4b319b.jpg,1678176832,tshirt,white,120,307,745,545
13M52S_1678176832_19_jpg.rf.98c9b5d081eddc017cbc885884b1ed74.jpg,1678176832,tshirt,white,16,304,673,720
13M52S_1678176832_24_jpg.rf.72e613c0bd536d6b3180bc3da4792a34.jpg,1678176832,tshirt,white,0,1,633,720
13M52S_1678176832_27_jpg.rf.7ab387d6f7e2e752625aeaeda61361a2.jpg,1678176832,tshirt,white,17,305,674,720
13M52S_1678176832_28_jpg.rf.10b0d95c91cc715563a75c0048965a27.jpg,1678176832,tshirt,white,14,305,673,720
13M52S_1678176832_33_jpg.rf.fbe9a9d0cb8983efd53cce506984710c.jpg,1678176832,tshirt,white,8,293,593,719
13M52S_1678176832_38_jpg.rf.404cc596fdcfd29b9ae5bc9c92dfac59.jpg,1678176832,tshirt,white,23,308,674,720
13M52S_1678176832_42_jpg.rf.5e6f071dcaad3c99657dac75249a6d2e.jpg,1678176832,tshirt,white,64,223,685,687
13M52S_1678176832_47_jpg.rf.21f080b602884dfbef5615a39c9d819f.jpg,1678176832,tshirt,white,92,306,736,587
13M52S_1678176832_49_jpg.rf.1d5a14fd665f4e3b19cc3747b0e3c857.jpg,1678176832,tshirt,white,97,302,735,586
13M52S_1678176832_54_jpg.rf.af3e9a7025e69cb238e8e687d0df3b2e.jpg,1678176832,tshirt,white,69,139,744,300
13M52S_1678176832_57_jpg.rf.231db1c48c93002887f3011eb4d0109d.jpg,1678176832,tshirt,white,121,307,745,542
13M52S_1678180432_11_jpg.rf.f9c5df9c5b5cd2395670c984023210c1.jpg,1678180432,tshirt,white,91,305,557,517
13M52S_1678180432_12_jpg.rf.f9c3d3dd3fa445976129f5ac69bcd331.jpg,1678180432,tshirt,white,95,302,580,514
13M52S_1678180432_13_jpg.rf.ddcf0895e06c4e5ba95750225cb8b721.jpg,1678180432,tshirt,white,94,302,586,505
13M52S_1678180432_15_jpg.rf.580a01e164293d4d169128eb21217c1a.jpg,1678180432,tshirt,white,94,304,584,496
13M52S_1678180432_20_jpg.rf.fe31ee9597560b4102fddd63043d9b30.jpg,1678180432,tshirt,white,101,234,538,400
13M52S_1678180432_22_jpg.rf.25f71c3fe2a92fd3b298ed77e2e13062.jpg,1678180432,tshirt,white,580,34,785,355
13M52S_1678180432_24_jpg.rf.37182a586ca9231093e9b0cbca0f2a04.jpg,1678180432,tshirt,white,93,305,558,520
13M52S_1678180432_26_jpg.rf.473bb4adaad9b3d7e066aac4b1e5fd76.jpg,1678180432,tshirt,white,77,210,565,719
13M52S_1678180432_28_jpg.rf.d20a986ca7a604e0f0933d04556c527d.jpg,1678180432,tshirt,white,0,184,516,504
13M52S_1678180432_32_jpg.rf.d17beeacded33289f29c058f080365da.jpg,1678180432,tshirt,white,48,323,571,720
13M52S_1678180432_34_jpg.rf.da7ef05df7a4a214c6e6b2e2fbe77e1b.jpg,1678180432,tshirt,white,51,325,572,720
13M52S_1678184032_24_jpg.rf.f5f9cbb6759996da8d516b055c9c0dd1.jpg,1678184032,tshirt,white,66,298,598,720
13M52S_1678184032_28_jpg.rf.648052d114fc805497f157915978139a.jpg,1678184032,tshirt,white,65,311,597,720
13M52S_1678184032_30_jpg.rf.03b0e73fd5f8cb90d33484a89a1e97be.jpg,1678184032,tshirt,white,65,300,603,720
13M52S_1678184032_42_jpg.rf.b416229e1e4caff4b52acbf30373ca84.jpg,1678184032,tshirt,white,79,25,239,296
13M52S_1678184032_45_jpg.rf.72c0fd61ba45831293523b5fe89dc620.jpg,1678184032,tshirt,white,53,299,572,720
13M52S_1678187632_10_jpg.rf.e3f06e23efd7f4bba388395c28ae71d0.jpg,1678187632,tshirt,nude,17,304,713,720
13M52S_1678187632_20_jpg.rf.35875fe746eb9087a63b2ec865d7360b.jpg,1678187632,tshirt,nude,72,308,730,604
13M52S_1678187632_33_jpg.rf.a7ba5432734821a84cf201049b8682ca.jpg,1678187632,tshirt,nude,28,307,731,605
13M52S_1678187632_34_jpg.rf.de597900f3f97c1c407eaea7bbf3564a.jpg,1678187632,tshirt,nude,25,302,727,605
13M52S_1678187632_35_jpg.rf.25f099ed8c088edf11b0d61173c87809.jpg,1678187632,tshirt,nude,25,305,733,605
13M52S_1678187632_41_jpg.rf.a9104d1760017b2d1f8a9b581304496e.jpg,1678187632,tshirt,nude,39,303,774,603
13M52S_1678187632_48_jpg.rf.3e2ffe797f9cbd7850669655b31ab56f.jpg,1678187632,tshirt,nude,67,303,762,601
13M52S_1678187632_4_jpg.rf.d5952ff9be520fa5c67db11415997cca.jpg,1678187632,tshirt,nude,18,313,713,719
13M52S_1678187632_53_jpg.rf.d5f1f94bfd83f94eb4f05f3e0f63c2b0.jpg,1678187632,tshirt,nude,75,205,726,545
13M52S_1678187632_58_jpg.rf.4f8b8836dffe3987cd16c07d88a8861f.jpg,1678187632,tshirt,nude,882,13,1212,398
13M52S_1678187632_69_jpg.rf.5da726f87d6009ec7d3905d7c0eb8a02.jpg,1678187632,tshirt,nude,0,0,782,669
13M52S_1678191232_10_jpg.rf.2ec8b67ccc203ca9787bc6791316420a.jpg,1678191232,tshirt,nude,158,275,608,577
13M52S_1678191232_1_jpg.rf.05825f8357f5ae13094af870158ca276.jpg,1678191232,tshirt,nude,131,305,622,581
13M52S_1678191232_27_jpg.rf.3955cc30f05edce600e1d76a850314ec.jpg,1678191232,tshirt,nude,65,312,571,720
13M52S_1678191232_2_jpg.rf.b5066375c0ac9de6bc50a5fe7608daca.jpg,1678191232,tshirt,nude,129,303,615,564
13M52S_1678191232_40_jpg.rf.e8aa336f251baa03733a6c59deecbb0a.jpg,1678191232,tshirt,nude,144,304,606,585
13M52S_1678191232_49_jpg.rf.f13a94ac15bb3dc636254a76b3ce4a23.jpg,1678191232,tshirt,nude,124,307,607,585
13M52S_1678191232_53_jpg.rf.655eac29716e483f201d30acf58b90cd.jpg,1678191232,tshirt,nude,129,303,554,581
14M40S_1678083280_12_jpg.rf.6db3a30fc266488e552e248466a09815.jpg,1678083280,tshirt,black,34,295,529,720
14M40S_1678083280_15_jpg.rf.89e21dec7ca31abe8d42790eb259afd7.jpg,1678083280,tshirt,black,96,295,613,545
14M40S_1678083280_18_jpg.rf.868c79b81dc79ef863907a9e85410d81.jpg,1678083280,tshirt,black,93,295,598,533
14M40S_1678083280_22_jpg.rf.35c6158291351afffa8a76e31e8fabbb.jpg,1678083280,tshirt,black,456,11,700,304
14M40S_1678083280_28_jpg.rf.336d83c371c79d7b3456b06fb8bb4bd2.jpg,1678083280,tshirt,black,285,0,561,260
14M40S_1678083280_29_jpg.rf.8034c66c80b9e54be550fbc2bc0996fa.jpg,1678083280,tshirt,black,115,2,506,240
14M40S_1678083280_30_jpg.rf.0780ef81615972f7a3e024c957466d0a.jpg,1678083280,tshirt,black,0,2,525,567
14M40S_1678083280_3_jpg.rf.81e346bd99d4f38f9bfaa96bcd4550e1.jpg,1678083280,tshirt,black,41,270,558,696
14M40S_1678086880_16_jpg.rf.30b9a201c2a561d7a11568e0b0f31d93.jpg,1678086880,sweatshirt,black,0,296,768,720
14M40S_1678086880_17_jpg.rf.f13e93ff8af5aa202c28e0bda72fb615.jpg,1678086880,sweatshirt,black,0,295,769,720
14M40S_1678086880_26_jpg.rf.1df94ef3255224871c594f6db2846f70.jpg,1678086880,sweatshirt,black,0,271,653,720
14M40S_1678086880_3_jpg.rf.0330c0bde97cbb538216aaa41791c196.jpg,1678086880,sweatshirt,black,27,380,847,720
14M40S_1678090480_0_jpg.rf.54835e0d8f46e14f69c2b69ac0e7e2ef.jpg,1678090480,sweatshirt,brown,0,285,851,720
14M40S_1678090480_12_jpg.rf.87d160f3ed972be6b742512c9a31b5f8.jpg,1678090480,sweatshirt,brown,0,294,486,719
14M40S_1678090480_17_jpg.rf.530a9fa208678415d4a9c022d7739bc2.jpg,1678090480,sweatshirt,brown,0,296,820,720
14M40S_1678090480_23_jpg.rf.b8432e7d3dc89aaa598a81e69e2f58f2.jpg,1678090480,sweatshirt,brown,0,303,832,719
14M40S_1678090480_26_jpg.rf.fdabd8bf3d5ac6608b2352de67ba700a.jpg,1678090480,sweatshirt,brown,0,290,835,719
14M40S_1678090480_28_jpg.rf.3ad3c631f6a13bf0584c6ff49702bfc2.jpg,1678090480,sweatshirt,brown,0,305,820,720
14M40S_1678090480_31_jpg.rf.448f9b20d02067cf2297c19ff1668439.jpg,1678090480,sweatshirt,brown,43,175,823,614
14M40S_1678090480_36_jpg.rf.4689037665e23594474663ef032fcc91.jpg,1678090480,sweatshirt,brown,113,291,710,533
14M40S_1678090480_37_jpg.rf.31b98dd51aca771790f9095c0a7b0e79.jpg,1678090480,sweatshirt,brown,85,300,713,532
14M40S_1678090480_38_jpg.rf.e9ff3f8d2e737dec082c794bdeb241a4.jpg,1678090480,sweatshirt,brown,85,292,710,533
14M40S_1678090480_53_jpg.rf.05a58a52e593b525cca8eddc1211c841.jpg,1678090480,sweatshirt,brown,173,0,664,304
14M40S_1678090480_55_jpg.rf.ec63c4e94441c817a210dd7dbe3fd95e.jpg,1678090480,sweatshirt,brown,0,386,648,720
14M40S_1678104880_11_jpg.rf.df885298c8005f8ee3f23da7d805428f.jpg,1678104880,sweatshirt,brown,0,300,774,720
14M40S_1678104880_13_jpg.rf.ffefdaf019b3c9997e2167d4e8501947.jpg,1678104880,sweatshirt,brown,46,261,717,684
14M40S_1678104880_16_jpg.rf.676a2e7e8962d740b78e9afa85c4ea84.jpg,1678104880,sweatshirt,brown,2,423,753,720
14M40S_1678104880_17_jpg.rf.2e33e0f51ca3a1f7e9799517f36bfdb8.jpg,1678104880,sweatshirt,brown,2,420,753,720
14M40S_1678104880_1_jpg.rf.46952b81a05e838ad23f115629ffba24.jpg,1678104880,sweatshirt,brown,46,258,716,684
14M40S_1678104880_20_jpg.rf.56b01cc31bbddd5fc95c94c2c64d0cda.jpg,1678104880,sweatshirt,brown,5,315,763,720
14M40S_1678104880_21_jpg.rf.953cf68fcc1a03d953d3e023c2bf314d.jpg,1678104880,sweatshirt,brown,3,313,761,719
14M40S_1678104880_22_jpg.rf.bd442be8bea364d1c91c341becea12d2.jpg,1678104880,sweatshirt,brown,2,319,731,720
14M40S_1678104880_25_jpg.rf.cead87e24570c41794ee218be8c62f4b.jpg,1678104880,sweatshirt,brown,2,311,732,719
14M40S_1678104880_30_jpg.rf.a8d185149c529823694c73b728aaa886.jpg,1678104880,sweatshirt,brown,0,3,649,719
14M40S_1678104880_32_jpg.rf.eb5cc74391bed5c4a7c26d1d67a45b14.jpg,1678104880,sweatshirt,brown,222,2,526,266
14M40S_1678104880_39_jpg.rf.d040eeccc60e291b189da945ea8d794e.jpg,1678104880,sweatshirt,brown,202,1,571,307
14M40S_1678104880_3_jpg.rf.10826fe8ef62106dceec2308caab86bf.jpg,1678104880,sweatshirt,brown,0,283,805,596
14M40S_1678104880_41_jpg.rf.f21505c9c167cfdc523ba01cbbf5abb1.jpg,1678104880,sweatshirt,brown,12,267,824,720
14M40S_1678104880_43_jpg.rf.96d7df86ed5392d00263c1c730a4fb75.jpg,1678104880,sweatshirt,brown,100,306,830,720
14M40S_1678104880_44_jpg.rf.8d976ed259848bd092a6070ca9dae0c2.jpg,1678104880,sweatshirt,brown,166,306,827,720
14M40S_1678104880_46_jpg.rf.33ea064b832cf0872e94a9214bcc04d6.jpg,1678104880,sweatshirt,brown,174,305,825,720
14M40S_1678104880_49_jpg.rf.1263519fdc3d03aea04008f29ae628ee.jpg,1678104880,sweatshirt,brown,179,298,824,720
14M40S_1678104880_4_jpg.rf.fc5703ccb40a4a3357e0a75bbd793b61.jpg,1678104880,sweatshirt,brown,0,283,805,597
14M40S_1678104880_50_jpg.rf.29d5cfc204ce93b146d1923cddac9f98.jpg,1678104880,sweatshirt,brown,211,306,824,720
14M40S_1678104880_52_jpg.rf.d212a657f25045993cb87e79bcca6bd4.jpg,1678104880,sweatshirt,brown,47,257,718,683
14M40S_1678104880_62_jpg.rf.5182380d79ca613e83d41a93a688e5e3.jpg,1678104880,sweatshirt,brown,0,282,782,606
14M40S_1678104880_6_jpg.rf.aad51a6aa7b0d95bd4d950099954d097.jpg,1678104880,sweatshirt,brown,0,282,793,543
14M40S_1678108480_12_jpg.rf.3f36a990bdfd908ea15098863dc88b2b.jpg,1678108480,sweatshirt,brown,191,291,769,720
14M40S_1678108480_18_jpg.rf.e052d118180ce2c86f78d99980b8e94b.jpg,1678108480,sweatshirt,brown,87,294,736,613
14M40S_1678108480_20_jpg.rf.366734a35d25486e8934a313e334b887.jpg,1678108480,sweatshirt,brown,43,297,658,574
14M40S_1678108480_21_jpg.rf.90aff72f85779b4f8b187a974f633108.jpg,1678108480,sweatshirt,brown,7,298,667,570
14M40S_1678108480_22_jpg.rf.5e57b75b1544c0a034f76fc249b07f4d.jpg,1678108480,sweatshirt,brown,227,178,669,571
14M40S_1678108480_25_jpg.rf.33aae8b5ce65928d18cfd85aedd11edd.jpg,1678108480,sweatshirt,brown,210,180,661,554
14M40S_1678108480_27_jpg.rf.31cc09a148604b4a91765229b6f41040.jpg,1678108480,sweatshirt,brown,212,283,662,555
14M40S_1678108480_28_jpg.rf.d14229f895b46b89730adde9a179cdf4.jpg,1678108480,sweatshirt,brown,332,180,835,471
14M40S_1678108480_29_jpg.rf.59d534fe17ba63039e57d3bce4c7d6ec.jpg,1678108480,sweatshirt,brown,995,187,1280,485
14M40S_1678108480_2_jpg.rf.3282be6f72bda17a55289b8f3eb8a240.jpg,1678108480,sweatshirt,brown,0,298,728,576
14M40S_1678108480_33_jpg.rf.392aa739db30f3df06d5daa0b5c00a0c.jpg,1678108480,sweatshirt,brown,0,125,238,306
14M40S_1678108480_39_jpg.rf.f47c85798a12d61b308d24a299deb4ac.jpg,1678108480,sweatshirt,brown,0,358,632,720
14M40S_1678108480_52_jpg.rf.b9612193f3e27752392763d7554e5b82.jpg,1678108480,sweatshirt,brown,0,315,654,720
14M40S_1678108480_54_jpg.rf.7cfcb9b68b8fb8ffc78e61a8d4ff04d1.jpg,1678108480,sweatshirt,brown,0,301,730,576
14M40S_1678108480_58_jpg.rf.5be548988ca8be65e897b0770c2ad889.jpg,1678108480,sweatshirt,brown,0,316,636,720
14M40S_1678108480_5_jpg.rf.af45a8305dc6cb4edd1467c052756c2a.jpg,1678108480,sweatshirt,brown,0,312,776,719
14M40S_1678108480_6_jpg.rf.2bfe47f250fb62254265b6dfa41121d8.jpg,1678108480,sweatshirt,brown,0,313,775,719
14M40S_1678108480_9_jpg.rf.99b23f94a8c5ffc98758b8e756ce518d.jpg,1678108480,sweatshirt,brown,229,305,769,720
14M49S_1678367689_10_jpg.rf.3d09048a3bb10f36d14f2c1e1a92c5b4.jpg,1678367689,tshirt,black,507,116,961,435
14M49S_1678367689_14_jpg.rf.a783609b01dd2d029923ccfac083ea17.jpg,1678367689,tshirt,black,448,179,926,407
14M49S_1678367689_30_jpg.rf.b8457180be93e31d1cd59f1bde655f43.jpg,1678367689,tshirt,black,505,145,916,429
14M52S_1678166092_10_jpg.rf.5f95779ad557320d3a4c5a055f5a8389.jpg,1678166092,sweatshirt,brown,110,252,564,491
14M52S_1678166092_28_jpg.rf.4abecd76aa621bde1d9708c9f4df242f.jpg,1678166092,sweatshirt,brown,0,250,504,720
14M52S_1678166092_30_jpg.rf.efc57f32fcd740068a1f41d40f7efbf1.jpg,1678166092,sweatshirt,brown,0,265,504,720
14M52S_1678166092_31_jpg.rf.16fa979381bc229d1d332e315dcd8ba0.jpg,1678166092,sweatshirt,brown,0,109,473,720
14M52S_1678166092_32_jpg.rf.12a424574476652a75933e2e3eb47417.jpg,1678166092,sweatshirt,brown,28,2,594,495
14M52S_1678166092_33_jpg.rf.6ee3b86c6e35a4ab2af7a5779f66e773.jpg,1678166092,sweatshirt,brown,0,2,690,720
14M52S_1678166092_34_jpg.rf.0765b476882355343ba45473213def46.jpg,1678166092,sweatshirt,brown,0,252,592,720
14M52S_1678166092_39_jpg.rf.37cbea88cf01b104667e56ccb6da4241.jpg,1678166092,sweatshirt,brown,0,276,554,720
14M52S_1678166092_46_jpg.rf.61e889e2d07504de79d3bc5fcc207764.jpg,1678166092,sweatshirt,brown,77,257,656,711
14M52S_1678166092_47_jpg.rf.aef674949a30e9a4ede0d856c5cc5b67.jpg,1678166092,sweatshirt,brown,46,239,656,712
14M52S_1678166092_50_jpg.rf.741de7c341bec93472cfce8fa29bae03.jpg,1678166092,sweatshirt,brown,0,219,531,637
14M52S_1678166092_7_jpg.rf.b32a488c6abc573ccdcbdd450590664d.jpg,1678166092,sweatshirt,brown,105,228,562,508
14M52S_1678169692_0_jpg.rf.8667119ed0d357041edef74c4dc9ea91.jpg,1678169692,sweatshirt,pink,0,235,768,634
14M52S_1678169692_20_jpg.rf.e2c0635dd8fdb1164a38ca94591f0f5a.jpg,1678169692,sweatshirt,pink,0,259,776,568
14M52S_1678169692_25_jpg.rf.532cfb47e08bb4b022adafd5dd9bdb5d.jpg,1678169692,sweatshirt,pink,0,293,825,719
14M52S_1678169692_2_jpg.rf.8360dcf80df999194a1de65e8680680b.jpg,1678169692,sweatshirt,pink,0,256,786,574
14M52S_1678169692_31_jpg.rf.43bf1ca10406bb555b7faaddf2d52bdc.jpg,1678169692,sweatshirt,pink,0,254,766,578
14M52S_1678169692_34_jpg.rf.1574322a1f9b85f74f9a5554a81aa10b.jpg,1678169692,sweatshirt,pink,0,285,825,720
14M52S_1678169692_48_jpg.rf.0c2bce4b3e085d85e8879057aa2c55f9.jpg,1678169692,sweatshirt,pink,0,293,825,719
14M52S_1678169692_52_jpg.rf.e32d52f3a505e8e976b84004b0ef29e8.jpg,1678169692,sweatshirt,pink,0,302,845,611
14M52S_1678169692_53_jpg.rf.769733431602c2c0c569ce2e3c147a70.jpg,1678169692,sweatshirt,pink,0,299,845,610
14M52S_1678169692_54_jpg.rf.c745a6901be8fe13f09d924a6644eb68.jpg,1678169692,sweatshirt,pink,0,298,846,607
14M52S_1678169692_56_jpg.rf.bd6b81a5ed28c2eaa48ada5fec877985.jpg,1678169692,sweatshirt,pink,0,305,848,613
14M52S_1678169692_57_jpg.rf.d4e5f4abcb8981c41cbcd03f283b0245.jpg,1678169692,sweatshirt,pink,0,302,845,608
14M52S_1678169692_7_jpg.rf.a2989174288870b16175cbc62a3259a3.jpg,1678169692,sweatshirt,pink,283,16,798,604
14M52S_1678176892_12_jpg.rf.34051e21a26a7496fda56ac0436125fd.jpg,1678176892,tshirt,white,146,302,792,530
14M52S_1678176892_14_jpg.rf.1b42f59f3ad7088c9ae6400bf937f6f5.jpg,1678176892,tshirt,white,87,302,808,542
14M52S_1678176892_2_jpg.rf.32bd198ed393c5d529f9ae7624653baa.jpg,1678176892,tshirt,white,91,302,805,540
14M52S_1678176892_32_jpg.rf.05adf1d41f9a0abfce17fa646a287588.jpg,1678176892,tshirt,white,89,304,747,543
14M52S_1678176892_37_jpg.rf.4b536b75fdea22f2a72a877923b89237.jpg,1678176892,tshirt,white,17,314,689,719
14M52S_1678176892_3_jpg.rf.6613af815150f122205f5828852e98ca.jpg,1678176892,tshirt,white,214,2,674,306
14M52S_1678176892_43_jpg.rf.10e5564a00bea0637a642a8c71c93244.jpg,1678176892,tshirt,white,21,317,689,720
14M52S_1678176892_51_jpg.rf.8abec52e2028b99ded1e07ec7c968fa1.jpg,1678176892,tshirt,white,21,321,693,720
14M52S_1678176892_55_jpg.rf.625a175938ab1a59c87aea0f3a637be3.jpg,1678176892,tshirt,white,217,36,755,324
14M52S_1678176892_8_jpg.rf.98a2b0526abb1cd4a3db87c9ac97bfdf.jpg,1678176892,tshirt,white,147,302,790,518
14M52S_1678176892_9_jpg.rf.9239f1c700868f589c659d84dbe788b0.jpg,1678176892,tshirt,white,93,302,808,540
14M52S_1678180492_35_jpg.rf.0d24f19d20b25e845d54aac177977f17.jpg,1678180492,tshirt,white,51,341,579,720
14M52S_1678180492_36_jpg.rf.379a688ecb5f6ff2de23a0c2f7fa5c54.jpg,1678180492,tshirt,white,49,342,581,720
14M52S_1678180492_38_jpg.rf.b5f301b24fd02bcc0f9383c5c2f1bca6.jpg,1678180492,tshirt,white,50,341,584,720
14M52S_1678180492_40_jpg.rf.a24a5b7c563b73b4e9b8301f700dc3d6.jpg,1678180492,tshirt,white,50,344,586,720
14M52S_1678180492_5_jpg.rf.cb0842d73e62a6a2d39589c3a6037e94.jpg,1678180492,tshirt,white,158,246,632,485
14M52S_1678184092_27_jpg.rf.b4618ecec9694f988a31b7ee67d6a961.jpg,1678184092,tshirt,white,42,310,548,720
14M52S_1678184092_28_jpg.rf.d3aed023d6a584122ec8cdb5ee43c885.jpg,1678184092,tshirt,white,43,308,547,720
14M52S_1678184092_29_jpg.rf.55f59bf826a6760810c71073c79c7805.jpg,1678184092,tshirt,white,143,303,661,527
14M52S_1678184092_38_jpg.rf.bce246de17fef66c9ab8bf50aad72cfa.jpg,1678184092,tshirt,white,123,303,576,525
14M52S_1678184092_44_jpg.rf.0c371b1b8746b77cb450dc3632df4855.jpg,1678184092,tshirt,white,120,307,580,542
14M52S_1678184092_48_jpg.rf.ecb2abe15ae4017bf4dcc4c9a23dec62.jpg,1678184092,tshirt,white,126,306,578,486
14M52S_1678184092_49_jpg.rf.b5181f62447b084a039930dbc09f1f0b.jpg,1678184092,tshirt,white,193,231,549,461
14M52S_1678187692_14_jpg.rf.a1faf6a96bd5c26d9855ef1c263196c8.jpg,1678187692,tshirt,nude,75,302,714,614
14M52S_1678187692_15_jpg.rf.b7f5eb4ac79555a2cfcd8b2358e5a196.jpg,1678187692,tshirt,nude,77,307,712,613
14M52S_1678187692_18_jpg.rf.bc82962b5eab492e6ea1c74ee695daf3.jpg,1678187692,tshirt,nude,94,302,751,604
14M52S_1678187692_25_jpg.rf.6fe93080752b83287c872f388cee7626.jpg,1678187692,tshirt,nude,49,302,750,602
14M52S_1678187692_28_jpg.rf.949a726c31c0a39a43a41e399bfd3491.jpg,1678187692,tshirt,nude,56,305,750,601
14M52S_1678187692_32_jpg.rf.6236c00c9a7853d2bde6902e47107a1d.jpg,1678187692,tshirt,nude,59,303,796,600
14M52S_1678187692_57_jpg.rf.517e8b240a7d7fbe86ae462cf398dd3e.jpg,1678187692,tshirt,nude,0,2,683,332
14M52S_1678187692_60_jpg.rf.76465ec90e379c06a0ef60f492c4fb2d.jpg,1678187692,tshirt,nude,0,306,628,720
14M52S_1678187692_69_jpg.rf.797ef70394316a685cb015e703fa405c.jpg,1678187692,tshirt,nude,0,313,630,719
14M52S_1678187692_71_jpg.rf.fac622da215975b245b08f6711f0fc36.jpg,1678187692,tshirt,nude,0,313,633,719
14M52S_1678191292_20_jpg.rf.9e3abcc396136a996cc6065c74a54a1c.jpg,1678191292,tshirt,nude,121,316,619,720
14M52S_1678191292_30_jpg.rf.118a6cbbb9308b16c0764a31858a766f.jpg,1678191292,tshirt,nude,129,312,624,720
14M52S_1678191292_39_jpg.rf.eacce65147f95011fc5b9554fbf5a365.jpg,1678191292,tshirt,nude,230,304,651,517
14M52S_1678191292_42_jpg.rf.05c83056c31c90eadbcc58520a5a8aec.jpg,1678191292,tshirt,nude,214,304,647,524
14M52S_1678191292_44_jpg.rf.ba96f813bb9e7f64929c63060134d4ba.jpg,1678191292,tshirt,nude,215,307,648,523
14M52S_1678191292_9_jpg.rf.e555535ad4472d22f9b8ff9568d6c914.jpg,1678191292,tshirt,nude,322,129,744,461
15M40S_1678083340_20_jpg.rf.d8f5ab7476ad3efd64c2405c5eb63998.jpg,1678083340,tshirt,black,191,12,519,248
15M40S_1678083340_21_jpg.rf.5326cf242939f0b53b3eb2a616299f8f.jpg,1678083340,tshirt,black,193,9,397,293
15M40S_1678083340_28_jpg.rf.bc193756feec550ffa4080fa0d119556.jpg,1678083340,tshirt,black,14,296,562,720
15M40S_1678083340_4_jpg.rf.bfec9c891092af6dda31f7886547b975.jpg,1678083340,tshirt,black,20,302,563,720
15M40S_1678083340_5_jpg.rf.d791f75c0330462504ae3a782fc428c3.jpg,1678083340,tshirt,black,21,298,563,720
15M40S_1678083340_6_jpg.rf.d912a929008d91e173cd87be0f90ac7d.jpg,1678083340,tshirt,black,48,247,567,650
15M40S_1678086940_19_jpg.rf.077354ed8d735e5440a7ebab6f6aad44.jpg,1678086940,sweatshirt,black,39,300,847,582
15M40S_1678086940_21_jpg.rf.55c7006c2175e82b928fbc5241e4f8d7.jpg,1678086940,sweatshirt,black,46,301,846,577
15M40S_1678086940_23_jpg.rf.2428cac8d7b340fefde1c7b0826f5e03.jpg,1678086940,sweatshirt,black,47,301,850,580
15M40S_1678086940_26_jpg.rf.310bb99c4adf123823b1c5bbddfcd1ce.jpg,1678086940,sweatshirt,black,46,302,848,577
15M40S_1678086940_28_jpg.rf.183c6ea34119af86a6bb5d5f1e8047a1.jpg,1678086940,sweatshirt,black,38,153,635,558
15M40S_1678086940_33_jpg.rf.3dfc3d03069a43615eb966d3680050df.jpg,1678086940,sweatshirt,black,22,263,645,720
15M40S_1678086940_36_jpg.rf.cd0504092fa6b7cd3c389a0a7101f46f.jpg,1678086940,sweatshirt,black,24,270,643,719
15M40S_1678086940_37_jpg.rf.a79899ed662aad98cb29f24f0ed04b14.jpg,1678086940,sweatshirt,black,23,148,686,716
15M40S_1678086940_39_jpg.rf.1bcd4dff8524ad060999c7cad0ae192f.jpg,1678086940,sweatshirt,black,0,279,602,720
15M40S_1678086940_51_jpg.rf.62e6a6ba402c86569a9306737e895653.jpg,1678086940,sweatshirt,black,0,0,831,720
15M40S_1678086940_53_jpg.rf.da8c901ff171c1a8388e425b7d99460c.jpg,1678086940,sweatshirt,black,89,309,711,720
15M40S_1678090540_12_jpg.rf.12735c5bba730e5142713f36267b015e.jpg,1678090540,sweatshirt,brown,0,288,574,720
15M40S_1678090540_15_jpg.rf.9177263947f0d260f44156ec00733490.jpg,1678090540,sweatshirt,brown,0,255,603,561
15M40S_1678090540_21_jpg.rf.ef0ec417c0e520b3ef4a32257a59ad63.jpg,1678090540,sweatshirt,brown,0,265,746,555
15M40S_1678090540_29_jpg.rf.ada13ae9377f31f04cd9214ecd04e94c.jpg,1678090540,sweatshirt,brown,12,278,788,720
15M40S_1678104940_11_jpg.rf.1e6cff52dd2905c5cc9ea563abad1d88.jpg,1678104940,sweatshirt,brown,0,222,772,620
15M40S_1678104940_12_jpg.rf.ea88174a617c1a8cd163ac527a1500c8.jpg,1678104940,sweatshirt,brown,0,299,793,579
15M40S_1678104940_13_jpg.rf.08cbb4e554914ab4213f7d222abf8797.jpg,1678104940,sweatshirt,brown,0,301,794,579
15M40S_1678104940_15_jpg.rf.d665593e01b90f4292fe78b8544fd2cd.jpg,1678104940,sweatshirt,brown,0,302,792,582
15M40S_1678104940_23_jpg.rf.a6e41571394e57421ce02d4a96538307.jpg,1678104940,sweatshirt,brown,0,304,794,582
15M40S_1678104940_24_jpg.rf.223ccde646d010e980b6a64004ff591d.jpg,1678104940,sweatshirt,brown,0,300,794,581
15M40S_1678104940_29_jpg.rf.7452cda4bf969612b8c8a07fe907837e.jpg,1678104940,sweatshirt,brown,95,294,691,674
15M40S_1678104940_33_jpg.rf.8e41fa4080a75268b6dd4fac2937238c.jpg,1678104940,sweatshirt,brown,0,297,659,648
15M40S_1678104940_36_jpg.rf.dd8c83a29e5732abc49e6854097981c4.jpg,1678104940,sweatshirt,brown,172,299,657,644
15M40S_1678104940_38_jpg.rf.225fa71276ab0d7a2ae868e335a02a6e.jpg,1678104940,sweatshirt,brown,174,148,655,618
15M40S_1678104940_4_jpg.rf.8106840be94c50bd537d8e71ded38980.jpg,1678104940,sweatshirt,brown,0,292,816,719
15M40S_1678104940_58_jpg.rf.d25ae6fc8567f49d6584ec19fc1f62bb.jpg,1678104940,sweatshirt,brown,273,2,828,270
15M40S_1678104940_65_jpg.rf.228ce11e77a38dfe80ccf8bf93dc555a.jpg,1678104940,sweatshirt,brown,0,306,712,720
15M40S_1678104940_66_jpg.rf.dd7f4a52ef31e908de370c0b243f2070.jpg,1678104940,sweatshirt,brown,0,306,713,720
15M40S_1678104940_67_jpg.rf.74f37ed567b3aa6ff793bb4adc5ddab6.jpg,1678104940,sweatshirt,brown,0,299,714,720
15M40S_1678104940_6_jpg.rf.74e07aa35567d4151441a366eb615bd9.jpg,1678104940,sweatshirt,brown,204,294,826,719
15M40S_1678104940_9_jpg.rf.eb1e55f4fb4388d3b8823d1314739802.jpg,1678104940,sweatshirt,brown,165,295,823,720
15M49S_1678367749_28_jpg.rf.8a4bd297efa69e8a9e67ebb501cc2609.jpg,1678367749,tshirt,black,444,4,1108,503
15M49S_1678367749_29_jpg.rf.f64f803d87b01ff64286edfcf20f3ea5.jpg,1678367749,tshirt,black,468,123,1006,719
15M49S_1678367749_2_jpg.rf.3fb86193a24c7f693dcd95911c7256e0.jpg,1678367749,tshirt,black,462,203,992,714
15M49S_1678367749_3_jpg.rf.96afc29adea2f8909985da031a175ce0.jpg,1678367749,tshirt,black,466,197,990,708
15M49S_1678367749_5_jpg.rf.164c1a072e0847dde49ed9aba73bebfc.jpg,1678367749,tshirt,black,462,191,991,700
15M52S_1678166152_16_jpg.rf.9ceb0c26100c825d5401a73324cb9b7e.jpg,1678166152,sweatshirt,brown,0,241,576,720
15M52S_1678166152_31_jpg.rf.4683e455602f07769760cbb1d5babad0.jpg,1678166152,sweatshirt,brown,0,222,693,583
15M52S_1678166152_34_jpg.rf.0b627358c202715e2c07e643288d2e2d.jpg,1678166152,sweatshirt,brown,0,224,718,586
15M52S_1678166152_38_jpg.rf.ce2bc3b2cbae23befef8a6bdc3983408.jpg,1678166152,sweatshirt,brown,79,249,522,487
15M52S_1678169752_13_jpg.rf.5a4b52c9c963b530259f5b33d0bf19d6.jpg,1678169752,sweatshirt,pink,16,290,842,720
15M52S_1678169752_19_jpg.rf.e236a7abc62846987a18313f8699f70d.jpg,1678169752,sweatshirt,pink,0,1,860,720
15M52S_1678169752_38_jpg.rf.607ba3f4d5e44beb9c26f1b4550cc4c7.jpg,1678169752,sweatshirt,pink,0,283,798,719
15M52S_1678169752_3_jpg.rf.3fc6d59763a8ddd200cbd11ab376b44d.jpg,1678169752,sweatshirt,pink,0,283,785,589
15M52S_1678169752_48_jpg.rf.fad9f11b583df9e216e976efdae3fcb9.jpg,1678169752,sweatshirt,pink,148,281,797,707
15M52S_1678169752_50_jpg.rf.83af0ee16d5a1e25c9e3d726ac4ab049.jpg,1678169752,sweatshirt,pink,166,280,795,711
15M52S_1678169752_59_jpg.rf.26cdc725110963f1c9807dab27e85388.jpg,1678169752,sweatshirt,pink,0,283,762,606
15M52S_1678169752_62_jpg.rf.41da9b471be1e0bad0a48e9d42ca26e2.jpg,1678169752,sweatshirt,pink,0,286,788,597
15M52S_1678176952_0_jpg.rf.0fb4caf64be1bec0c7dc64fa90de3bf8.jpg,1678176952,tshirt,white,148,306,791,548
15M52S_1678176952_10_jpg.rf.3f7836d83b1b6648ac8778247e5dd2a9.jpg,1678176952,tshirt,white,65,302,726,720
15M52S_1678176952_18_jpg.rf.4970e7f0744ea0f066150050362d8a2c.jpg,1678176952,tshirt,white,148,308,794,533
15M52S_1678176952_23_jpg.rf.27eed33acb7a4452c7c02efde783e538.jpg,1678176952,tshirt,white,150,305,794,528
15M52S_1678176952_36_jpg.rf.0298a68dba00a247bccc645582a4b82c.jpg,1678176952,tshirt,white,113,299,825,523
15M52S_1678176952_48_jpg.rf.07927fdfb3bd956281c685fca095748e.jpg,1678176952,tshirt,white,0,25,329,306
15M52S_1678176952_55_jpg.rf.3f8bb8ee90efaed9b27387327c4e844e.jpg,1678176952,tshirt,white,42,291,648,720
15M52S_1678180552_15_jpg.rf.4685e9a4e0278bce1ce7553037e9defa.jpg,1678180552,tshirt,white,147,299,637,474
15M52S_1678180552_17_jpg.rf.9e2ee84f84102df1a23f06653fdee377.jpg,1678180552,tshirt,white,148,295,641,475
15M52S_1678184152_17_jpg.rf.29183f151ed981b835d26c627a9a7287.jpg,1678184152,tshirt,white,165,46,481,307
15M52S_1678184152_34_jpg.rf.79a84f7d7daa4d42989f8d290160bdbe.jpg,1678184152,tshirt,white,43,311,554,720
15M52S_1678184152_39_jpg.rf.68a99ebf4a077dec93ac9fcab8c28eea.jpg,1678184152,tshirt,white,137,302,597,542
15M52S_1678184152_40_jpg.rf.e15e1a679461257a7c77af866e1946b9.jpg,1678184152,tshirt,white,136,303,596,541
15M52S_1678187752_21_jpg.rf.a3474340c5ca185a8d824fb6a1009f63.jpg,1678187752,tshirt,nude,57,303,730,606
15M52S_1678187752_2_jpg.rf.1f1ccae5c1fbe88aaf6fdc3cb3b8fc15.jpg,1678187752,tshirt,nude,57,304,730,614
15M52S_1678187752_33_jpg.rf.0cf676905200ea188910560421ea5ccf.jpg,1678187752,tshirt,nude,29,302,778,596
15M52S_1678187752_60_jpg.rf.12b31ae9ad5932dec8687e904a187eaa.jpg,1678187752,tshirt,nude,217,46,657,306
15M52S_1678187752_62_jpg.rf.26156418368d0558f2b8ca57196f6a59.jpg,1678187752,tshirt,nude,0,3,688,719
15M52S_1678187752_67_jpg.rf.04c389b24f098724f971925d052f1d6f.jpg,1678187752,tshirt,nude,63,305,695,611
15M52S_1678187752_7_jpg.rf.004ab8657471e1bbd430253303ed3a5f.jpg,1678187752,tshirt,nude,0,315,643,720
15M52S_1678191352_39_jpg.rf.37b202ed3440e039d5f644c200a9c651.jpg,1678191352,tshirt,nude,174,307,687,541
15M52S_1678191352_43_jpg.rf.4afb067129e33dc2dbf4fa05ac98dc4e.jpg,1678191352,tshirt,nude,187,303,652,519
15M52S_1678191352_50_jpg.rf.ee01062f302d111154d22a8bdbc841c4.jpg,1678191352,tshirt,nude,191,304,657,509
15M52S_1678191352_56_jpg.rf.78db7cf3af452ff1f5d41ef340c1383f.jpg,1678191352,tshirt,nude,484,2,693,305
15M52S_1678191352_5_jpg.rf.1a5b47abca4612b0a4afc1cb6fea06e7.jpg,1678191352,tshirt,nude,0,80,526,720
16M40S_1678083400_18_jpg.rf.ae6c0311f55c33e2fe062ff939630990.jpg,1678083400,tshirt,black,62,270,486,559
16M40S_1678083400_25_jpg.rf.d6a384fb9857cd3a8230eedc9c94766f.jpg,1678083400,tshirt,black,241,2,483,302
16M40S_1678087000_11_jpg.rf.2b863b7cb29d1ebee587f0a70db24bd9.jpg,1678087000,sweatshirt,black,0,272,632,667
16M40S_1678087000_12_jpg.rf.185222d6274a3582ee9a32d9b2040fb6.jpg,1678087000,sweatshirt,black,0,289,618,691
16M40S_1678087000_1_jpg.rf.cffc6c547fdb2ec518ad3dfff88aa135.jpg,1678087000,sweatshirt,black,0,278,750,720
16M40S_1678090600_16_jpg.rf.c48e709311bb5067e7742036bffe8df5.jpg,1678090600,sweatshirt,brown,0,300,803,566
16M40S_1678090600_22_jpg.rf.94571e803ca7eddd02c3c24437e9ae78.jpg,1678090600,sweatshirt,brown,82,227,671,646
16M40S_1678090600_37_jpg.rf.b1abce879c4aedd920b9e922afa562d5.jpg,1678090600,sweatshirt,brown,0,302,804,571
16M40S_1678090600_43_jpg.rf.b711050c2b99f1268f521f67b30f882d.jpg,1678090600,sweatshirt,brown,400,0,735,311
16M40S_1678090600_49_jpg.rf.41691170c6186beeabf657bcf21751ac.jpg,1678090600,sweatshirt,brown,0,346,904,720
16M40S_1678090600_53_jpg.rf.b2ab07a48b9fd2ce3f154a6cab4dca9f.jpg,1678090600,sweatshirt,brown,0,316,896,720
16M40S_1678090600_58_jpg.rf.701e011d903d7579e8457a666fa65d81.jpg,1678090600,sweatshirt,brown,0,266,696,720
16M40S_1678090600_9_jpg.rf.6e3a948098616418316cb272536da7cd.jpg,1678090600,sweatshirt,brown,159,331,780,720
16M40S_1678105000_1_jpg.rf.33f5baa0257393a0f5d20c39f8f81021.jpg,1678105000,sweatshirt,brown,171,294,825,719
16M40S_1678105000_22_jpg.rf.afcbfabc1f7e1ba0c41310634da8a3b3.jpg,1678105000,sweatshirt,brown,0,278,722,601
16M40S_1678105000_28_jpg.rf.504acfd0b5860803bafd8ea5a8278ff4.jpg,1678105000,sweatshirt,brown,0,279,743,581
16M40S_1678105000_40_jpg.rf.c90e28a2c0e56e1fb29a1fa9b59722f9.jpg,1678105000,sweatshirt,brown,46,302,771,601
16M40S_1678105000_45_jpg.rf.ebdfc0901648fc0fa5ea0abbccb193e5.jpg,1678105000,sweatshirt,brown,47,305,771,615
16M40S_1678105000_52_jpg.rf.a5bd05626d6b4372487d96cc1136da2d.jpg,1678105000,sweatshirt,brown,48,300,773,616
16M40S_1678105000_61_jpg.rf.075c8caf8340d9b094efc2279cc3b390.jpg,1678105000,sweatshirt,brown,0,297,625,631
16M40S_1678105000_63_jpg.rf.8c7d9ca5c4dc92b367b62a80042838e2.jpg,1678105000,sweatshirt,brown,27,271,670,617
16M49S_1678367809_15_jpg.rf.ae82dc3dbacaa28278a9b4f902dca9ab.jpg,1678367809,tshirt,black,489,182,938,408
16M49S_1678367809_21_jpg.rf.8f132b9dc6fb15f69674c356e6e41c23.jpg,1678367809,tshirt,black,450,179,955,400
16M49S_1678367809_22_jpg.rf.3f10c9f147e29189048ff63057c82172.jpg,1678367809,tshirt,black,450,182,956,401
16M49S_1678367809_24_jpg.rf.5875e942a7aed0a113ef16eaaaf9aca5.jpg,1678367809,tshirt,black,450,179,956,401
16M49S_1678367809_26_jpg.rf.4c3c95f51d2418789807858a53ea6a55.jpg,1678367809,tshirt,black,450,180,972,401
16M49S_1678367809_28_jpg.rf.1f94e8f48dc10401681910a1c56ff472.jpg,1678367809,tshirt,black,452,184,967,393
16M49S_1678367809_30_jpg.rf.6c0d23e014669a82d29d3e5a0bf47389.jpg,1678367809,tshirt,black,451,178,970,391
16M49S_1678367809_3_jpg.rf.1a376e3d99ec13e8c67efec656d7940a.jpg,1678367809,tshirt,black,424,196,975,720
16M49S_1678367809_41_jpg.rf.b5b0f38630bd46ee41f192986ad6aa7e.jpg,1678367809,tshirt,black,668,3,972,241
16M49S_1678367809_46_jpg.rf.70ab257c68a78e391ef67d33fe4d8ca6.jpg,1678367809,tshirt,black,204,2,519,182
16M49S_1678367809_47_jpg.rf.c90a0974cdb3ee102d17376c116a98ff.jpg,1678367809,tshirt,black,204,1,645,184
16M49S_1678367809_48_jpg.rf.4d3c9ff997537814f74821f1fe445f23.jpg,1678367809,tshirt,black,656,0,865,201
16M49S_1678367809_50_jpg.rf.3fd99c470210e9baad28b90279d97738.jpg,1678367809,tshirt,black,420,1,1128,719
16M49S_1678367809_53_jpg.rf.e095996774d97c125b65dab12c27aeba.jpg,1678367809,tshirt,black,462,194,986,696
16M49S_1678367809_9_jpg.rf.0aba126f2b0867b589d637f6e81696e5.jpg,1678367809,tshirt,black,457,126,975,560
31M52S_1678170712_0_jpg.rf.26221288e50ff50cc8fbf682b4cc750a.jpg,1678170712,tshirt,nude,12,378,448,720
31M52S_1678170712_6_jpg.rf.da242f70fcc677dfd5ef6e00695b09b1.jpg,1678170712,tshirt,nude,10,259,447,719
31M52S_1678181512_21_jpg.rf.18755256c78a0b5445b53f1db3180eb3.jpg,1678181512,tshirt,white,189,305,692,499
31M52S_1678185112_11_jpg.rf.006975a4f10d4a4fd35750c394432bf0.jpg,1678185112,tshirt,nude,109,303,765,600
31M52S_1678185112_12_jpg.rf.724a6a169a01edc3e53dfafee3932cbd.jpg,1678185112,tshirt,nude,111,302,766,604
31M52S_1678185112_13_jpg.rf.f5e251740c6ac575b5716532cc66736d.jpg,1678185112,tshirt,nude,109,301,764,604
31M52S_1678185112_14_jpg.rf.71add958328b23bf57ba79af6055e487.jpg,1678185112,tshirt,nude,109,303,766,600
31M52S_1678185112_23_jpg.rf.522eb8cde2e7509405dc41446b99b623.jpg,1678185112,tshirt,nude,74,302,706,595
31M52S_1678185112_32_jpg.rf.81b25fe82383bb6e2ced3ec77b01bd72.jpg,1678185112,tshirt,nude,84,301,706,597
31M52S_1678185112_36_jpg.rf.f3b9b3af6be20d76ee8792e5cf309202.jpg,1678185112,tshirt,nude,74,294,764,586
31M52S_1678185112_6_jpg.rf.0aaa5aad73ff71cda9be377fa6f6a85e.jpg,1678185112,tshirt,nude,109,303,758,598
32M40S_1678080760_31_jpg.rf.af1ffd7e25d309129ea8f7a6fe676698.jpg,1678080760,sweatshirt,brown,28,231,482,601
32M40S_1678080760_32_jpg.rf.7df65bb575ac79ec8d47b91f38901051.jpg,1678080760,sweatshirt,brown,15,230,480,601
32M40S_1678080760_3_jpg.rf.ef0036e762b099f7aa5ed7fff7c24fe3.jpg,1678080760,sweatshirt,brown,0,169,528,706
32M40S_1678080760_6_jpg.rf.146c087c1dbd65e98f354630a8d3e98d.jpg,1678080760,sweatshirt,brown,0,279,583,719
32M40S_1678087960_10_jpg.rf.cd1683c93a744f7df40de8d525969d68.jpg,1678087960,sweatshirt,black,0,172,690,561
32M40S_1678087960_14_jpg.rf.59d311fee94e5c89800a782cade2edec.jpg,1678087960,sweatshirt,black,222,106,684,538
32M40S_1678105960_37_jpg.rf.e75e779d4ac6ce6cd9bb5a4aadf7214f.jpg,1678105960,sweatshirt,brown,0,213,724,698
32M40S_1678105960_45_jpg.rf.1da8c10a9de06990d144fe91ecaa514f.jpg,1678105960,sweatshirt,brown,205,174,693,604
32M40S_1678105960_65_jpg.rf.7c036de238a1b3dd33693e739c49bde4.jpg,1678105960,sweatshirt,brown,21,320,783,720
32M40S_1678105960_8_jpg.rf.653b24a947796f05411c372a5a511170.jpg,1678105960,sweatshirt,brown,0,321,661,719
32M40S_1678109560_16_jpg.rf.ece4aea32057672145a40bb3d69be582.jpg,1678109560,sweatshirt,brown,41,94,578,720
32M40S_1678109560_23_jpg.rf.0e1be5a9d370f01bb62625cfa449dd06.jpg,1678109560,sweatshirt,brown,0,312,535,720
32M40S_1678109560_29_jpg.rf.9d2474bbe380e26a4c0463e4f7e93da6.jpg,1678109560,sweatshirt,brown,0,289,741,719
32M40S_1678109560_37_jpg.rf.55e4f6afc949fa976ff20b544acb3429.jpg,1678109560,sweatshirt,brown,161,296,733,720
32M40S_1678109560_55_jpg.rf.4a9b5f9807a275e3e25450fc39f47b1e.jpg,1678109560,sweatshirt,brown,0,266,674,523
32M49S_1678368769_13_jpg.rf.8919399b1cbdab982b3936ce726ef508.jpg,1678368769,sweatshirt,black,581,149,1011,475
32M52S_1678181572_9_jpg.rf.daa3ba0ae9d7da8eab4a82013a956970.jpg,1678181572,tshirt,white,175,143,707,708
32M52S_1678185172_17_jpg.rf.21feff7f75322dec302ef0767770171f.jpg,1678185172,tshirt,nude,82,303,730,579
32M52S_1678185172_1_jpg.rf.edcdc65ef1f385823a6ea8c79162bfce.jpg,1678185172,tshirt,nude,111,303,763,599
32M52S_1678185172_30_jpg.rf.fee48ca089302a10c6f1d76ff0583aa8.jpg,1678185172,tshirt,nude,155,302,788,586
32M52S_1678185172_3_jpg.rf.b0b028dd97530bf6366220fae6e03be5.jpg,1678185172,tshirt,nude,111,304,720,588
32_jpg.rf.99b2b3be293a14745044c46907f1b200.jpg,unknown,sweatshirt,brown,0,270,738,720
33M40S_1678080820_18_jpg.rf.90757f1670814662a7be3398546e01ae.jpg,1678080820,sweatshirt,brown,0,219,408,719
33M40S_1678080820_19_jpg.rf.b9a968b5ec90224ee08424bcc77f8cc8.jpg,1678080820,sweatshirt,brown,11,0,583,465
33M40S_1678080820_6_jpg.rf.75710bf29953cb35fe7b548b9df36ee9.jpg,1678080820,sweatshirt,brown,0,239,382,719
33M40S_1678088020_24_jpg.rf.6952d0982971ddc25c5c71829ba5f89e.jpg,1678088020,sweatshirt,black,9,378,805,720
33M40S_1678088020_2_jpg.rf.111ccbfb327590177962c1ae94fa86b1.jpg,1678088020,sweatshirt,black,0,299,824,558
33M40S_1678106020_42_jpg.rf.39aea800edcb1e5eb93ce516afb9887c.jpg,1678106020,sweatshirt,brown,0,299,770,708
33M40S_1678106020_52_jpg.rf.9b4e3ab631aff5d34f140c5b5666319d.jpg,1678106020,sweatshirt,brown,191,293,780,719
33M40S_1678106020_56_jpg.rf.dda7059ef8249c97beb4837650130143.jpg,1678106020,sweatshirt,brown,0,299,802,636
33M49S_1678368829_17_jpg.rf.1ea4ba7852e3af2aab3a3039e84db039.jpg,1678368829,sweatshirt,black,224,271,1116,629
33M49S_1678368829_18_jpg.rf.9c932acc5d694d9e5d8094de895a2ba6.jpg,1678368829,sweatshirt,black,224,290,1068,642
33M49S_1678368829_1_jpg.rf.63de61d6a473dc885e34506fd54b72e5.jpg,1678368829,sweatshirt,black,490,177,976,672
33M49S_1678368829_21_jpg.rf.1499ebc02762e3c123dbffeae6aa7b25.jpg,1678368829,sweatshirt,black,225,199,941,636
33M49S_1678368829_31_jpg.rf.948f2a35d28978dc74d52a37bb5d20fd.jpg,1678368829,sweatshirt,black,166,223,986,719
33M49S_1678368829_35_jpg.rf.b6bdcd99147356356edc3f23fad6a362.jpg,1678368829,sweatshirt,black,325,146,975,672
33M49S_1678368829_4_jpg.rf.4ecad8249a744b6f8b30e1ecf63c761e.jpg,1678368829,sweatshirt,black,489,181,975,673
33M49S_1678368829_6_jpg.rf.fe91f1b899b492a2c7a2075957ab238b.jpg,1678368829,sweatshirt,black,417,170,975,672
33M49S_1678368829_7_jpg.rf.7dbead3efdcb3c6543ae2ba07394502a.jpg,1678368829,sweatshirt,black,246,162,1012,572
33M49S_1678368829_9_jpg.rf.d4a028891ba07e90319c7ed1dccf5e64.jpg,1678368829,sweatshirt,black,244,158,955,466
33M52S_1678185232_14_jpg.rf.1065834184a41cce3a2b37acf21bfb51.jpg,1678185232,tshirt,nude,69,304,719,554
33M52S_1678185232_19_jpg.rf.0f7f4fd9aa2e3e06e7f02cdded0f933b.jpg,1678185232,tshirt,nude,79,303,759,581
33M52S_1678185232_32_jpg.rf.e6eeecd99fc23f8d9d304fcb77f213d3.jpg,1678185232,tshirt,nude,76,303,730,579
33M52S_1678185232_56_jpg.rf.e5d24e9d63c4f2b54b2a1a8486be8ea5.jpg,1678185232,tshirt,nude,0,301,632,719
33M52S_1678185232_63_jpg.rf.2faeedbba4c06ed6d6b85df514bd1d4d.jpg,1678185232,tshirt,nude,0,303,632,719
34M40S_1678080880_20_jpg.rf.d19c14693cf3fc383efa300bf0105b67.jpg,1678080880,sweatshirt,brown,0,205,448,719
34M40S_1678080880_21_jpg.rf.9dc0703a219d5d856d803b3973bde61e.jpg,1678080880,sweatshirt,brown,0,208,450,720
34M40S_1678080880_25_jpg.rf.e01a64f4dc303dd4f0126fe7531048d6.jpg,1678080880,sweatshirt,brown,0,208,634,560
34M40S_1678080880_2_jpg.rf.f6f8a83cce4f56082a04dc44abe6f1f0.jpg,1678080880,sweatshirt,brown,0,208,653,558
34M40S_1678080880_3_jpg.rf.8a26149debb40898d3f25978c5940663.jpg,1678080880,sweatshirt,brown,0,209,654,557
34M40S_1678080880_6_jpg.rf.68e7f8bb9b96e3d2ab019a4f2719da5f.jpg,1678080880,sweatshirt,brown,0,233,583,719
34M40S_1678088080_26_jpg.rf.cd99cb41ca1e7435e92525dc9dacde97.jpg,1678088080,sweatshirt,black,9,311,623,719
34M40S_1678106080_10_jpg.rf.1433b0fc8fd99a1280ea7b65cc0e6e04.jpg,1678106080,sweatshirt,brown,0,282,682,570
34M40S_1678106080_3_jpg.rf.8fa855ad4a39712f48e2ecffe848c245.jpg,1678106080,sweatshirt,brown,0,282,690,574
34M40S_1678106080_41_jpg.rf.7ccf96aeac139b5bb8103e948e39a3b1.jpg,1678106080,sweatshirt,brown,0,262,734,720
34M40S_1678106080_52_jpg.rf.cc1d776424974abbff867e0ced3e5793.jpg,1678106080,sweatshirt,brown,172,285,758,719
34M40S_1678106080_53_jpg.rf.6e3cd8b95014ce0f43fb763e12d1bf54.jpg,1678106080,sweatshirt,brown,153,284,757,720
34M40S_1678106080_56_jpg.rf.36a73879b23f8066a08cf1e614c1cbe0.jpg,1678106080,sweatshirt,brown,0,290,532,690
34M40S_1678106080_60_jpg.rf.1871e6e12e2ae4eb7cc2c507fbaef8f6.jpg,1678106080,sweatshirt,brown,0,280,659,577
34M40S_1678109680_13_jpg.rf.e4f934584b229014626e33b25096e8d0.jpg,1678109680,sweatshirt,brown,0,222,766,720
34M40S_1678109680_16_jpg.rf.c5202ad65bca2147463a50fbb32732e9.jpg,1678109680,sweatshirt,brown,0,276,722,571
34M40S_1678109680_18_jpg.rf.7ff924850829d5da3570adca9a4d8e83.jpg,1678109680,sweatshirt,brown,0,268,766,574
34M40S_1678109680_1_jpg.rf.e5e05b915ef3df085ef2b267afdff1f2.jpg,1678109680,sweatshirt,brown,195,295,770,719
34M40S_1678109680_46_jpg.rf.39b9f9ef40684a03d2bd7ce57877061a.jpg,1678109680,sweatshirt,brown,42,283,742,633
34M40S_1678109680_54_jpg.rf.d9fbfa25361a5041434a08775317cbe2.jpg,1678109680,sweatshirt,brown,132,300,594,631
34M49S_1678368889_18_jpg.rf.43a277e88c3c05d4665f7ae5b93a728a.jpg,1678368889,sweatshirt,black,240,160,1010,454
34M49S_1678368889_1_jpg.rf.0bb9cedca494b4c406e26803055058fb.jpg,1678368889,sweatshirt,black,242,151,966,451
34M49S_1678368889_21_jpg.rf.f99e597d3d0e7e201d8c9806ea0fa78e.jpg,1678368889,sweatshirt,black,241,163,1010,439
34M49S_1678368889_2_jpg.rf.00d2e7107fcb473c9efe48ed6c5efe49.jpg,1678368889,sweatshirt,black,315,179,1043,429
34M49S_1678368889_5_jpg.rf.3527638b1d2383e825cddd00071c5fec.jpg,1678368889,sweatshirt,black,321,179,1043,450
34M49S_1678368889_6_jpg.rf.cac89f1585ac7959890a90db2ab3f2a4.jpg,1678368889,sweatshirt,black,319,159,1035,450
34M52S_1678167292_11_jpg.rf.6de77db6627270b7d3fbc8acf379f86f.jpg,1678167292,sweatshirt,pink,3,335,803,719
34M52S_1678167292_1_jpg.rf.36ba49e77f0cc5effcb23d1db402c828.jpg,1678167292,sweatshirt,pink,0,305,611,719
34M52S_1678167292_26_jpg.rf.bcafe76ca6b588ccd6348439ea2e2299.jpg,1678167292,sweatshirt,pink,0,296,608,720
34M52S_1678167292_9_jpg.rf.54e64d926ed6b45b136577ed851b7393.jpg,1678167292,sweatshirt,pink,135,294,745,720
34M52S_1678170892_4_jpg.rf.8ba5f67b8d2904a781961186aaecca0d.jpg,1678170892,sweatshirt,pink,0,308,665,720
34_jpg.rf.6e8ddce471ada73ca3ec9898d6dcd32f.jpg,unknown,sweatshirt,brown,0,262,740,720
35M40S_1678080940_11_jpg.rf.8a7e85827af44a31e317156457d39699.jpg,1678080940,sweatshirt,brown,0,246,594,720
35M40S_1678080940_12_jpg.rf.c5b77178524551b7eb84c3c21ece2168.jpg,1678080940,sweatshirt,brown,0,260,593,720
35M40S_1678080940_21_jpg.rf.5313e1b45b09d8cbcd93e6d36c9d7917.jpg,1678080940,sweatshirt,brown,0,229,597,587
35M40S_1678080940_23_jpg.rf.1abb9bc99526feade26e8d6e7263b157.jpg,1678080940,sweatshirt,brown,0,229,598,588
35M40S_1678080940_29_jpg.rf.94e06736012808c2b794e54ff9168643.jpg,1678080940,sweatshirt,brown,0,223,562,624
35M40S_1678080940_32_jpg.rf.27ec459c7b050d0ce5c27a2fa23b31cf.jpg,1678080940,sweatshirt,brown,0,232,464,637
35M40S_1678080940_35_jpg.rf.fa9a38ae37b2bbee7f0ea55cba1bab87.jpg,1678080940,sweatshirt,brown,0,231,463,637
35M40S_1678088140_11_jpg.rf.7fcd650322ecd11642f21fe1e58101e2.jpg,1678088140,sweatshirt,black,172,131,624,584
35M40S_1678088140_1_jpg.rf.8c38c01299fb32822d0cf03888c94d09.jpg,1678088140,sweatshirt,black,0,257,733,537
35M40S_1678088140_21_jpg.rf.27f23014ffe27384ce761784c1b69804.jpg,1678088140,sweatshirt,black,0,364,756,720
35M40S_1678088140_7_jpg.rf.cf045b5d9c90f14f9474ea3c10a77617.jpg,1678088140,sweatshirt,black,0,298,567,648
35M40S_1678106140_0_jpg.rf.a40f8676c0458c7e2dba3018d5439a6b.jpg,1678106140,sweatshirt,brown,0,271,632,719
35M40S_1678106140_10_jpg.rf.4c79dd4f9e3b795f0d1a93c375385a42.jpg,1678106140,sweatshirt,brown,0,338,750,720
35M40S_1678106140_18_jpg.rf.d41f3c8b45d00cf495272a76326fbacb.jpg,1678106140,sweatshirt,brown,0,261,637,561
35M40S_1678106140_21_jpg.rf.0fc65f17402ef8af6be762236e1d1458.jpg,1678106140,sweatshirt,brown,0,300,637,569
35M40S_1678106140_30_jpg.rf.0dfb4c6259251d175195530cac141ea4.jpg,1678106140,sweatshirt,brown,0,292,568,694
35M40S_1678106140_31_jpg.rf.36b827b1f4336a3458e67adf3d468089.jpg,1678106140,sweatshirt,brown,0,157,592,691
35M40S_1678106140_36_jpg.rf.2bcebae7876f7922a9776294161e9f8a.jpg,1678106140,sweatshirt,brown,173,162,646,548
35M40S_1678106140_4_jpg.rf.f343c4baed0ec07adf152bc1453d8c34.jpg,1678106140,sweatshirt,brown,11,307,602,719
35M40S_1678109740_2_jpg.rf.8bb80586c5b2715e0b08893b31e3c22f.jpg,1678109740,sweatshirt,brown,0,273,744,547
35M40S_1678109740_35_jpg.rf.8502aaa222f85a7b5282bc6fcdb451e9.jpg,1678109740,sweatshirt,brown,0,308,498,720
35M40S_1678109740_42_jpg.rf.8cdb30e76fd16fbb6a702b16923c5207.jpg,1678109740,sweatshirt,brown,200,298,710,720
35M40S_1678109740_46_jpg.rf.377ee3dee489984a14cc0ad164764c7c.jpg,1678109740,sweatshirt,brown,166,298,709,720
35M40S_1678109740_47_jpg.rf.4f98936ccf499737687904680d3369d9.jpg,1678109740,sweatshirt,brown,165,295,710,719
35M40S_1678109740_52_jpg.rf.7f146514031f55c3cb5f85f4bcb46e2c.jpg,1678109740,sweatshirt,brown,173,298,710,720
35M40S_1678109740_56_jpg.rf.5b8c6a4967c443d73f100cb3ebaf5078.jpg,1678109740,sweatshirt,brown,0,293,618,646
35M40S_1678109740_57_jpg.rf.4e2b62a5553681a7ec123883fa3770b4.jpg,1678109740,sweatshirt,brown,0,228,710,553
43M52S_1678171432_10_jpg.rf.2e0e3c6a9e129ecb1658efdab8720126.jpg,1678171432,sweatshirt,pink,0,273,807,594
43M52S_1678171432_13_jpg.rf.19beb65bacde169efe990a907a9f36ef.jpg,1678171432,sweatshirt,pink,4,320,603,720
43M52S_1678171432_20_jpg.rf.f8d0f4646fa68a8a9a59e1bf2156fb0b.jpg,1678171432,sweatshirt,pink,0,286,796,593
43M52S_1678171432_2_jpg.rf.7a3c79f78ed33ec72b8fc19f43aeed9f.jpg,1678171432,sweatshirt,pink,0,274,808,595
43M52S_1678171432_43_jpg.rf.8d5ba47cc950b959fac016bc86656ffc.jpg,1678171432,sweatshirt,pink,36,301,824,548
43M52S_1678171432_46_jpg.rf.8d73ac51ad9d33a9558a4efb385eb223.jpg,1678171432,sweatshirt,pink,35,303,825,553
43M52S_1678171432_4_jpg.rf.6810d3aecd618daedd69ca2e8f02a9e0.jpg,1678171432,sweatshirt,pink,62,249,806,719
43M52S_1678171432_7_jpg.rf.ca6562a4ab28709638a9cb3981332e71.jpg,1678171432,sweatshirt,pink,0,56,804,720
43M52S_1678175032_2_jpg.rf.9e53638bd7d6a9837dc929196fac00f9.jpg,1678175032,tshirt,white,5,311,639,719
43M52S_1678175032_32_jpg.rf.d23ad68092380b410168618044fdfaca.jpg,1678175032,tshirt,white,47,305,670,571
43M52S_1678175032_46_jpg.rf.7794948442686b82263519207c04dc00.jpg,1678175032,tshirt,white,221,12,655,420
43M52S_1678175032_55_jpg.rf.5e7d64eebadf9bd31ce78443459a8f4f.jpg,1678175032,tshirt,white,13,0,477,310
43M52S_1678182232_37_jpg.rf.59ef5e3d2b59934b11d978d0adb08322.jpg,1678182232,tshirt,white,175,303,643,507
43M52S_1678189432_12_jpg.rf.7092311bb730732e92a1046a5727b37c.jpg,1678189432,tshirt,nude,49,303,781,617
43M52S_1678189432_34_jpg.rf.40d6521e1b62eac5beed9776a0c90676.jpg,1678189432,tshirt,nude,113,304,828,605
43M52S_1678189432_39_jpg.rf.86583b679ba8df0a6cab21ceaa886027.jpg,1678189432,tshirt,nude,0,154,783,578
43M52S_1678189432_41_jpg.rf.3428a58ac7cc6dc77dc4409bfb8ca3c9.jpg,1678189432,tshirt,nude,263,21,745,465
43M52S_1678189432_53_jpg.rf.d782891613e9958334adfccf9939c876.jpg,1678189432,tshirt,nude,225,0,785,300
43M52S_1678193032_12_jpg.rf.8cce0fac39f4aa89318cff7828f57175.jpg,1678193032,tshirt,nude,105,304,707,720
43M52S_1678193032_14_jpg.rf.b70f05adaef2e795ba0855856dde1bda.jpg,1678193032,tshirt,nude,103,308,707,720
43M52S_1678193032_5_jpg.rf.45e741fe2a26ec2365470314f5ca002d.jpg,1678193032,tshirt,nude,93,338,697,720
44M40S_1678081480_1_jpg.rf.5c743b509e396344918109e69a238e05.jpg,1678081480,sweatshirt,brown,0,328,579,720
44M40S_1678081480_28_jpg.rf.160d65bc9a7fe2081ec299185b2f95a2.jpg,1678081480,sweatshirt,brown,0,270,474,720
44M40S_1678081480_40_jpg.rf.492d97bc4d4abf6af861a9796facf9ea.jpg,1678081480,sweatshirt,brown,90,247,666,719
44M40S_1678081480_43_jpg.rf.744859226ea7a34d508c049aa04cd85e.jpg,1678081480,sweatshirt,brown,0,224,491,720
44M40S_1678081480_46_jpg.rf.44eeabeb414ee9d661b1f05791eafb93.jpg,1678081480,sweatshirt,brown,0,321,580,719
44M40S_1678088680_4_jpg.rf.93a9004dff197eae1ef1b1db8f79667b.jpg,1678088680,sweatshirt,black,225,296,747,720
44M40S_1678088680_6_jpg.rf.b13c7a57b60523af3cd43531c65f25a9.jpg,1678088680,sweatshirt,black,15,289,636,719
44M40S_1678106680_0_jpg.rf.c9a34090ef79720ad34e438de7b3b190.jpg,1678106680,sweatshirt,brown,150,294,766,720
44M40S_1678106680_3_jpg.rf.454f51738af62bab1717213cb6669ac7.jpg,1678106680,sweatshirt,brown,0,283,655,629
44M40S_1678110280_1_jpg.rf.8b12a26f7ed5fa1645f23320945104eb.jpg,1678110280,sweatshirt,brown,13,288,825,587
44M49S_1678369489_12_jpg.rf.fa3184dcc7eb637baea8852a14472b97.jpg,1678369489,tshirt,black,534,144,1011,476
45M52S_1678167952_31_jpg.rf.9448e1118fc7a006ee8b3d6993b92f3c.jpg,1678167952,sweatshirt,pink,0,276,774,720
45M52S_1678167952_43_jpg.rf.75cc56cc3cd4138f2339918fee68406a.jpg,1678167952,sweatshirt,pink,0,318,772,720
45M52S_1678167952_48_jpg.rf.97363cfb46f552f828df1bba448529dd.jpg,1678167952,sweatshirt,pink,202,295,697,613
45M52S_1678171552_10_jpg.rf.168e842c50908efa2291445bd1b2386f.jpg,1678171552,sweatshirt,pink,0,300,861,562
45M52S_1678171552_15_jpg.rf.ee5eecc13a0c1a1ea94b40bedeaf411d.jpg,1678171552,sweatshirt,pink,0,302,724,720
45M52S_1678171552_21_jpg.rf.0fb74334923b2a6cd6abe0af0b568594.jpg,1678171552,sweatshirt,pink,0,301,860,565
45M52S_1678171552_22_jpg.rf.f7aa5f7d00b6113cd49365cb3e04c1f5.jpg,1678171552,sweatshirt,pink,0,302,860,570
45M52S_1678171552_59_jpg.rf.7ad2d69ff1bb809fdfdb06e34bb8b788.jpg,1678171552,sweatshirt,pink,0,86,642,720
45M52S_1678171552_5_jpg.rf.50a0e5a4abae3075bf42807a7990111c.jpg,1678171552,sweatshirt,pink,42,300,658,720
45M52S_1678171552_7_jpg.rf.cdb1e9b14bfc03b6df310550ece9fd5e.jpg,1678171552,sweatshirt,pink,51,301,660,719
45M52S_1678171552_9_jpg.rf.e4f64db386ba5f05e7c744c3695b3f58.jpg,1678171552,sweatshirt,pink,149,26,719,720
